13:10:14 INFO  : Registering command handlers for SDK TCF services
13:10:15 INFO  : Launching XSCT server: xsct.bat -interactive C:\COSMOS_KJH\CosmosPlus_Cluster\CosmosPlus_DFTL_Cluster_DTRIM_Cache\CDTRIM\Build\CDTRIM\temp_xsdb_launch_script.tcl
13:10:17 INFO  : XSCT server has started successfully.
13:10:17 INFO  : Successfully done setting XSCT server connection channel  
13:10:17 INFO  : Successfully done setting SDK workspace  
13:10:41 INFO  : Project 'system_hw_platform_0' created. You can now create BSPs and application projects targeting this hardware platform.
11:44:52 INFO  : Registering command handlers for SDK TCF services
11:44:53 INFO  : Launching XSCT server: xsct.bat -interactive C:\COSMOS_KJH\CosmosPlus_Cluster\CosmosPlus_DFTL_Cluster_DTRIM\CDTRIM\Build\CDTRIM\temp_xsdb_launch_script.tcl
11:44:55 INFO  : XSCT server has started successfully.
11:44:55 INFO  : Successfully done setting XSCT server connection channel  
11:44:56 INFO  : Successfully done setting SDK workspace  
11:47:43 INFO  : Connected to target on host '127.0.0.1' and port '3121'.
11:47:44 INFO  : Jtag cable 'Digilent JTAG-SMT2 210251A543E7' is selected.
11:47:44 INFO  : 'jtag frequency' command is executed.
11:47:44 INFO  : Sourcing of 'C:/COSMOS_KJH/CosmosPlus_Cluster/CosmosPlus_DFTL_Cluster_DTRIM/CDTRIM/Build/CDTRIM/system_hw_platform_0/ps7_init.tcl' is done.
11:47:44 INFO  : Context for 'APU' is selected.
11:47:44 INFO  : System reset is completed.
11:47:47 INFO  : 'after 3000' command is executed.
11:47:47 INFO  : 'targets -set -filter {jtag_cable_name =~ "Digilent JTAG-SMT2 210251A543E7" && level==0} -index 1' command is executed.
11:47:55 INFO  : FPGA configured successfully with bitstream "C:/COSMOS_KJH/CosmosPlus_Cluster/CosmosPlus_DFTL_Cluster_DTRIM/CDTRIM/Build/CDTRIM/system_hw_platform_0/OpenSSD2.bit"
11:47:55 INFO  : Context for 'APU' is selected.
11:47:55 INFO  : Hardware design information is loaded from 'C:/COSMOS_KJH/CosmosPlus_Cluster/CosmosPlus_DFTL_Cluster_DTRIM/CDTRIM/Build/CDTRIM/system_hw_platform_0/system.hdf'.
11:47:55 INFO  : 'configparams force-mem-access 1' command is executed.
11:47:55 INFO  : Context for 'APU' is selected.
11:47:55 INFO  : 'ps7_init' command is executed.
11:47:55 INFO  : 'ps7_post_config' command is executed.
11:47:55 INFO  : Context for processor 'ps7_cortexa9_0' is selected.
11:47:56 INFO  : The application 'C:/COSMOS_KJH/CosmosPlus_Cluster/CosmosPlus_DFTL_Cluster_DTRIM/CDTRIM/Build/CDTRIM/CDTRIM_CACHE/Debug/CDTRIM_CACHE.elf' is downloaded to processor 'ps7_cortexa9_0'.
11:47:56 INFO  : 'configparams force-mem-access 0' command is executed.
11:47:56 INFO  : ----------------XSDB Script----------------
connect -url tcp:127.0.0.1:3121
source C:/COSMOS_KJH/CosmosPlus_Cluster/CosmosPlus_DFTL_Cluster_DTRIM/CDTRIM/Build/CDTRIM/system_hw_platform_0/ps7_init.tcl
targets -set -nocase -filter {name =~"APU*" && jtag_cable_name =~ "Digilent JTAG-SMT2 210251A543E7"} -index 0
rst -system
after 3000
targets -set -filter {jtag_cable_name =~ "Digilent JTAG-SMT2 210251A543E7" && level==0} -index 1
fpga -file C:/COSMOS_KJH/CosmosPlus_Cluster/CosmosPlus_DFTL_Cluster_DTRIM/CDTRIM/Build/CDTRIM/system_hw_platform_0/OpenSSD2.bit
targets -set -nocase -filter {name =~"APU*" && jtag_cable_name =~ "Digilent JTAG-SMT2 210251A543E7"} -index 0
loadhw -hw C:/COSMOS_KJH/CosmosPlus_Cluster/CosmosPlus_DFTL_Cluster_DTRIM/CDTRIM/Build/CDTRIM/system_hw_platform_0/system.hdf -mem-ranges [list {0x40000000 0xbfffffff}]
configparams force-mem-access 1
targets -set -nocase -filter {name =~"APU*" && jtag_cable_name =~ "Digilent JTAG-SMT2 210251A543E7"} -index 0
ps7_init
ps7_post_config
targets -set -nocase -filter {name =~ "ARM*#0" && jtag_cable_name =~ "Digilent JTAG-SMT2 210251A543E7"} -index 0
dow C:/COSMOS_KJH/CosmosPlus_Cluster/CosmosPlus_DFTL_Cluster_DTRIM/CDTRIM/Build/CDTRIM/CDTRIM_CACHE/Debug/CDTRIM_CACHE.elf
configparams force-mem-access 0
----------------End of Script----------------

11:47:56 INFO  : Memory regions updated for context APU
11:47:56 INFO  : Context for processor 'ps7_cortexa9_0' is selected.
11:47:56 INFO  : 'con' command is executed.
11:47:56 INFO  : ----------------XSDB Script (After Launch)----------------
targets -set -nocase -filter {name =~ "ARM*#0" && jtag_cable_name =~ "Digilent JTAG-SMT2 210251A543E7"} -index 0
con
----------------End of Script----------------

11:47:56 INFO  : Launch script is exported to file 'C:\COSMOS_KJH\CosmosPlus_Cluster\CosmosPlus_DFTL_Cluster_DTRIM\CDTRIM\Build\CDTRIM\.sdk\launch_scripts\xilinx_c-c++_application_(system_debugger)\system_debugger_using_debug_cdtrim_cache.elf_on_local.tcl'
17:41:32 INFO  : Disconnected from the channel tcfchan#1.
19:15:24 INFO  : Registering command handlers for SDK TCF services
19:15:25 INFO  : Launching XSCT server: xsct.bat -interactive C:\COSMOS_KJH\CosmosPlus_Cluster\CosmosPlus_DFTL_Cluster_DTRIM\CDTRIM\Build\CDTRIM\temp_xsdb_launch_script.tcl
19:15:29 INFO  : XSCT server has started successfully.
19:15:29 INFO  : Successfully done setting XSCT server connection channel  
19:15:33 INFO  : Successfully done setting SDK workspace  
19:37:07 INFO  : Connected to target on host '127.0.0.1' and port '3121'.
19:37:08 INFO  : Jtag cable 'Digilent JTAG-SMT2 210251A543E7' is selected.
19:37:08 INFO  : 'jtag frequency' command is executed.
19:37:08 INFO  : Sourcing of 'C:/COSMOS_KJH/CosmosPlus_Cluster/CosmosPlus_DFTL_Cluster_DTRIM/CDTRIM/Build/CDTRIM/system_hw_platform_0/ps7_init.tcl' is done.
19:37:08 INFO  : Context for 'APU' is selected.
19:37:08 INFO  : System reset is completed.
19:37:11 INFO  : 'after 3000' command is executed.
19:37:11 INFO  : 'targets -set -filter {jtag_cable_name =~ "Digilent JTAG-SMT2 210251A543E7" && level==0} -index 1' command is executed.
19:37:18 INFO  : FPGA configured successfully with bitstream "C:/COSMOS_KJH/CosmosPlus_Cluster/CosmosPlus_DFTL_Cluster_DTRIM/CDTRIM/Build/CDTRIM/system_hw_platform_0/OpenSSD2.bit"
19:37:19 INFO  : Context for 'APU' is selected.
19:37:19 INFO  : Hardware design information is loaded from 'C:/COSMOS_KJH/CosmosPlus_Cluster/CosmosPlus_DFTL_Cluster_DTRIM/CDTRIM/Build/CDTRIM/system_hw_platform_0/system.hdf'.
19:37:19 INFO  : 'configparams force-mem-access 1' command is executed.
19:37:19 INFO  : Context for 'APU' is selected.
19:37:19 INFO  : 'ps7_init' command is executed.
19:37:19 INFO  : 'ps7_post_config' command is executed.
19:37:19 INFO  : Context for processor 'ps7_cortexa9_0' is selected.
19:37:19 INFO  : The application 'C:/COSMOS_KJH/CosmosPlus_Cluster/CosmosPlus_DFTL_Cluster_DTRIM/CDTRIM/Build/CDTRIM/CDTRIM_CACHE/Debug/CDTRIM_CACHE.elf' is downloaded to processor 'ps7_cortexa9_0'.
19:37:19 INFO  : 'configparams force-mem-access 0' command is executed.
19:37:19 INFO  : ----------------XSDB Script----------------
connect -url tcp:127.0.0.1:3121
source C:/COSMOS_KJH/CosmosPlus_Cluster/CosmosPlus_DFTL_Cluster_DTRIM/CDTRIM/Build/CDTRIM/system_hw_platform_0/ps7_init.tcl
targets -set -nocase -filter {name =~"APU*" && jtag_cable_name =~ "Digilent JTAG-SMT2 210251A543E7"} -index 0
rst -system
after 3000
targets -set -filter {jtag_cable_name =~ "Digilent JTAG-SMT2 210251A543E7" && level==0} -index 1
fpga -file C:/COSMOS_KJH/CosmosPlus_Cluster/CosmosPlus_DFTL_Cluster_DTRIM/CDTRIM/Build/CDTRIM/system_hw_platform_0/OpenSSD2.bit
targets -set -nocase -filter {name =~"APU*" && jtag_cable_name =~ "Digilent JTAG-SMT2 210251A543E7"} -index 0
loadhw -hw C:/COSMOS_KJH/CosmosPlus_Cluster/CosmosPlus_DFTL_Cluster_DTRIM/CDTRIM/Build/CDTRIM/system_hw_platform_0/system.hdf -mem-ranges [list {0x40000000 0xbfffffff}]
configparams force-mem-access 1
targets -set -nocase -filter {name =~"APU*" && jtag_cable_name =~ "Digilent JTAG-SMT2 210251A543E7"} -index 0
ps7_init
ps7_post_config
targets -set -nocase -filter {name =~ "ARM*#0" && jtag_cable_name =~ "Digilent JTAG-SMT2 210251A543E7"} -index 0
dow C:/COSMOS_KJH/CosmosPlus_Cluster/CosmosPlus_DFTL_Cluster_DTRIM/CDTRIM/Build/CDTRIM/CDTRIM_CACHE/Debug/CDTRIM_CACHE.elf
configparams force-mem-access 0
----------------End of Script----------------

19:37:20 INFO  : Memory regions updated for context APU
19:37:20 INFO  : Context for processor 'ps7_cortexa9_0' is selected.
19:37:20 INFO  : 'con' command is executed.
19:37:20 INFO  : ----------------XSDB Script (After Launch)----------------
targets -set -nocase -filter {name =~ "ARM*#0" && jtag_cable_name =~ "Digilent JTAG-SMT2 210251A543E7"} -index 0
con
----------------End of Script----------------

19:37:20 INFO  : Launch script is exported to file 'C:\COSMOS_KJH\CosmosPlus_Cluster\CosmosPlus_DFTL_Cluster_DTRIM\CDTRIM\Build\CDTRIM\.sdk\launch_scripts\xilinx_c-c++_application_(system_debugger)\system_debugger_using_debug_cdtrim_cache.elf_on_local.tcl'
20:07:42 INFO  : Disconnected from the channel tcfchan#1.
20:07:43 INFO  : Connected to target on host '127.0.0.1' and port '3121'.
20:07:43 INFO  : Jtag cable 'Digilent JTAG-SMT2 210251A543E7' is selected.
20:07:43 INFO  : 'jtag frequency' command is executed.
20:07:43 INFO  : Sourcing of 'C:/COSMOS_KJH/CosmosPlus_Cluster/CosmosPlus_DFTL_Cluster_DTRIM/CDTRIM/Build/CDTRIM/system_hw_platform_0/ps7_init.tcl' is done.
20:07:43 INFO  : Context for 'APU' is selected.
20:07:43 INFO  : System reset is completed.
20:07:46 INFO  : 'after 3000' command is executed.
20:07:47 INFO  : 'targets -set -filter {jtag_cable_name =~ "Digilent JTAG-SMT2 210251A543E7" && level==0} -index 1' command is executed.
20:07:54 INFO  : FPGA configured successfully with bitstream "C:/COSMOS_KJH/CosmosPlus_Cluster/CosmosPlus_DFTL_Cluster_DTRIM/CDTRIM/Build/CDTRIM/system_hw_platform_0/OpenSSD2.bit"
20:07:54 INFO  : Context for 'APU' is selected.
20:07:59 INFO  : Hardware design information is loaded from 'C:/COSMOS_KJH/CosmosPlus_Cluster/CosmosPlus_DFTL_Cluster_DTRIM/CDTRIM/Build/CDTRIM/system_hw_platform_0/system.hdf'.
20:07:59 INFO  : 'configparams force-mem-access 1' command is executed.
20:07:59 INFO  : Context for 'APU' is selected.
20:08:00 INFO  : 'ps7_init' command is executed.
20:08:00 INFO  : 'ps7_post_config' command is executed.
20:08:00 INFO  : Context for processor 'ps7_cortexa9_0' is selected.
20:08:00 INFO  : The application 'C:/COSMOS_KJH/CosmosPlus_Cluster/CosmosPlus_DFTL_Cluster_DTRIM/CDTRIM/Build/CDTRIM/CDTRIM_CACHE/Debug/CDTRIM_CACHE.elf' is downloaded to processor 'ps7_cortexa9_0'.
20:08:00 INFO  : 'configparams force-mem-access 0' command is executed.
20:08:00 INFO  : ----------------XSDB Script----------------
connect -url tcp:127.0.0.1:3121
source C:/COSMOS_KJH/CosmosPlus_Cluster/CosmosPlus_DFTL_Cluster_DTRIM/CDTRIM/Build/CDTRIM/system_hw_platform_0/ps7_init.tcl
targets -set -nocase -filter {name =~"APU*" && jtag_cable_name =~ "Digilent JTAG-SMT2 210251A543E7"} -index 0
rst -system
after 3000
targets -set -filter {jtag_cable_name =~ "Digilent JTAG-SMT2 210251A543E7" && level==0} -index 1
fpga -file C:/COSMOS_KJH/CosmosPlus_Cluster/CosmosPlus_DFTL_Cluster_DTRIM/CDTRIM/Build/CDTRIM/system_hw_platform_0/OpenSSD2.bit
targets -set -nocase -filter {name =~"APU*" && jtag_cable_name =~ "Digilent JTAG-SMT2 210251A543E7"} -index 0
loadhw -hw C:/COSMOS_KJH/CosmosPlus_Cluster/CosmosPlus_DFTL_Cluster_DTRIM/CDTRIM/Build/CDTRIM/system_hw_platform_0/system.hdf -mem-ranges [list {0x40000000 0xbfffffff}]
configparams force-mem-access 1
targets -set -nocase -filter {name =~"APU*" && jtag_cable_name =~ "Digilent JTAG-SMT2 210251A543E7"} -index 0
ps7_init
ps7_post_config
targets -set -nocase -filter {name =~ "ARM*#0" && jtag_cable_name =~ "Digilent JTAG-SMT2 210251A543E7"} -index 0
dow C:/COSMOS_KJH/CosmosPlus_Cluster/CosmosPlus_DFTL_Cluster_DTRIM/CDTRIM/Build/CDTRIM/CDTRIM_CACHE/Debug/CDTRIM_CACHE.elf
configparams force-mem-access 0
----------------End of Script----------------

20:08:00 INFO  : Memory regions updated for context APU
20:08:00 INFO  : Context for processor 'ps7_cortexa9_0' is selected.
20:08:00 INFO  : 'con' command is executed.
20:08:00 INFO  : ----------------XSDB Script (After Launch)----------------
targets -set -nocase -filter {name =~ "ARM*#0" && jtag_cable_name =~ "Digilent JTAG-SMT2 210251A543E7"} -index 0
con
----------------End of Script----------------

20:08:00 INFO  : Launch script is exported to file 'C:\COSMOS_KJH\CosmosPlus_Cluster\CosmosPlus_DFTL_Cluster_DTRIM\CDTRIM\Build\CDTRIM\.sdk\launch_scripts\xilinx_c-c++_application_(system_debugger)\system_debugger_using_debug_cdtrim_cache.elf_on_local.tcl'
20:28:04 INFO  : Disconnected from the channel tcfchan#2.
20:28:05 INFO  : Connected to target on host '127.0.0.1' and port '3121'.
20:28:05 INFO  : Jtag cable 'Digilent JTAG-SMT2 210251A543E7' is selected.
20:28:05 INFO  : 'jtag frequency' command is executed.
20:28:05 INFO  : Sourcing of 'C:/COSMOS_KJH/CosmosPlus_Cluster/CosmosPlus_DFTL_Cluster_DTRIM/CDTRIM/Build/CDTRIM/system_hw_platform_0/ps7_init.tcl' is done.
20:28:05 INFO  : Context for 'APU' is selected.
20:28:05 INFO  : System reset is completed.
20:28:08 INFO  : 'after 3000' command is executed.
20:28:08 INFO  : 'targets -set -filter {jtag_cable_name =~ "Digilent JTAG-SMT2 210251A543E7" && level==0} -index 1' command is executed.
20:28:16 INFO  : FPGA configured successfully with bitstream "C:/COSMOS_KJH/CosmosPlus_Cluster/CosmosPlus_DFTL_Cluster_DTRIM/CDTRIM/Build/CDTRIM/system_hw_platform_0/OpenSSD2.bit"
20:28:16 INFO  : Context for 'APU' is selected.
20:28:21 INFO  : Hardware design information is loaded from 'C:/COSMOS_KJH/CosmosPlus_Cluster/CosmosPlus_DFTL_Cluster_DTRIM/CDTRIM/Build/CDTRIM/system_hw_platform_0/system.hdf'.
20:28:21 INFO  : 'configparams force-mem-access 1' command is executed.
20:28:21 INFO  : Context for 'APU' is selected.
20:28:22 INFO  : 'ps7_init' command is executed.
20:28:22 INFO  : 'ps7_post_config' command is executed.
20:28:22 INFO  : Context for processor 'ps7_cortexa9_0' is selected.
20:28:22 INFO  : The application 'C:/COSMOS_KJH/CosmosPlus_Cluster/CosmosPlus_DFTL_Cluster_DTRIM/CDTRIM/Build/CDTRIM/CDTRIM_CACHE/Debug/CDTRIM_CACHE.elf' is downloaded to processor 'ps7_cortexa9_0'.
20:28:22 INFO  : 'configparams force-mem-access 0' command is executed.
20:28:22 INFO  : ----------------XSDB Script----------------
connect -url tcp:127.0.0.1:3121
source C:/COSMOS_KJH/CosmosPlus_Cluster/CosmosPlus_DFTL_Cluster_DTRIM/CDTRIM/Build/CDTRIM/system_hw_platform_0/ps7_init.tcl
targets -set -nocase -filter {name =~"APU*" && jtag_cable_name =~ "Digilent JTAG-SMT2 210251A543E7"} -index 0
rst -system
after 3000
targets -set -filter {jtag_cable_name =~ "Digilent JTAG-SMT2 210251A543E7" && level==0} -index 1
fpga -file C:/COSMOS_KJH/CosmosPlus_Cluster/CosmosPlus_DFTL_Cluster_DTRIM/CDTRIM/Build/CDTRIM/system_hw_platform_0/OpenSSD2.bit
targets -set -nocase -filter {name =~"APU*" && jtag_cable_name =~ "Digilent JTAG-SMT2 210251A543E7"} -index 0
loadhw -hw C:/COSMOS_KJH/CosmosPlus_Cluster/CosmosPlus_DFTL_Cluster_DTRIM/CDTRIM/Build/CDTRIM/system_hw_platform_0/system.hdf -mem-ranges [list {0x40000000 0xbfffffff}]
configparams force-mem-access 1
targets -set -nocase -filter {name =~"APU*" && jtag_cable_name =~ "Digilent JTAG-SMT2 210251A543E7"} -index 0
ps7_init
ps7_post_config
targets -set -nocase -filter {name =~ "ARM*#0" && jtag_cable_name =~ "Digilent JTAG-SMT2 210251A543E7"} -index 0
dow C:/COSMOS_KJH/CosmosPlus_Cluster/CosmosPlus_DFTL_Cluster_DTRIM/CDTRIM/Build/CDTRIM/CDTRIM_CACHE/Debug/CDTRIM_CACHE.elf
configparams force-mem-access 0
----------------End of Script----------------

20:28:22 INFO  : Memory regions updated for context APU
20:28:22 INFO  : Context for processor 'ps7_cortexa9_0' is selected.
20:28:22 INFO  : 'con' command is executed.
20:28:22 INFO  : ----------------XSDB Script (After Launch)----------------
targets -set -nocase -filter {name =~ "ARM*#0" && jtag_cable_name =~ "Digilent JTAG-SMT2 210251A543E7"} -index 0
con
----------------End of Script----------------

20:28:22 INFO  : Launch script is exported to file 'C:\COSMOS_KJH\CosmosPlus_Cluster\CosmosPlus_DFTL_Cluster_DTRIM\CDTRIM\Build\CDTRIM\.sdk\launch_scripts\xilinx_c-c++_application_(system_debugger)\system_debugger_using_debug_cdtrim_cache.elf_on_local.tcl'
23:32:09 INFO  : Disconnected from the channel tcfchan#3.
10:02:16 INFO  : Registering command handlers for SDK TCF services
10:02:17 INFO  : Launching XSCT server: xsct.bat -interactive C:\COSMOS_KJH\CosmosPlus_Cluster\CosmosPlus_DFTL_Cluster_DTRIM\CDTRIM\Build\CDTRIM\temp_xsdb_launch_script.tcl
10:02:21 INFO  : XSCT server has started successfully.
10:02:26 INFO  : Successfully done setting XSCT server connection channel  
10:02:26 INFO  : Successfully done setting SDK workspace  
18:04:20 INFO  : Registering command handlers for SDK TCF services
18:04:21 INFO  : Launching XSCT server: xsct.bat -interactive C:\COSMOS_KJH\CosmosPlus_Cluster\CosmosPlus_DFTL_Cluster_DTRIM\CDTRIM\Build\CDTRIM\temp_xsdb_launch_script.tcl
18:04:25 INFO  : XSCT server has started successfully.
18:04:25 INFO  : Successfully done setting XSCT server connection channel  
18:04:30 INFO  : Successfully done setting SDK workspace  
18:19:14 INFO  : Connected to target on host '127.0.0.1' and port '3121'.
18:19:20 INFO  : Jtag cable 'Digilent JTAG-SMT2 210251A543E7' is selected.
18:19:20 INFO  : 'jtag frequency' command is executed.
18:19:20 INFO  : Sourcing of 'C:/COSMOS_KJH/CosmosPlus_Cluster/CosmosPlus_DFTL_Cluster_DTRIM/CDTRIM/Build/CDTRIM/system_hw_platform_0/ps7_init.tcl' is done.
18:19:21 INFO  : Context for 'APU' is selected.
18:19:21 INFO  : System reset is completed.
18:19:24 INFO  : 'after 3000' command is executed.
18:19:24 INFO  : 'targets -set -filter {jtag_cable_name =~ "Digilent JTAG-SMT2 210251A543E7" && level==0} -index 1' command is executed.
18:19:31 INFO  : FPGA configured successfully with bitstream "C:/COSMOS_KJH/CosmosPlus_Cluster/CosmosPlus_DFTL_Cluster_DTRIM/CDTRIM/Build/CDTRIM/system_hw_platform_0/OpenSSD2.bit"
18:19:31 INFO  : Context for 'APU' is selected.
18:19:32 INFO  : Hardware design information is loaded from 'C:/COSMOS_KJH/CosmosPlus_Cluster/CosmosPlus_DFTL_Cluster_DTRIM/CDTRIM/Build/CDTRIM/system_hw_platform_0/system.hdf'.
18:19:32 INFO  : 'configparams force-mem-access 1' command is executed.
18:19:32 INFO  : Context for 'APU' is selected.
18:19:32 INFO  : 'ps7_init' command is executed.
18:19:32 INFO  : 'ps7_post_config' command is executed.
18:19:32 INFO  : Context for processor 'ps7_cortexa9_0' is selected.
18:19:32 INFO  : The application 'C:/COSMOS_KJH/CosmosPlus_Cluster/CosmosPlus_DFTL_Cluster_DTRIM/CDTRIM/Build/CDTRIM/CDTRIM_CACHE/Debug/CDTRIM_CACHE.elf' is downloaded to processor 'ps7_cortexa9_0'.
18:19:32 INFO  : 'configparams force-mem-access 0' command is executed.
18:19:32 INFO  : ----------------XSDB Script----------------
connect -url tcp:127.0.0.1:3121
source C:/COSMOS_KJH/CosmosPlus_Cluster/CosmosPlus_DFTL_Cluster_DTRIM/CDTRIM/Build/CDTRIM/system_hw_platform_0/ps7_init.tcl
targets -set -nocase -filter {name =~"APU*" && jtag_cable_name =~ "Digilent JTAG-SMT2 210251A543E7"} -index 0
rst -system
after 3000
targets -set -filter {jtag_cable_name =~ "Digilent JTAG-SMT2 210251A543E7" && level==0} -index 1
fpga -file C:/COSMOS_KJH/CosmosPlus_Cluster/CosmosPlus_DFTL_Cluster_DTRIM/CDTRIM/Build/CDTRIM/system_hw_platform_0/OpenSSD2.bit
targets -set -nocase -filter {name =~"APU*" && jtag_cable_name =~ "Digilent JTAG-SMT2 210251A543E7"} -index 0
loadhw -hw C:/COSMOS_KJH/CosmosPlus_Cluster/CosmosPlus_DFTL_Cluster_DTRIM/CDTRIM/Build/CDTRIM/system_hw_platform_0/system.hdf -mem-ranges [list {0x40000000 0xbfffffff}]
configparams force-mem-access 1
targets -set -nocase -filter {name =~"APU*" && jtag_cable_name =~ "Digilent JTAG-SMT2 210251A543E7"} -index 0
ps7_init
ps7_post_config
targets -set -nocase -filter {name =~ "ARM*#0" && jtag_cable_name =~ "Digilent JTAG-SMT2 210251A543E7"} -index 0
dow C:/COSMOS_KJH/CosmosPlus_Cluster/CosmosPlus_DFTL_Cluster_DTRIM/CDTRIM/Build/CDTRIM/CDTRIM_CACHE/Debug/CDTRIM_CACHE.elf
configparams force-mem-access 0
----------------End of Script----------------

18:19:33 INFO  : Memory regions updated for context APU
18:19:33 INFO  : Context for processor 'ps7_cortexa9_0' is selected.
18:19:33 INFO  : 'con' command is executed.
18:19:33 INFO  : ----------------XSDB Script (After Launch)----------------
targets -set -nocase -filter {name =~ "ARM*#0" && jtag_cable_name =~ "Digilent JTAG-SMT2 210251A543E7"} -index 0
con
----------------End of Script----------------

18:19:33 INFO  : Launch script is exported to file 'C:\COSMOS_KJH\CosmosPlus_Cluster\CosmosPlus_DFTL_Cluster_DTRIM\CDTRIM\Build\CDTRIM\.sdk\launch_scripts\xilinx_c-c++_application_(system_debugger)\system_debugger_using_debug_cdtrim_cache.elf_on_local.tcl'
18:56:27 INFO  : Disconnected from the channel tcfchan#1.
18:56:28 INFO  : Connected to target on host '127.0.0.1' and port '3121'.
18:56:28 INFO  : Jtag cable 'Digilent JTAG-SMT2 210251A543E7' is selected.
18:56:28 INFO  : 'jtag frequency' command is executed.
18:56:28 INFO  : Sourcing of 'C:/COSMOS_KJH/CosmosPlus_Cluster/CosmosPlus_DFTL_Cluster_DTRIM/CDTRIM/Build/CDTRIM/system_hw_platform_0/ps7_init.tcl' is done.
18:56:28 INFO  : Context for 'APU' is selected.
18:56:28 INFO  : System reset is completed.
18:56:31 INFO  : 'after 3000' command is executed.
18:56:31 INFO  : 'targets -set -filter {jtag_cable_name =~ "Digilent JTAG-SMT2 210251A543E7" && level==0} -index 1' command is executed.
18:56:39 INFO  : FPGA configured successfully with bitstream "C:/COSMOS_KJH/CosmosPlus_Cluster/CosmosPlus_DFTL_Cluster_DTRIM/CDTRIM/Build/CDTRIM/system_hw_platform_0/OpenSSD2.bit"
18:56:39 INFO  : Context for 'APU' is selected.
18:56:44 INFO  : Hardware design information is loaded from 'C:/COSMOS_KJH/CosmosPlus_Cluster/CosmosPlus_DFTL_Cluster_DTRIM/CDTRIM/Build/CDTRIM/system_hw_platform_0/system.hdf'.
18:56:44 INFO  : 'configparams force-mem-access 1' command is executed.
18:56:44 INFO  : Context for 'APU' is selected.
18:56:44 INFO  : 'ps7_init' command is executed.
18:56:44 INFO  : 'ps7_post_config' command is executed.
18:56:44 INFO  : Context for processor 'ps7_cortexa9_0' is selected.
18:56:45 INFO  : The application 'C:/COSMOS_KJH/CosmosPlus_Cluster/CosmosPlus_DFTL_Cluster_DTRIM/CDTRIM/Build/CDTRIM/CDTRIM_CACHE/Debug/CDTRIM_CACHE.elf' is downloaded to processor 'ps7_cortexa9_0'.
18:56:45 INFO  : 'configparams force-mem-access 0' command is executed.
18:56:45 INFO  : ----------------XSDB Script----------------
connect -url tcp:127.0.0.1:3121
source C:/COSMOS_KJH/CosmosPlus_Cluster/CosmosPlus_DFTL_Cluster_DTRIM/CDTRIM/Build/CDTRIM/system_hw_platform_0/ps7_init.tcl
targets -set -nocase -filter {name =~"APU*" && jtag_cable_name =~ "Digilent JTAG-SMT2 210251A543E7"} -index 0
rst -system
after 3000
targets -set -filter {jtag_cable_name =~ "Digilent JTAG-SMT2 210251A543E7" && level==0} -index 1
fpga -file C:/COSMOS_KJH/CosmosPlus_Cluster/CosmosPlus_DFTL_Cluster_DTRIM/CDTRIM/Build/CDTRIM/system_hw_platform_0/OpenSSD2.bit
targets -set -nocase -filter {name =~"APU*" && jtag_cable_name =~ "Digilent JTAG-SMT2 210251A543E7"} -index 0
loadhw -hw C:/COSMOS_KJH/CosmosPlus_Cluster/CosmosPlus_DFTL_Cluster_DTRIM/CDTRIM/Build/CDTRIM/system_hw_platform_0/system.hdf -mem-ranges [list {0x40000000 0xbfffffff}]
configparams force-mem-access 1
targets -set -nocase -filter {name =~"APU*" && jtag_cable_name =~ "Digilent JTAG-SMT2 210251A543E7"} -index 0
ps7_init
ps7_post_config
targets -set -nocase -filter {name =~ "ARM*#0" && jtag_cable_name =~ "Digilent JTAG-SMT2 210251A543E7"} -index 0
dow C:/COSMOS_KJH/CosmosPlus_Cluster/CosmosPlus_DFTL_Cluster_DTRIM/CDTRIM/Build/CDTRIM/CDTRIM_CACHE/Debug/CDTRIM_CACHE.elf
configparams force-mem-access 0
----------------End of Script----------------

18:56:45 INFO  : Memory regions updated for context APU
18:56:45 INFO  : Context for processor 'ps7_cortexa9_0' is selected.
18:56:45 INFO  : 'con' command is executed.
18:56:45 INFO  : ----------------XSDB Script (After Launch)----------------
targets -set -nocase -filter {name =~ "ARM*#0" && jtag_cable_name =~ "Digilent JTAG-SMT2 210251A543E7"} -index 0
con
----------------End of Script----------------

18:56:45 INFO  : Launch script is exported to file 'C:\COSMOS_KJH\CosmosPlus_Cluster\CosmosPlus_DFTL_Cluster_DTRIM\CDTRIM\Build\CDTRIM\.sdk\launch_scripts\xilinx_c-c++_application_(system_debugger)\system_debugger_using_debug_cdtrim_cache.elf_on_local.tcl'
10:08:04 INFO  : Disconnected from the channel tcfchan#2.
10:08:05 INFO  : Connected to target on host '127.0.0.1' and port '3121'.
10:08:05 INFO  : Jtag cable 'Digilent JTAG-SMT2 210251A543E7' is selected.
10:08:05 INFO  : 'jtag frequency' command is executed.
10:08:05 INFO  : Sourcing of 'C:/COSMOS_KJH/CosmosPlus_Cluster/CosmosPlus_DFTL_Cluster_DTRIM/CDTRIM/Build/CDTRIM/system_hw_platform_0/ps7_init.tcl' is done.
10:08:05 INFO  : Context for 'APU' is selected.
10:08:05 INFO  : System reset is completed.
10:08:08 INFO  : 'after 3000' command is executed.
10:08:08 INFO  : 'targets -set -filter {jtag_cable_name =~ "Digilent JTAG-SMT2 210251A543E7" && level==0} -index 1' command is executed.
10:08:16 INFO  : FPGA configured successfully with bitstream "C:/COSMOS_KJH/CosmosPlus_Cluster/CosmosPlus_DFTL_Cluster_DTRIM/CDTRIM/Build/CDTRIM/system_hw_platform_0/OpenSSD2.bit"
10:08:16 INFO  : Context for 'APU' is selected.
10:08:22 INFO  : Hardware design information is loaded from 'C:/COSMOS_KJH/CosmosPlus_Cluster/CosmosPlus_DFTL_Cluster_DTRIM/CDTRIM/Build/CDTRIM/system_hw_platform_0/system.hdf'.
10:08:22 INFO  : 'configparams force-mem-access 1' command is executed.
10:08:22 INFO  : Context for 'APU' is selected.
10:08:22 INFO  : 'ps7_init' command is executed.
10:08:22 INFO  : 'ps7_post_config' command is executed.
10:08:22 INFO  : Context for processor 'ps7_cortexa9_0' is selected.
10:08:23 INFO  : The application 'C:/COSMOS_KJH/CosmosPlus_Cluster/CosmosPlus_DFTL_Cluster_DTRIM/CDTRIM/Build/CDTRIM/CDTRIM_CACHE/Debug/CDTRIM_CACHE.elf' is downloaded to processor 'ps7_cortexa9_0'.
10:08:23 INFO  : 'configparams force-mem-access 0' command is executed.
10:08:23 INFO  : ----------------XSDB Script----------------
connect -url tcp:127.0.0.1:3121
source C:/COSMOS_KJH/CosmosPlus_Cluster/CosmosPlus_DFTL_Cluster_DTRIM/CDTRIM/Build/CDTRIM/system_hw_platform_0/ps7_init.tcl
targets -set -nocase -filter {name =~"APU*" && jtag_cable_name =~ "Digilent JTAG-SMT2 210251A543E7"} -index 0
rst -system
after 3000
targets -set -filter {jtag_cable_name =~ "Digilent JTAG-SMT2 210251A543E7" && level==0} -index 1
fpga -file C:/COSMOS_KJH/CosmosPlus_Cluster/CosmosPlus_DFTL_Cluster_DTRIM/CDTRIM/Build/CDTRIM/system_hw_platform_0/OpenSSD2.bit
targets -set -nocase -filter {name =~"APU*" && jtag_cable_name =~ "Digilent JTAG-SMT2 210251A543E7"} -index 0
loadhw -hw C:/COSMOS_KJH/CosmosPlus_Cluster/CosmosPlus_DFTL_Cluster_DTRIM/CDTRIM/Build/CDTRIM/system_hw_platform_0/system.hdf -mem-ranges [list {0x40000000 0xbfffffff}]
configparams force-mem-access 1
targets -set -nocase -filter {name =~"APU*" && jtag_cable_name =~ "Digilent JTAG-SMT2 210251A543E7"} -index 0
ps7_init
ps7_post_config
targets -set -nocase -filter {name =~ "ARM*#0" && jtag_cable_name =~ "Digilent JTAG-SMT2 210251A543E7"} -index 0
dow C:/COSMOS_KJH/CosmosPlus_Cluster/CosmosPlus_DFTL_Cluster_DTRIM/CDTRIM/Build/CDTRIM/CDTRIM_CACHE/Debug/CDTRIM_CACHE.elf
configparams force-mem-access 0
----------------End of Script----------------

10:08:23 INFO  : Memory regions updated for context APU
10:08:23 INFO  : Context for processor 'ps7_cortexa9_0' is selected.
10:08:23 INFO  : 'con' command is executed.
10:08:23 INFO  : ----------------XSDB Script (After Launch)----------------
targets -set -nocase -filter {name =~ "ARM*#0" && jtag_cable_name =~ "Digilent JTAG-SMT2 210251A543E7"} -index 0
con
----------------End of Script----------------

10:08:23 INFO  : Launch script is exported to file 'C:\COSMOS_KJH\CosmosPlus_Cluster\CosmosPlus_DFTL_Cluster_DTRIM\CDTRIM\Build\CDTRIM\.sdk\launch_scripts\xilinx_c-c++_application_(system_debugger)\system_debugger_using_debug_cdtrim_cache.elf_on_local.tcl'
10:55:23 INFO  : Disconnected from the channel tcfchan#3.
10:55:24 INFO  : Connected to target on host '127.0.0.1' and port '3121'.
10:55:24 INFO  : Jtag cable 'Digilent JTAG-SMT2 210251A543E7' is selected.
10:55:24 INFO  : 'jtag frequency' command is executed.
10:55:24 INFO  : Sourcing of 'C:/COSMOS_KJH/CosmosPlus_Cluster/CosmosPlus_DFTL_Cluster_DTRIM/CDTRIM/Build/CDTRIM/system_hw_platform_0/ps7_init.tcl' is done.
10:55:24 INFO  : Context for 'APU' is selected.
10:55:24 INFO  : System reset is completed.
10:55:27 INFO  : 'after 3000' command is executed.
10:55:27 INFO  : 'targets -set -filter {jtag_cable_name =~ "Digilent JTAG-SMT2 210251A543E7" && level==0} -index 1' command is executed.
10:55:35 INFO  : FPGA configured successfully with bitstream "C:/COSMOS_KJH/CosmosPlus_Cluster/CosmosPlus_DFTL_Cluster_DTRIM/CDTRIM/Build/CDTRIM/system_hw_platform_0/OpenSSD2.bit"
10:55:35 INFO  : Context for 'APU' is selected.
10:55:39 INFO  : Hardware design information is loaded from 'C:/COSMOS_KJH/CosmosPlus_Cluster/CosmosPlus_DFTL_Cluster_DTRIM/CDTRIM/Build/CDTRIM/system_hw_platform_0/system.hdf'.
10:55:39 INFO  : 'configparams force-mem-access 1' command is executed.
10:55:39 INFO  : Context for 'APU' is selected.
10:55:39 INFO  : 'ps7_init' command is executed.
10:55:39 INFO  : 'ps7_post_config' command is executed.
10:55:39 INFO  : Context for processor 'ps7_cortexa9_0' is selected.
10:55:40 INFO  : The application 'C:/COSMOS_KJH/CosmosPlus_Cluster/CosmosPlus_DFTL_Cluster_DTRIM/CDTRIM/Build/CDTRIM/CDTRIM_CACHE/Debug/CDTRIM_CACHE.elf' is downloaded to processor 'ps7_cortexa9_0'.
10:55:40 INFO  : 'configparams force-mem-access 0' command is executed.
10:55:40 INFO  : ----------------XSDB Script----------------
connect -url tcp:127.0.0.1:3121
source C:/COSMOS_KJH/CosmosPlus_Cluster/CosmosPlus_DFTL_Cluster_DTRIM/CDTRIM/Build/CDTRIM/system_hw_platform_0/ps7_init.tcl
targets -set -nocase -filter {name =~"APU*" && jtag_cable_name =~ "Digilent JTAG-SMT2 210251A543E7"} -index 0
rst -system
after 3000
targets -set -filter {jtag_cable_name =~ "Digilent JTAG-SMT2 210251A543E7" && level==0} -index 1
fpga -file C:/COSMOS_KJH/CosmosPlus_Cluster/CosmosPlus_DFTL_Cluster_DTRIM/CDTRIM/Build/CDTRIM/system_hw_platform_0/OpenSSD2.bit
targets -set -nocase -filter {name =~"APU*" && jtag_cable_name =~ "Digilent JTAG-SMT2 210251A543E7"} -index 0
loadhw -hw C:/COSMOS_KJH/CosmosPlus_Cluster/CosmosPlus_DFTL_Cluster_DTRIM/CDTRIM/Build/CDTRIM/system_hw_platform_0/system.hdf -mem-ranges [list {0x40000000 0xbfffffff}]
configparams force-mem-access 1
targets -set -nocase -filter {name =~"APU*" && jtag_cable_name =~ "Digilent JTAG-SMT2 210251A543E7"} -index 0
ps7_init
ps7_post_config
targets -set -nocase -filter {name =~ "ARM*#0" && jtag_cable_name =~ "Digilent JTAG-SMT2 210251A543E7"} -index 0
dow C:/COSMOS_KJH/CosmosPlus_Cluster/CosmosPlus_DFTL_Cluster_DTRIM/CDTRIM/Build/CDTRIM/CDTRIM_CACHE/Debug/CDTRIM_CACHE.elf
configparams force-mem-access 0
----------------End of Script----------------

10:55:40 INFO  : Memory regions updated for context APU
10:55:40 INFO  : Context for processor 'ps7_cortexa9_0' is selected.
10:55:40 INFO  : 'con' command is executed.
10:55:40 INFO  : ----------------XSDB Script (After Launch)----------------
targets -set -nocase -filter {name =~ "ARM*#0" && jtag_cable_name =~ "Digilent JTAG-SMT2 210251A543E7"} -index 0
con
----------------End of Script----------------

10:55:40 INFO  : Launch script is exported to file 'C:\COSMOS_KJH\CosmosPlus_Cluster\CosmosPlus_DFTL_Cluster_DTRIM\CDTRIM\Build\CDTRIM\.sdk\launch_scripts\xilinx_c-c++_application_(system_debugger)\system_debugger_using_debug_cdtrim_cache.elf_on_local.tcl'
11:13:26 INFO  : Disconnected from the channel tcfchan#4.
11:13:27 INFO  : Connected to target on host '127.0.0.1' and port '3121'.
11:13:28 INFO  : Jtag cable 'Digilent JTAG-SMT2 210251A543E7' is selected.
11:13:28 INFO  : 'jtag frequency' command is executed.
11:13:28 INFO  : Sourcing of 'C:/COSMOS_KJH/CosmosPlus_Cluster/CosmosPlus_DFTL_Cluster_DTRIM/CDTRIM/Build/CDTRIM/system_hw_platform_0/ps7_init.tcl' is done.
11:13:28 INFO  : Context for 'APU' is selected.
11:13:28 INFO  : System reset is completed.
11:13:31 INFO  : 'after 3000' command is executed.
11:13:31 INFO  : 'targets -set -filter {jtag_cable_name =~ "Digilent JTAG-SMT2 210251A543E7" && level==0} -index 1' command is executed.
11:13:38 INFO  : FPGA configured successfully with bitstream "C:/COSMOS_KJH/CosmosPlus_Cluster/CosmosPlus_DFTL_Cluster_DTRIM/CDTRIM/Build/CDTRIM/system_hw_platform_0/OpenSSD2.bit"
11:13:38 INFO  : Context for 'APU' is selected.
11:13:43 INFO  : Hardware design information is loaded from 'C:/COSMOS_KJH/CosmosPlus_Cluster/CosmosPlus_DFTL_Cluster_DTRIM/CDTRIM/Build/CDTRIM/system_hw_platform_0/system.hdf'.
11:13:43 INFO  : 'configparams force-mem-access 1' command is executed.
11:13:43 INFO  : Context for 'APU' is selected.
11:13:44 INFO  : 'ps7_init' command is executed.
11:13:44 INFO  : 'ps7_post_config' command is executed.
11:13:44 INFO  : Context for processor 'ps7_cortexa9_0' is selected.
11:13:44 INFO  : The application 'C:/COSMOS_KJH/CosmosPlus_Cluster/CosmosPlus_DFTL_Cluster_DTRIM/CDTRIM/Build/CDTRIM/CDTRIM_CACHE/Debug/CDTRIM_CACHE.elf' is downloaded to processor 'ps7_cortexa9_0'.
11:13:44 INFO  : 'configparams force-mem-access 0' command is executed.
11:13:44 INFO  : ----------------XSDB Script----------------
connect -url tcp:127.0.0.1:3121
source C:/COSMOS_KJH/CosmosPlus_Cluster/CosmosPlus_DFTL_Cluster_DTRIM/CDTRIM/Build/CDTRIM/system_hw_platform_0/ps7_init.tcl
targets -set -nocase -filter {name =~"APU*" && jtag_cable_name =~ "Digilent JTAG-SMT2 210251A543E7"} -index 0
rst -system
after 3000
targets -set -filter {jtag_cable_name =~ "Digilent JTAG-SMT2 210251A543E7" && level==0} -index 1
fpga -file C:/COSMOS_KJH/CosmosPlus_Cluster/CosmosPlus_DFTL_Cluster_DTRIM/CDTRIM/Build/CDTRIM/system_hw_platform_0/OpenSSD2.bit
targets -set -nocase -filter {name =~"APU*" && jtag_cable_name =~ "Digilent JTAG-SMT2 210251A543E7"} -index 0
loadhw -hw C:/COSMOS_KJH/CosmosPlus_Cluster/CosmosPlus_DFTL_Cluster_DTRIM/CDTRIM/Build/CDTRIM/system_hw_platform_0/system.hdf -mem-ranges [list {0x40000000 0xbfffffff}]
configparams force-mem-access 1
targets -set -nocase -filter {name =~"APU*" && jtag_cable_name =~ "Digilent JTAG-SMT2 210251A543E7"} -index 0
ps7_init
ps7_post_config
targets -set -nocase -filter {name =~ "ARM*#0" && jtag_cable_name =~ "Digilent JTAG-SMT2 210251A543E7"} -index 0
dow C:/COSMOS_KJH/CosmosPlus_Cluster/CosmosPlus_DFTL_Cluster_DTRIM/CDTRIM/Build/CDTRIM/CDTRIM_CACHE/Debug/CDTRIM_CACHE.elf
configparams force-mem-access 0
----------------End of Script----------------

11:13:44 INFO  : Memory regions updated for context APU
11:13:44 INFO  : Context for processor 'ps7_cortexa9_0' is selected.
11:13:44 INFO  : 'con' command is executed.
11:13:44 INFO  : ----------------XSDB Script (After Launch)----------------
targets -set -nocase -filter {name =~ "ARM*#0" && jtag_cable_name =~ "Digilent JTAG-SMT2 210251A543E7"} -index 0
con
----------------End of Script----------------

11:13:44 INFO  : Launch script is exported to file 'C:\COSMOS_KJH\CosmosPlus_Cluster\CosmosPlus_DFTL_Cluster_DTRIM\CDTRIM\Build\CDTRIM\.sdk\launch_scripts\xilinx_c-c++_application_(system_debugger)\system_debugger_using_debug_cdtrim_cache.elf_on_local.tcl'
18:00:13 INFO  : Disconnected from the channel tcfchan#5.
18:00:14 INFO  : Connected to target on host '127.0.0.1' and port '3121'.
18:00:14 INFO  : Jtag cable 'Digilent JTAG-SMT2 210251A543E7' is selected.
18:00:14 INFO  : 'jtag frequency' command is executed.
18:00:14 INFO  : Sourcing of 'C:/COSMOS_KJH/CosmosPlus_Cluster/CosmosPlus_DFTL_Cluster_DTRIM/CDTRIM/Build/CDTRIM/system_hw_platform_0/ps7_init.tcl' is done.
18:00:14 INFO  : Context for 'APU' is selected.
18:00:14 INFO  : System reset is completed.
18:00:17 INFO  : 'after 3000' command is executed.
18:00:17 INFO  : 'targets -set -filter {jtag_cable_name =~ "Digilent JTAG-SMT2 210251A543E7" && level==0} -index 1' command is executed.
18:00:25 INFO  : FPGA configured successfully with bitstream "C:/COSMOS_KJH/CosmosPlus_Cluster/CosmosPlus_DFTL_Cluster_DTRIM/CDTRIM/Build/CDTRIM/system_hw_platform_0/OpenSSD2.bit"
18:00:25 INFO  : Context for 'APU' is selected.
18:00:29 INFO  : Hardware design information is loaded from 'C:/COSMOS_KJH/CosmosPlus_Cluster/CosmosPlus_DFTL_Cluster_DTRIM/CDTRIM/Build/CDTRIM/system_hw_platform_0/system.hdf'.
18:00:29 INFO  : 'configparams force-mem-access 1' command is executed.
18:00:29 INFO  : Context for 'APU' is selected.
18:00:30 INFO  : 'ps7_init' command is executed.
18:00:30 INFO  : 'ps7_post_config' command is executed.
18:00:30 INFO  : Context for processor 'ps7_cortexa9_0' is selected.
18:00:30 INFO  : The application 'C:/COSMOS_KJH/CosmosPlus_Cluster/CosmosPlus_DFTL_Cluster_DTRIM/CDTRIM/Build/CDTRIM/CDTRIM_CACHE/Debug/CDTRIM_CACHE.elf' is downloaded to processor 'ps7_cortexa9_0'.
18:00:30 INFO  : 'configparams force-mem-access 0' command is executed.
18:00:30 INFO  : ----------------XSDB Script----------------
connect -url tcp:127.0.0.1:3121
source C:/COSMOS_KJH/CosmosPlus_Cluster/CosmosPlus_DFTL_Cluster_DTRIM/CDTRIM/Build/CDTRIM/system_hw_platform_0/ps7_init.tcl
targets -set -nocase -filter {name =~"APU*" && jtag_cable_name =~ "Digilent JTAG-SMT2 210251A543E7"} -index 0
rst -system
after 3000
targets -set -filter {jtag_cable_name =~ "Digilent JTAG-SMT2 210251A543E7" && level==0} -index 1
fpga -file C:/COSMOS_KJH/CosmosPlus_Cluster/CosmosPlus_DFTL_Cluster_DTRIM/CDTRIM/Build/CDTRIM/system_hw_platform_0/OpenSSD2.bit
targets -set -nocase -filter {name =~"APU*" && jtag_cable_name =~ "Digilent JTAG-SMT2 210251A543E7"} -index 0
loadhw -hw C:/COSMOS_KJH/CosmosPlus_Cluster/CosmosPlus_DFTL_Cluster_DTRIM/CDTRIM/Build/CDTRIM/system_hw_platform_0/system.hdf -mem-ranges [list {0x40000000 0xbfffffff}]
configparams force-mem-access 1
targets -set -nocase -filter {name =~"APU*" && jtag_cable_name =~ "Digilent JTAG-SMT2 210251A543E7"} -index 0
ps7_init
ps7_post_config
targets -set -nocase -filter {name =~ "ARM*#0" && jtag_cable_name =~ "Digilent JTAG-SMT2 210251A543E7"} -index 0
dow C:/COSMOS_KJH/CosmosPlus_Cluster/CosmosPlus_DFTL_Cluster_DTRIM/CDTRIM/Build/CDTRIM/CDTRIM_CACHE/Debug/CDTRIM_CACHE.elf
configparams force-mem-access 0
----------------End of Script----------------

18:00:30 INFO  : Memory regions updated for context APU
18:00:30 INFO  : Context for processor 'ps7_cortexa9_0' is selected.
18:00:30 INFO  : 'con' command is executed.
18:00:30 INFO  : ----------------XSDB Script (After Launch)----------------
targets -set -nocase -filter {name =~ "ARM*#0" && jtag_cable_name =~ "Digilent JTAG-SMT2 210251A543E7"} -index 0
con
----------------End of Script----------------

18:00:30 INFO  : Launch script is exported to file 'C:\COSMOS_KJH\CosmosPlus_Cluster\CosmosPlus_DFTL_Cluster_DTRIM\CDTRIM\Build\CDTRIM\.sdk\launch_scripts\xilinx_c-c++_application_(system_debugger)\system_debugger_using_debug_cdtrim_cache.elf_on_local.tcl'
00:11:23 INFO  : Disconnected from the channel tcfchan#6.
10:05:28 INFO  : Registering command handlers for SDK TCF services
10:05:29 INFO  : Launching XSCT server: xsct.bat -interactive C:\COSMOS_KJH\CosmosPlus_Cluster\CosmosPlus_DFTL_Cluster_DTRIM\CDTRIM\Build\CDTRIM\temp_xsdb_launch_script.tcl
10:05:31 INFO  : XSCT server has started successfully.
10:05:31 INFO  : Successfully done setting XSCT server connection channel  
10:05:31 INFO  : Successfully done setting SDK workspace  
15:14:00 INFO  : Connected to target on host '127.0.0.1' and port '3121'.
15:14:01 INFO  : Jtag cable 'Digilent JTAG-SMT2 210251A543E7' is selected.
15:14:01 INFO  : 'jtag frequency' command is executed.
15:14:01 INFO  : Sourcing of 'C:/COSMOS_KJH/CosmosPlus_Cluster/CosmosPlus_DFTL_Cluster_DTRIM/CDTRIM/Build/CDTRIM/system_hw_platform_0/ps7_init.tcl' is done.
15:14:01 INFO  : Context for 'APU' is selected.
15:14:01 INFO  : System reset is completed.
15:14:04 INFO  : 'after 3000' command is executed.
15:14:04 INFO  : 'targets -set -filter {jtag_cable_name =~ "Digilent JTAG-SMT2 210251A543E7" && level==0} -index 1' command is executed.
15:14:12 INFO  : FPGA configured successfully with bitstream "C:/COSMOS_KJH/CosmosPlus_Cluster/CosmosPlus_DFTL_Cluster_DTRIM/CDTRIM/Build/CDTRIM/system_hw_platform_0/OpenSSD2.bit"
15:14:12 INFO  : Context for 'APU' is selected.
15:14:12 INFO  : Hardware design information is loaded from 'C:/COSMOS_KJH/CosmosPlus_Cluster/CosmosPlus_DFTL_Cluster_DTRIM/CDTRIM/Build/CDTRIM/system_hw_platform_0/system.hdf'.
15:14:12 INFO  : 'configparams force-mem-access 1' command is executed.
15:14:12 INFO  : Context for 'APU' is selected.
15:14:12 INFO  : 'ps7_init' command is executed.
15:14:12 INFO  : 'ps7_post_config' command is executed.
15:14:12 INFO  : Context for processor 'ps7_cortexa9_0' is selected.
15:14:13 INFO  : The application 'C:/COSMOS_KJH/CosmosPlus_Cluster/CosmosPlus_DFTL_Cluster_DTRIM/CDTRIM/Build/CDTRIM/CDTRIM_CACHE/Debug/CDTRIM_CACHE.elf' is downloaded to processor 'ps7_cortexa9_0'.
15:14:13 INFO  : 'configparams force-mem-access 0' command is executed.
15:14:13 INFO  : ----------------XSDB Script----------------
connect -url tcp:127.0.0.1:3121
source C:/COSMOS_KJH/CosmosPlus_Cluster/CosmosPlus_DFTL_Cluster_DTRIM/CDTRIM/Build/CDTRIM/system_hw_platform_0/ps7_init.tcl
targets -set -nocase -filter {name =~"APU*" && jtag_cable_name =~ "Digilent JTAG-SMT2 210251A543E7"} -index 0
rst -system
after 3000
targets -set -filter {jtag_cable_name =~ "Digilent JTAG-SMT2 210251A543E7" && level==0} -index 1
fpga -file C:/COSMOS_KJH/CosmosPlus_Cluster/CosmosPlus_DFTL_Cluster_DTRIM/CDTRIM/Build/CDTRIM/system_hw_platform_0/OpenSSD2.bit
targets -set -nocase -filter {name =~"APU*" && jtag_cable_name =~ "Digilent JTAG-SMT2 210251A543E7"} -index 0
loadhw -hw C:/COSMOS_KJH/CosmosPlus_Cluster/CosmosPlus_DFTL_Cluster_DTRIM/CDTRIM/Build/CDTRIM/system_hw_platform_0/system.hdf -mem-ranges [list {0x40000000 0xbfffffff}]
configparams force-mem-access 1
targets -set -nocase -filter {name =~"APU*" && jtag_cable_name =~ "Digilent JTAG-SMT2 210251A543E7"} -index 0
ps7_init
ps7_post_config
targets -set -nocase -filter {name =~ "ARM*#0" && jtag_cable_name =~ "Digilent JTAG-SMT2 210251A543E7"} -index 0
dow C:/COSMOS_KJH/CosmosPlus_Cluster/CosmosPlus_DFTL_Cluster_DTRIM/CDTRIM/Build/CDTRIM/CDTRIM_CACHE/Debug/CDTRIM_CACHE.elf
configparams force-mem-access 0
----------------End of Script----------------

15:14:13 INFO  : Memory regions updated for context APU
15:14:13 INFO  : Context for processor 'ps7_cortexa9_0' is selected.
15:14:13 INFO  : 'con' command is executed.
15:14:13 INFO  : ----------------XSDB Script (After Launch)----------------
targets -set -nocase -filter {name =~ "ARM*#0" && jtag_cable_name =~ "Digilent JTAG-SMT2 210251A543E7"} -index 0
con
----------------End of Script----------------

15:14:13 INFO  : Launch script is exported to file 'C:\COSMOS_KJH\CosmosPlus_Cluster\CosmosPlus_DFTL_Cluster_DTRIM\CDTRIM\Build\CDTRIM\.sdk\launch_scripts\xilinx_c-c++_application_(system_debugger)\system_debugger_using_debug_cdtrim_cache.elf_on_local.tcl'
19:20:45 INFO  : Disconnected from the channel tcfchan#1.
19:20:46 INFO  : Connected to target on host '127.0.0.1' and port '3121'.
19:20:46 INFO  : Jtag cable 'Digilent JTAG-SMT2 210251A543E7' is selected.
19:20:46 INFO  : 'jtag frequency' command is executed.
19:20:46 INFO  : Sourcing of 'C:/COSMOS_KJH/CosmosPlus_Cluster/CosmosPlus_DFTL_Cluster_DTRIM/CDTRIM/Build/CDTRIM/system_hw_platform_0/ps7_init.tcl' is done.
19:20:46 INFO  : Context for 'APU' is selected.
19:20:46 INFO  : System reset is completed.
19:20:49 INFO  : 'after 3000' command is executed.
19:20:49 INFO  : 'targets -set -filter {jtag_cable_name =~ "Digilent JTAG-SMT2 210251A543E7" && level==0} -index 1' command is executed.
19:20:57 INFO  : FPGA configured successfully with bitstream "C:/COSMOS_KJH/CosmosPlus_Cluster/CosmosPlus_DFTL_Cluster_DTRIM/CDTRIM/Build/CDTRIM/system_hw_platform_0/OpenSSD2.bit"
19:20:57 INFO  : Context for 'APU' is selected.
19:21:02 INFO  : Hardware design information is loaded from 'C:/COSMOS_KJH/CosmosPlus_Cluster/CosmosPlus_DFTL_Cluster_DTRIM/CDTRIM/Build/CDTRIM/system_hw_platform_0/system.hdf'.
19:21:02 INFO  : 'configparams force-mem-access 1' command is executed.
19:21:02 INFO  : Context for 'APU' is selected.
19:21:02 INFO  : 'ps7_init' command is executed.
19:21:02 INFO  : 'ps7_post_config' command is executed.
19:21:02 INFO  : Context for processor 'ps7_cortexa9_0' is selected.
19:21:03 INFO  : The application 'C:/COSMOS_KJH/CosmosPlus_Cluster/CosmosPlus_DFTL_Cluster_DTRIM/CDTRIM/Build/CDTRIM/CDTRIM_CACHE/Debug/CDTRIM_CACHE.elf' is downloaded to processor 'ps7_cortexa9_0'.
19:21:03 INFO  : 'configparams force-mem-access 0' command is executed.
19:21:03 INFO  : ----------------XSDB Script----------------
connect -url tcp:127.0.0.1:3121
source C:/COSMOS_KJH/CosmosPlus_Cluster/CosmosPlus_DFTL_Cluster_DTRIM/CDTRIM/Build/CDTRIM/system_hw_platform_0/ps7_init.tcl
targets -set -nocase -filter {name =~"APU*" && jtag_cable_name =~ "Digilent JTAG-SMT2 210251A543E7"} -index 0
rst -system
after 3000
targets -set -filter {jtag_cable_name =~ "Digilent JTAG-SMT2 210251A543E7" && level==0} -index 1
fpga -file C:/COSMOS_KJH/CosmosPlus_Cluster/CosmosPlus_DFTL_Cluster_DTRIM/CDTRIM/Build/CDTRIM/system_hw_platform_0/OpenSSD2.bit
targets -set -nocase -filter {name =~"APU*" && jtag_cable_name =~ "Digilent JTAG-SMT2 210251A543E7"} -index 0
loadhw -hw C:/COSMOS_KJH/CosmosPlus_Cluster/CosmosPlus_DFTL_Cluster_DTRIM/CDTRIM/Build/CDTRIM/system_hw_platform_0/system.hdf -mem-ranges [list {0x40000000 0xbfffffff}]
configparams force-mem-access 1
targets -set -nocase -filter {name =~"APU*" && jtag_cable_name =~ "Digilent JTAG-SMT2 210251A543E7"} -index 0
ps7_init
ps7_post_config
targets -set -nocase -filter {name =~ "ARM*#0" && jtag_cable_name =~ "Digilent JTAG-SMT2 210251A543E7"} -index 0
dow C:/COSMOS_KJH/CosmosPlus_Cluster/CosmosPlus_DFTL_Cluster_DTRIM/CDTRIM/Build/CDTRIM/CDTRIM_CACHE/Debug/CDTRIM_CACHE.elf
configparams force-mem-access 0
----------------End of Script----------------

19:21:03 INFO  : Memory regions updated for context APU
19:21:03 INFO  : Context for processor 'ps7_cortexa9_0' is selected.
19:21:03 INFO  : 'con' command is executed.
19:21:03 INFO  : ----------------XSDB Script (After Launch)----------------
targets -set -nocase -filter {name =~ "ARM*#0" && jtag_cable_name =~ "Digilent JTAG-SMT2 210251A543E7"} -index 0
con
----------------End of Script----------------

19:21:03 INFO  : Launch script is exported to file 'C:\COSMOS_KJH\CosmosPlus_Cluster\CosmosPlus_DFTL_Cluster_DTRIM\CDTRIM\Build\CDTRIM\.sdk\launch_scripts\xilinx_c-c++_application_(system_debugger)\system_debugger_using_debug_cdtrim_cache.elf_on_local.tcl'
20:30:29 INFO  : Disconnected from the channel tcfchan#2.
20:30:30 INFO  : Connected to target on host '127.0.0.1' and port '3121'.
20:30:31 INFO  : Jtag cable 'Digilent JTAG-SMT2 210251A543E7' is selected.
20:30:31 INFO  : 'jtag frequency' command is executed.
20:30:31 INFO  : Sourcing of 'C:/COSMOS_KJH/CosmosPlus_Cluster/CosmosPlus_DFTL_Cluster_DTRIM/CDTRIM/Build/CDTRIM/system_hw_platform_0/ps7_init.tcl' is done.
20:30:31 INFO  : Context for 'APU' is selected.
20:30:31 INFO  : System reset is completed.
20:30:34 INFO  : 'after 3000' command is executed.
20:30:34 INFO  : 'targets -set -filter {jtag_cable_name =~ "Digilent JTAG-SMT2 210251A543E7" && level==0} -index 1' command is executed.
20:30:41 INFO  : FPGA configured successfully with bitstream "C:/COSMOS_KJH/CosmosPlus_Cluster/CosmosPlus_DFTL_Cluster_DTRIM/CDTRIM/Build/CDTRIM/system_hw_platform_0/OpenSSD2.bit"
20:30:41 INFO  : Context for 'APU' is selected.
20:30:46 INFO  : Hardware design information is loaded from 'C:/COSMOS_KJH/CosmosPlus_Cluster/CosmosPlus_DFTL_Cluster_DTRIM/CDTRIM/Build/CDTRIM/system_hw_platform_0/system.hdf'.
20:30:46 INFO  : 'configparams force-mem-access 1' command is executed.
20:30:46 INFO  : Context for 'APU' is selected.
20:30:47 INFO  : 'ps7_init' command is executed.
20:30:47 INFO  : 'ps7_post_config' command is executed.
20:30:47 INFO  : Context for processor 'ps7_cortexa9_0' is selected.
20:30:47 INFO  : The application 'C:/COSMOS_KJH/CosmosPlus_Cluster/CosmosPlus_DFTL_Cluster_DTRIM/CDTRIM/Build/CDTRIM/CDTRIM_CACHE/Debug/CDTRIM_CACHE.elf' is downloaded to processor 'ps7_cortexa9_0'.
20:30:47 INFO  : 'configparams force-mem-access 0' command is executed.
20:30:47 INFO  : ----------------XSDB Script----------------
connect -url tcp:127.0.0.1:3121
source C:/COSMOS_KJH/CosmosPlus_Cluster/CosmosPlus_DFTL_Cluster_DTRIM/CDTRIM/Build/CDTRIM/system_hw_platform_0/ps7_init.tcl
targets -set -nocase -filter {name =~"APU*" && jtag_cable_name =~ "Digilent JTAG-SMT2 210251A543E7"} -index 0
rst -system
after 3000
targets -set -filter {jtag_cable_name =~ "Digilent JTAG-SMT2 210251A543E7" && level==0} -index 1
fpga -file C:/COSMOS_KJH/CosmosPlus_Cluster/CosmosPlus_DFTL_Cluster_DTRIM/CDTRIM/Build/CDTRIM/system_hw_platform_0/OpenSSD2.bit
targets -set -nocase -filter {name =~"APU*" && jtag_cable_name =~ "Digilent JTAG-SMT2 210251A543E7"} -index 0
loadhw -hw C:/COSMOS_KJH/CosmosPlus_Cluster/CosmosPlus_DFTL_Cluster_DTRIM/CDTRIM/Build/CDTRIM/system_hw_platform_0/system.hdf -mem-ranges [list {0x40000000 0xbfffffff}]
configparams force-mem-access 1
targets -set -nocase -filter {name =~"APU*" && jtag_cable_name =~ "Digilent JTAG-SMT2 210251A543E7"} -index 0
ps7_init
ps7_post_config
targets -set -nocase -filter {name =~ "ARM*#0" && jtag_cable_name =~ "Digilent JTAG-SMT2 210251A543E7"} -index 0
dow C:/COSMOS_KJH/CosmosPlus_Cluster/CosmosPlus_DFTL_Cluster_DTRIM/CDTRIM/Build/CDTRIM/CDTRIM_CACHE/Debug/CDTRIM_CACHE.elf
configparams force-mem-access 0
----------------End of Script----------------

20:30:47 INFO  : Memory regions updated for context APU
20:30:47 INFO  : Context for processor 'ps7_cortexa9_0' is selected.
20:30:47 INFO  : 'con' command is executed.
20:30:47 INFO  : ----------------XSDB Script (After Launch)----------------
targets -set -nocase -filter {name =~ "ARM*#0" && jtag_cable_name =~ "Digilent JTAG-SMT2 210251A543E7"} -index 0
con
----------------End of Script----------------

20:30:47 INFO  : Launch script is exported to file 'C:\COSMOS_KJH\CosmosPlus_Cluster\CosmosPlus_DFTL_Cluster_DTRIM\CDTRIM\Build\CDTRIM\.sdk\launch_scripts\xilinx_c-c++_application_(system_debugger)\system_debugger_using_debug_cdtrim_cache.elf_on_local.tcl'
20:45:09 INFO  : Disconnected from the channel tcfchan#3.
20:45:10 INFO  : Connected to target on host '127.0.0.1' and port '3121'.
20:45:10 INFO  : Jtag cable 'Digilent JTAG-SMT2 210251A543E7' is selected.
20:45:10 INFO  : 'jtag frequency' command is executed.
20:45:10 INFO  : Sourcing of 'C:/COSMOS_KJH/CosmosPlus_Cluster/CosmosPlus_DFTL_Cluster_DTRIM/CDTRIM/Build/CDTRIM/system_hw_platform_0/ps7_init.tcl' is done.
20:45:10 INFO  : Context for 'APU' is selected.
20:45:10 INFO  : System reset is completed.
20:45:13 INFO  : 'after 3000' command is executed.
20:45:14 INFO  : 'targets -set -filter {jtag_cable_name =~ "Digilent JTAG-SMT2 210251A543E7" && level==0} -index 1' command is executed.
20:45:21 INFO  : FPGA configured successfully with bitstream "C:/COSMOS_KJH/CosmosPlus_Cluster/CosmosPlus_DFTL_Cluster_DTRIM/CDTRIM/Build/CDTRIM/system_hw_platform_0/OpenSSD2.bit"
20:45:21 INFO  : Context for 'APU' is selected.
20:45:26 INFO  : Hardware design information is loaded from 'C:/COSMOS_KJH/CosmosPlus_Cluster/CosmosPlus_DFTL_Cluster_DTRIM/CDTRIM/Build/CDTRIM/system_hw_platform_0/system.hdf'.
20:45:26 INFO  : 'configparams force-mem-access 1' command is executed.
20:45:26 INFO  : Context for 'APU' is selected.
20:45:26 INFO  : 'ps7_init' command is executed.
20:45:26 INFO  : 'ps7_post_config' command is executed.
20:45:26 INFO  : Context for processor 'ps7_cortexa9_0' is selected.
20:45:27 INFO  : The application 'C:/COSMOS_KJH/CosmosPlus_Cluster/CosmosPlus_DFTL_Cluster_DTRIM/CDTRIM/Build/CDTRIM/CDTRIM_CACHE/Debug/CDTRIM_CACHE.elf' is downloaded to processor 'ps7_cortexa9_0'.
20:45:27 INFO  : 'configparams force-mem-access 0' command is executed.
20:45:27 INFO  : ----------------XSDB Script----------------
connect -url tcp:127.0.0.1:3121
source C:/COSMOS_KJH/CosmosPlus_Cluster/CosmosPlus_DFTL_Cluster_DTRIM/CDTRIM/Build/CDTRIM/system_hw_platform_0/ps7_init.tcl
targets -set -nocase -filter {name =~"APU*" && jtag_cable_name =~ "Digilent JTAG-SMT2 210251A543E7"} -index 0
rst -system
after 3000
targets -set -filter {jtag_cable_name =~ "Digilent JTAG-SMT2 210251A543E7" && level==0} -index 1
fpga -file C:/COSMOS_KJH/CosmosPlus_Cluster/CosmosPlus_DFTL_Cluster_DTRIM/CDTRIM/Build/CDTRIM/system_hw_platform_0/OpenSSD2.bit
targets -set -nocase -filter {name =~"APU*" && jtag_cable_name =~ "Digilent JTAG-SMT2 210251A543E7"} -index 0
loadhw -hw C:/COSMOS_KJH/CosmosPlus_Cluster/CosmosPlus_DFTL_Cluster_DTRIM/CDTRIM/Build/CDTRIM/system_hw_platform_0/system.hdf -mem-ranges [list {0x40000000 0xbfffffff}]
configparams force-mem-access 1
targets -set -nocase -filter {name =~"APU*" && jtag_cable_name =~ "Digilent JTAG-SMT2 210251A543E7"} -index 0
ps7_init
ps7_post_config
targets -set -nocase -filter {name =~ "ARM*#0" && jtag_cable_name =~ "Digilent JTAG-SMT2 210251A543E7"} -index 0
dow C:/COSMOS_KJH/CosmosPlus_Cluster/CosmosPlus_DFTL_Cluster_DTRIM/CDTRIM/Build/CDTRIM/CDTRIM_CACHE/Debug/CDTRIM_CACHE.elf
configparams force-mem-access 0
----------------End of Script----------------

20:45:27 INFO  : Memory regions updated for context APU
20:45:27 INFO  : Context for processor 'ps7_cortexa9_0' is selected.
20:45:27 INFO  : 'con' command is executed.
20:45:27 INFO  : ----------------XSDB Script (After Launch)----------------
targets -set -nocase -filter {name =~ "ARM*#0" && jtag_cable_name =~ "Digilent JTAG-SMT2 210251A543E7"} -index 0
con
----------------End of Script----------------

20:45:27 INFO  : Launch script is exported to file 'C:\COSMOS_KJH\CosmosPlus_Cluster\CosmosPlus_DFTL_Cluster_DTRIM\CDTRIM\Build\CDTRIM\.sdk\launch_scripts\xilinx_c-c++_application_(system_debugger)\system_debugger_using_debug_cdtrim_cache.elf_on_local.tcl'
21:00:32 INFO  : Disconnected from the channel tcfchan#4.
21:00:33 INFO  : Connected to target on host '127.0.0.1' and port '3121'.
21:00:33 INFO  : Jtag cable 'Digilent JTAG-SMT2 210251A543E7' is selected.
21:00:33 INFO  : 'jtag frequency' command is executed.
21:00:33 INFO  : Sourcing of 'C:/COSMOS_KJH/CosmosPlus_Cluster/CosmosPlus_DFTL_Cluster_DTRIM/CDTRIM/Build/CDTRIM/system_hw_platform_0/ps7_init.tcl' is done.
21:00:33 INFO  : Context for 'APU' is selected.
21:00:33 INFO  : System reset is completed.
21:00:36 INFO  : 'after 3000' command is executed.
21:00:36 INFO  : 'targets -set -filter {jtag_cable_name =~ "Digilent JTAG-SMT2 210251A543E7" && level==0} -index 1' command is executed.
21:00:44 INFO  : FPGA configured successfully with bitstream "C:/COSMOS_KJH/CosmosPlus_Cluster/CosmosPlus_DFTL_Cluster_DTRIM/CDTRIM/Build/CDTRIM/system_hw_platform_0/OpenSSD2.bit"
21:00:44 INFO  : Context for 'APU' is selected.
21:00:49 INFO  : Hardware design information is loaded from 'C:/COSMOS_KJH/CosmosPlus_Cluster/CosmosPlus_DFTL_Cluster_DTRIM/CDTRIM/Build/CDTRIM/system_hw_platform_0/system.hdf'.
21:00:49 INFO  : 'configparams force-mem-access 1' command is executed.
21:00:49 INFO  : Context for 'APU' is selected.
21:00:49 INFO  : 'ps7_init' command is executed.
21:00:49 INFO  : 'ps7_post_config' command is executed.
21:00:49 INFO  : Context for processor 'ps7_cortexa9_0' is selected.
21:00:50 INFO  : The application 'C:/COSMOS_KJH/CosmosPlus_Cluster/CosmosPlus_DFTL_Cluster_DTRIM/CDTRIM/Build/CDTRIM/CDTRIM_CACHE/Debug/CDTRIM_CACHE.elf' is downloaded to processor 'ps7_cortexa9_0'.
21:00:50 INFO  : 'configparams force-mem-access 0' command is executed.
21:00:50 INFO  : ----------------XSDB Script----------------
connect -url tcp:127.0.0.1:3121
source C:/COSMOS_KJH/CosmosPlus_Cluster/CosmosPlus_DFTL_Cluster_DTRIM/CDTRIM/Build/CDTRIM/system_hw_platform_0/ps7_init.tcl
targets -set -nocase -filter {name =~"APU*" && jtag_cable_name =~ "Digilent JTAG-SMT2 210251A543E7"} -index 0
rst -system
after 3000
targets -set -filter {jtag_cable_name =~ "Digilent JTAG-SMT2 210251A543E7" && level==0} -index 1
fpga -file C:/COSMOS_KJH/CosmosPlus_Cluster/CosmosPlus_DFTL_Cluster_DTRIM/CDTRIM/Build/CDTRIM/system_hw_platform_0/OpenSSD2.bit
targets -set -nocase -filter {name =~"APU*" && jtag_cable_name =~ "Digilent JTAG-SMT2 210251A543E7"} -index 0
loadhw -hw C:/COSMOS_KJH/CosmosPlus_Cluster/CosmosPlus_DFTL_Cluster_DTRIM/CDTRIM/Build/CDTRIM/system_hw_platform_0/system.hdf -mem-ranges [list {0x40000000 0xbfffffff}]
configparams force-mem-access 1
targets -set -nocase -filter {name =~"APU*" && jtag_cable_name =~ "Digilent JTAG-SMT2 210251A543E7"} -index 0
ps7_init
ps7_post_config
targets -set -nocase -filter {name =~ "ARM*#0" && jtag_cable_name =~ "Digilent JTAG-SMT2 210251A543E7"} -index 0
dow C:/COSMOS_KJH/CosmosPlus_Cluster/CosmosPlus_DFTL_Cluster_DTRIM/CDTRIM/Build/CDTRIM/CDTRIM_CACHE/Debug/CDTRIM_CACHE.elf
configparams force-mem-access 0
----------------End of Script----------------

21:00:50 INFO  : Memory regions updated for context APU
21:00:50 INFO  : Context for processor 'ps7_cortexa9_0' is selected.
21:00:50 INFO  : 'con' command is executed.
21:00:50 INFO  : ----------------XSDB Script (After Launch)----------------
targets -set -nocase -filter {name =~ "ARM*#0" && jtag_cable_name =~ "Digilent JTAG-SMT2 210251A543E7"} -index 0
con
----------------End of Script----------------

21:00:50 INFO  : Launch script is exported to file 'C:\COSMOS_KJH\CosmosPlus_Cluster\CosmosPlus_DFTL_Cluster_DTRIM\CDTRIM\Build\CDTRIM\.sdk\launch_scripts\xilinx_c-c++_application_(system_debugger)\system_debugger_using_debug_cdtrim_cache.elf_on_local.tcl'
21:28:52 INFO  : Disconnected from the channel tcfchan#5.
21:28:53 INFO  : Connected to target on host '127.0.0.1' and port '3121'.
21:28:54 INFO  : Jtag cable 'Digilent JTAG-SMT2 210251A543E7' is selected.
21:28:54 INFO  : 'jtag frequency' command is executed.
21:28:54 INFO  : Sourcing of 'C:/COSMOS_KJH/CosmosPlus_Cluster/CosmosPlus_DFTL_Cluster_DTRIM/CDTRIM/Build/CDTRIM/system_hw_platform_0/ps7_init.tcl' is done.
21:28:54 INFO  : Context for 'APU' is selected.
21:28:54 INFO  : System reset is completed.
21:28:57 INFO  : 'after 3000' command is executed.
21:28:57 INFO  : 'targets -set -filter {jtag_cable_name =~ "Digilent JTAG-SMT2 210251A543E7" && level==0} -index 1' command is executed.
21:29:04 INFO  : FPGA configured successfully with bitstream "C:/COSMOS_KJH/CosmosPlus_Cluster/CosmosPlus_DFTL_Cluster_DTRIM/CDTRIM/Build/CDTRIM/system_hw_platform_0/OpenSSD2.bit"
21:29:04 INFO  : Context for 'APU' is selected.
21:29:09 INFO  : Hardware design information is loaded from 'C:/COSMOS_KJH/CosmosPlus_Cluster/CosmosPlus_DFTL_Cluster_DTRIM/CDTRIM/Build/CDTRIM/system_hw_platform_0/system.hdf'.
21:29:09 INFO  : 'configparams force-mem-access 1' command is executed.
21:29:09 INFO  : Context for 'APU' is selected.
21:29:09 INFO  : 'ps7_init' command is executed.
21:29:09 INFO  : 'ps7_post_config' command is executed.
21:29:09 INFO  : Context for processor 'ps7_cortexa9_0' is selected.
21:29:10 INFO  : The application 'C:/COSMOS_KJH/CosmosPlus_Cluster/CosmosPlus_DFTL_Cluster_DTRIM/CDTRIM/Build/CDTRIM/CDTRIM_CACHE/Debug/CDTRIM_CACHE.elf' is downloaded to processor 'ps7_cortexa9_0'.
21:29:10 INFO  : 'configparams force-mem-access 0' command is executed.
21:29:10 INFO  : ----------------XSDB Script----------------
connect -url tcp:127.0.0.1:3121
source C:/COSMOS_KJH/CosmosPlus_Cluster/CosmosPlus_DFTL_Cluster_DTRIM/CDTRIM/Build/CDTRIM/system_hw_platform_0/ps7_init.tcl
targets -set -nocase -filter {name =~"APU*" && jtag_cable_name =~ "Digilent JTAG-SMT2 210251A543E7"} -index 0
rst -system
after 3000
targets -set -filter {jtag_cable_name =~ "Digilent JTAG-SMT2 210251A543E7" && level==0} -index 1
fpga -file C:/COSMOS_KJH/CosmosPlus_Cluster/CosmosPlus_DFTL_Cluster_DTRIM/CDTRIM/Build/CDTRIM/system_hw_platform_0/OpenSSD2.bit
targets -set -nocase -filter {name =~"APU*" && jtag_cable_name =~ "Digilent JTAG-SMT2 210251A543E7"} -index 0
loadhw -hw C:/COSMOS_KJH/CosmosPlus_Cluster/CosmosPlus_DFTL_Cluster_DTRIM/CDTRIM/Build/CDTRIM/system_hw_platform_0/system.hdf -mem-ranges [list {0x40000000 0xbfffffff}]
configparams force-mem-access 1
targets -set -nocase -filter {name =~"APU*" && jtag_cable_name =~ "Digilent JTAG-SMT2 210251A543E7"} -index 0
ps7_init
ps7_post_config
targets -set -nocase -filter {name =~ "ARM*#0" && jtag_cable_name =~ "Digilent JTAG-SMT2 210251A543E7"} -index 0
dow C:/COSMOS_KJH/CosmosPlus_Cluster/CosmosPlus_DFTL_Cluster_DTRIM/CDTRIM/Build/CDTRIM/CDTRIM_CACHE/Debug/CDTRIM_CACHE.elf
configparams force-mem-access 0
----------------End of Script----------------

21:29:10 INFO  : Memory regions updated for context APU
21:29:10 INFO  : Context for processor 'ps7_cortexa9_0' is selected.
21:29:10 INFO  : 'con' command is executed.
21:29:10 INFO  : ----------------XSDB Script (After Launch)----------------
targets -set -nocase -filter {name =~ "ARM*#0" && jtag_cable_name =~ "Digilent JTAG-SMT2 210251A543E7"} -index 0
con
----------------End of Script----------------

21:29:10 INFO  : Launch script is exported to file 'C:\COSMOS_KJH\CosmosPlus_Cluster\CosmosPlus_DFTL_Cluster_DTRIM\CDTRIM\Build\CDTRIM\.sdk\launch_scripts\xilinx_c-c++_application_(system_debugger)\system_debugger_using_debug_cdtrim_cache.elf_on_local.tcl'
22:35:48 INFO  : Disconnected from the channel tcfchan#6.
22:35:49 INFO  : Connected to target on host '127.0.0.1' and port '3121'.
22:35:49 INFO  : Jtag cable 'Digilent JTAG-SMT2 210251A543E7' is selected.
22:35:49 INFO  : 'jtag frequency' command is executed.
22:35:49 INFO  : Sourcing of 'C:/COSMOS_KJH/CosmosPlus_Cluster/CosmosPlus_DFTL_Cluster_DTRIM/CDTRIM/Build/CDTRIM/system_hw_platform_0/ps7_init.tcl' is done.
22:35:49 INFO  : Context for 'APU' is selected.
22:35:49 INFO  : System reset is completed.
22:35:52 INFO  : 'after 3000' command is executed.
22:35:52 INFO  : 'targets -set -filter {jtag_cable_name =~ "Digilent JTAG-SMT2 210251A543E7" && level==0} -index 1' command is executed.
22:36:00 INFO  : FPGA configured successfully with bitstream "C:/COSMOS_KJH/CosmosPlus_Cluster/CosmosPlus_DFTL_Cluster_DTRIM/CDTRIM/Build/CDTRIM/system_hw_platform_0/OpenSSD2.bit"
22:36:00 INFO  : Context for 'APU' is selected.
22:36:04 INFO  : Hardware design information is loaded from 'C:/COSMOS_KJH/CosmosPlus_Cluster/CosmosPlus_DFTL_Cluster_DTRIM/CDTRIM/Build/CDTRIM/system_hw_platform_0/system.hdf'.
22:36:04 INFO  : 'configparams force-mem-access 1' command is executed.
22:36:04 INFO  : Context for 'APU' is selected.
22:36:05 INFO  : 'ps7_init' command is executed.
22:36:05 INFO  : 'ps7_post_config' command is executed.
22:36:05 INFO  : Context for processor 'ps7_cortexa9_0' is selected.
22:36:05 INFO  : The application 'C:/COSMOS_KJH/CosmosPlus_Cluster/CosmosPlus_DFTL_Cluster_DTRIM/CDTRIM/Build/CDTRIM/CDTRIM_CACHE/Debug/CDTRIM_CACHE.elf' is downloaded to processor 'ps7_cortexa9_0'.
22:36:05 INFO  : 'configparams force-mem-access 0' command is executed.
22:36:05 INFO  : ----------------XSDB Script----------------
connect -url tcp:127.0.0.1:3121
source C:/COSMOS_KJH/CosmosPlus_Cluster/CosmosPlus_DFTL_Cluster_DTRIM/CDTRIM/Build/CDTRIM/system_hw_platform_0/ps7_init.tcl
targets -set -nocase -filter {name =~"APU*" && jtag_cable_name =~ "Digilent JTAG-SMT2 210251A543E7"} -index 0
rst -system
after 3000
targets -set -filter {jtag_cable_name =~ "Digilent JTAG-SMT2 210251A543E7" && level==0} -index 1
fpga -file C:/COSMOS_KJH/CosmosPlus_Cluster/CosmosPlus_DFTL_Cluster_DTRIM/CDTRIM/Build/CDTRIM/system_hw_platform_0/OpenSSD2.bit
targets -set -nocase -filter {name =~"APU*" && jtag_cable_name =~ "Digilent JTAG-SMT2 210251A543E7"} -index 0
loadhw -hw C:/COSMOS_KJH/CosmosPlus_Cluster/CosmosPlus_DFTL_Cluster_DTRIM/CDTRIM/Build/CDTRIM/system_hw_platform_0/system.hdf -mem-ranges [list {0x40000000 0xbfffffff}]
configparams force-mem-access 1
targets -set -nocase -filter {name =~"APU*" && jtag_cable_name =~ "Digilent JTAG-SMT2 210251A543E7"} -index 0
ps7_init
ps7_post_config
targets -set -nocase -filter {name =~ "ARM*#0" && jtag_cable_name =~ "Digilent JTAG-SMT2 210251A543E7"} -index 0
dow C:/COSMOS_KJH/CosmosPlus_Cluster/CosmosPlus_DFTL_Cluster_DTRIM/CDTRIM/Build/CDTRIM/CDTRIM_CACHE/Debug/CDTRIM_CACHE.elf
configparams force-mem-access 0
----------------End of Script----------------

22:36:05 INFO  : Memory regions updated for context APU
22:36:05 INFO  : Context for processor 'ps7_cortexa9_0' is selected.
22:36:05 INFO  : 'con' command is executed.
22:36:05 INFO  : ----------------XSDB Script (After Launch)----------------
targets -set -nocase -filter {name =~ "ARM*#0" && jtag_cable_name =~ "Digilent JTAG-SMT2 210251A543E7"} -index 0
con
----------------End of Script----------------

22:36:05 INFO  : Launch script is exported to file 'C:\COSMOS_KJH\CosmosPlus_Cluster\CosmosPlus_DFTL_Cluster_DTRIM\CDTRIM\Build\CDTRIM\.sdk\launch_scripts\xilinx_c-c++_application_(system_debugger)\system_debugger_using_debug_cdtrim_cache.elf_on_local.tcl'
22:58:04 INFO  : Disconnected from the channel tcfchan#7.
22:58:05 INFO  : Connected to target on host '127.0.0.1' and port '3121'.
22:58:05 INFO  : Jtag cable 'Digilent JTAG-SMT2 210251A543E7' is selected.
22:58:05 INFO  : 'jtag frequency' command is executed.
22:58:05 INFO  : Sourcing of 'C:/COSMOS_KJH/CosmosPlus_Cluster/CosmosPlus_DFTL_Cluster_DTRIM/CDTRIM/Build/CDTRIM/system_hw_platform_0/ps7_init.tcl' is done.
22:58:05 INFO  : Context for 'APU' is selected.
22:58:05 INFO  : System reset is completed.
22:58:08 INFO  : 'after 3000' command is executed.
22:58:08 INFO  : 'targets -set -filter {jtag_cable_name =~ "Digilent JTAG-SMT2 210251A543E7" && level==0} -index 1' command is executed.
22:58:16 INFO  : FPGA configured successfully with bitstream "C:/COSMOS_KJH/CosmosPlus_Cluster/CosmosPlus_DFTL_Cluster_DTRIM/CDTRIM/Build/CDTRIM/system_hw_platform_0/OpenSSD2.bit"
22:58:16 INFO  : Context for 'APU' is selected.
22:58:20 INFO  : Hardware design information is loaded from 'C:/COSMOS_KJH/CosmosPlus_Cluster/CosmosPlus_DFTL_Cluster_DTRIM/CDTRIM/Build/CDTRIM/system_hw_platform_0/system.hdf'.
22:58:20 INFO  : 'configparams force-mem-access 1' command is executed.
22:58:20 INFO  : Context for 'APU' is selected.
22:58:21 INFO  : 'ps7_init' command is executed.
22:58:21 INFO  : 'ps7_post_config' command is executed.
22:58:21 INFO  : Context for processor 'ps7_cortexa9_0' is selected.
22:58:21 INFO  : The application 'C:/COSMOS_KJH/CosmosPlus_Cluster/CosmosPlus_DFTL_Cluster_DTRIM/CDTRIM/Build/CDTRIM/CDTRIM_CACHE/Debug/CDTRIM_CACHE.elf' is downloaded to processor 'ps7_cortexa9_0'.
22:58:21 INFO  : 'configparams force-mem-access 0' command is executed.
22:58:21 INFO  : ----------------XSDB Script----------------
connect -url tcp:127.0.0.1:3121
source C:/COSMOS_KJH/CosmosPlus_Cluster/CosmosPlus_DFTL_Cluster_DTRIM/CDTRIM/Build/CDTRIM/system_hw_platform_0/ps7_init.tcl
targets -set -nocase -filter {name =~"APU*" && jtag_cable_name =~ "Digilent JTAG-SMT2 210251A543E7"} -index 0
rst -system
after 3000
targets -set -filter {jtag_cable_name =~ "Digilent JTAG-SMT2 210251A543E7" && level==0} -index 1
fpga -file C:/COSMOS_KJH/CosmosPlus_Cluster/CosmosPlus_DFTL_Cluster_DTRIM/CDTRIM/Build/CDTRIM/system_hw_platform_0/OpenSSD2.bit
targets -set -nocase -filter {name =~"APU*" && jtag_cable_name =~ "Digilent JTAG-SMT2 210251A543E7"} -index 0
loadhw -hw C:/COSMOS_KJH/CosmosPlus_Cluster/CosmosPlus_DFTL_Cluster_DTRIM/CDTRIM/Build/CDTRIM/system_hw_platform_0/system.hdf -mem-ranges [list {0x40000000 0xbfffffff}]
configparams force-mem-access 1
targets -set -nocase -filter {name =~"APU*" && jtag_cable_name =~ "Digilent JTAG-SMT2 210251A543E7"} -index 0
ps7_init
ps7_post_config
targets -set -nocase -filter {name =~ "ARM*#0" && jtag_cable_name =~ "Digilent JTAG-SMT2 210251A543E7"} -index 0
dow C:/COSMOS_KJH/CosmosPlus_Cluster/CosmosPlus_DFTL_Cluster_DTRIM/CDTRIM/Build/CDTRIM/CDTRIM_CACHE/Debug/CDTRIM_CACHE.elf
configparams force-mem-access 0
----------------End of Script----------------

22:58:22 INFO  : Memory regions updated for context APU
22:58:22 INFO  : Context for processor 'ps7_cortexa9_0' is selected.
22:58:22 INFO  : 'con' command is executed.
22:58:22 INFO  : ----------------XSDB Script (After Launch)----------------
targets -set -nocase -filter {name =~ "ARM*#0" && jtag_cable_name =~ "Digilent JTAG-SMT2 210251A543E7"} -index 0
con
----------------End of Script----------------

22:58:22 INFO  : Launch script is exported to file 'C:\COSMOS_KJH\CosmosPlus_Cluster\CosmosPlus_DFTL_Cluster_DTRIM\CDTRIM\Build\CDTRIM\.sdk\launch_scripts\xilinx_c-c++_application_(system_debugger)\system_debugger_using_debug_cdtrim_cache.elf_on_local.tcl'
23:40:07 INFO  : Disconnected from the channel tcfchan#8.
23:40:08 INFO  : Connected to target on host '127.0.0.1' and port '3121'.
23:40:08 INFO  : Jtag cable 'Digilent JTAG-SMT2 210251A543E7' is selected.
23:40:08 INFO  : 'jtag frequency' command is executed.
23:40:08 INFO  : Sourcing of 'C:/COSMOS_KJH/CosmosPlus_Cluster/CosmosPlus_DFTL_Cluster_DTRIM/CDTRIM/Build/CDTRIM/system_hw_platform_0/ps7_init.tcl' is done.
23:40:08 INFO  : Context for 'APU' is selected.
23:40:09 INFO  : System reset is completed.
23:40:12 INFO  : 'after 3000' command is executed.
23:40:12 INFO  : 'targets -set -filter {jtag_cable_name =~ "Digilent JTAG-SMT2 210251A543E7" && level==0} -index 1' command is executed.
23:40:19 INFO  : FPGA configured successfully with bitstream "C:/COSMOS_KJH/CosmosPlus_Cluster/CosmosPlus_DFTL_Cluster_DTRIM/CDTRIM/Build/CDTRIM/system_hw_platform_0/OpenSSD2.bit"
23:40:19 INFO  : Context for 'APU' is selected.
23:40:24 INFO  : Hardware design information is loaded from 'C:/COSMOS_KJH/CosmosPlus_Cluster/CosmosPlus_DFTL_Cluster_DTRIM/CDTRIM/Build/CDTRIM/system_hw_platform_0/system.hdf'.
23:40:24 INFO  : 'configparams force-mem-access 1' command is executed.
23:40:24 INFO  : Context for 'APU' is selected.
23:40:25 INFO  : 'ps7_init' command is executed.
23:40:25 INFO  : 'ps7_post_config' command is executed.
23:40:25 INFO  : Context for processor 'ps7_cortexa9_0' is selected.
23:40:25 INFO  : The application 'C:/COSMOS_KJH/CosmosPlus_Cluster/CosmosPlus_DFTL_Cluster_DTRIM/CDTRIM/Build/CDTRIM/CDTRIM_CACHE/Debug/CDTRIM_CACHE.elf' is downloaded to processor 'ps7_cortexa9_0'.
23:40:25 INFO  : 'configparams force-mem-access 0' command is executed.
23:40:25 INFO  : ----------------XSDB Script----------------
connect -url tcp:127.0.0.1:3121
source C:/COSMOS_KJH/CosmosPlus_Cluster/CosmosPlus_DFTL_Cluster_DTRIM/CDTRIM/Build/CDTRIM/system_hw_platform_0/ps7_init.tcl
targets -set -nocase -filter {name =~"APU*" && jtag_cable_name =~ "Digilent JTAG-SMT2 210251A543E7"} -index 0
rst -system
after 3000
targets -set -filter {jtag_cable_name =~ "Digilent JTAG-SMT2 210251A543E7" && level==0} -index 1
fpga -file C:/COSMOS_KJH/CosmosPlus_Cluster/CosmosPlus_DFTL_Cluster_DTRIM/CDTRIM/Build/CDTRIM/system_hw_platform_0/OpenSSD2.bit
targets -set -nocase -filter {name =~"APU*" && jtag_cable_name =~ "Digilent JTAG-SMT2 210251A543E7"} -index 0
loadhw -hw C:/COSMOS_KJH/CosmosPlus_Cluster/CosmosPlus_DFTL_Cluster_DTRIM/CDTRIM/Build/CDTRIM/system_hw_platform_0/system.hdf -mem-ranges [list {0x40000000 0xbfffffff}]
configparams force-mem-access 1
targets -set -nocase -filter {name =~"APU*" && jtag_cable_name =~ "Digilent JTAG-SMT2 210251A543E7"} -index 0
ps7_init
ps7_post_config
targets -set -nocase -filter {name =~ "ARM*#0" && jtag_cable_name =~ "Digilent JTAG-SMT2 210251A543E7"} -index 0
dow C:/COSMOS_KJH/CosmosPlus_Cluster/CosmosPlus_DFTL_Cluster_DTRIM/CDTRIM/Build/CDTRIM/CDTRIM_CACHE/Debug/CDTRIM_CACHE.elf
configparams force-mem-access 0
----------------End of Script----------------

23:40:25 INFO  : Memory regions updated for context APU
23:40:25 INFO  : Context for processor 'ps7_cortexa9_0' is selected.
23:40:25 INFO  : 'con' command is executed.
23:40:25 INFO  : ----------------XSDB Script (After Launch)----------------
targets -set -nocase -filter {name =~ "ARM*#0" && jtag_cable_name =~ "Digilent JTAG-SMT2 210251A543E7"} -index 0
con
----------------End of Script----------------

23:40:25 INFO  : Launch script is exported to file 'C:\COSMOS_KJH\CosmosPlus_Cluster\CosmosPlus_DFTL_Cluster_DTRIM\CDTRIM\Build\CDTRIM\.sdk\launch_scripts\xilinx_c-c++_application_(system_debugger)\system_debugger_using_debug_cdtrim_cache.elf_on_local.tcl'
00:09:56 INFO  : Disconnected from the channel tcfchan#9.
00:09:57 INFO  : Connected to target on host '127.0.0.1' and port '3121'.
00:09:58 INFO  : Jtag cable 'Digilent JTAG-SMT2 210251A543E7' is selected.
00:09:58 INFO  : 'jtag frequency' command is executed.
00:09:58 INFO  : Sourcing of 'C:/COSMOS_KJH/CosmosPlus_Cluster/CosmosPlus_DFTL_Cluster_DTRIM/CDTRIM/Build/CDTRIM/system_hw_platform_0/ps7_init.tcl' is done.
00:09:58 INFO  : Context for 'APU' is selected.
00:09:58 INFO  : System reset is completed.
00:10:01 INFO  : 'after 3000' command is executed.
00:10:01 INFO  : 'targets -set -filter {jtag_cable_name =~ "Digilent JTAG-SMT2 210251A543E7" && level==0} -index 1' command is executed.
00:10:08 INFO  : FPGA configured successfully with bitstream "C:/COSMOS_KJH/CosmosPlus_Cluster/CosmosPlus_DFTL_Cluster_DTRIM/CDTRIM/Build/CDTRIM/system_hw_platform_0/OpenSSD2.bit"
00:10:09 INFO  : Context for 'APU' is selected.
00:10:13 INFO  : Hardware design information is loaded from 'C:/COSMOS_KJH/CosmosPlus_Cluster/CosmosPlus_DFTL_Cluster_DTRIM/CDTRIM/Build/CDTRIM/system_hw_platform_0/system.hdf'.
00:10:13 INFO  : 'configparams force-mem-access 1' command is executed.
00:10:13 INFO  : Context for 'APU' is selected.
00:10:14 INFO  : 'ps7_init' command is executed.
00:10:14 INFO  : 'ps7_post_config' command is executed.
00:10:14 INFO  : Context for processor 'ps7_cortexa9_0' is selected.
00:10:14 INFO  : The application 'C:/COSMOS_KJH/CosmosPlus_Cluster/CosmosPlus_DFTL_Cluster_DTRIM/CDTRIM/Build/CDTRIM/CDTRIM_CACHE/Debug/CDTRIM_CACHE.elf' is downloaded to processor 'ps7_cortexa9_0'.
00:10:14 INFO  : 'configparams force-mem-access 0' command is executed.
00:10:14 INFO  : ----------------XSDB Script----------------
connect -url tcp:127.0.0.1:3121
source C:/COSMOS_KJH/CosmosPlus_Cluster/CosmosPlus_DFTL_Cluster_DTRIM/CDTRIM/Build/CDTRIM/system_hw_platform_0/ps7_init.tcl
targets -set -nocase -filter {name =~"APU*" && jtag_cable_name =~ "Digilent JTAG-SMT2 210251A543E7"} -index 0
rst -system
after 3000
targets -set -filter {jtag_cable_name =~ "Digilent JTAG-SMT2 210251A543E7" && level==0} -index 1
fpga -file C:/COSMOS_KJH/CosmosPlus_Cluster/CosmosPlus_DFTL_Cluster_DTRIM/CDTRIM/Build/CDTRIM/system_hw_platform_0/OpenSSD2.bit
targets -set -nocase -filter {name =~"APU*" && jtag_cable_name =~ "Digilent JTAG-SMT2 210251A543E7"} -index 0
loadhw -hw C:/COSMOS_KJH/CosmosPlus_Cluster/CosmosPlus_DFTL_Cluster_DTRIM/CDTRIM/Build/CDTRIM/system_hw_platform_0/system.hdf -mem-ranges [list {0x40000000 0xbfffffff}]
configparams force-mem-access 1
targets -set -nocase -filter {name =~"APU*" && jtag_cable_name =~ "Digilent JTAG-SMT2 210251A543E7"} -index 0
ps7_init
ps7_post_config
targets -set -nocase -filter {name =~ "ARM*#0" && jtag_cable_name =~ "Digilent JTAG-SMT2 210251A543E7"} -index 0
dow C:/COSMOS_KJH/CosmosPlus_Cluster/CosmosPlus_DFTL_Cluster_DTRIM/CDTRIM/Build/CDTRIM/CDTRIM_CACHE/Debug/CDTRIM_CACHE.elf
configparams force-mem-access 0
----------------End of Script----------------

00:10:14 INFO  : Memory regions updated for context APU
00:10:14 INFO  : Context for processor 'ps7_cortexa9_0' is selected.
00:10:14 INFO  : 'con' command is executed.
00:10:14 INFO  : ----------------XSDB Script (After Launch)----------------
targets -set -nocase -filter {name =~ "ARM*#0" && jtag_cable_name =~ "Digilent JTAG-SMT2 210251A543E7"} -index 0
con
----------------End of Script----------------

00:10:14 INFO  : Launch script is exported to file 'C:\COSMOS_KJH\CosmosPlus_Cluster\CosmosPlus_DFTL_Cluster_DTRIM\CDTRIM\Build\CDTRIM\.sdk\launch_scripts\xilinx_c-c++_application_(system_debugger)\system_debugger_using_debug_cdtrim_cache.elf_on_local.tcl'
00:47:41 INFO  : Disconnected from the channel tcfchan#10.
00:47:42 INFO  : Connected to target on host '127.0.0.1' and port '3121'.
00:47:42 INFO  : Jtag cable 'Digilent JTAG-SMT2 210251A543E7' is selected.
00:47:42 INFO  : 'jtag frequency' command is executed.
00:47:42 INFO  : Sourcing of 'C:/COSMOS_KJH/CosmosPlus_Cluster/CosmosPlus_DFTL_Cluster_DTRIM/CDTRIM/Build/CDTRIM/system_hw_platform_0/ps7_init.tcl' is done.
00:47:42 INFO  : Context for 'APU' is selected.
00:47:42 INFO  : System reset is completed.
00:47:45 INFO  : 'after 3000' command is executed.
00:47:45 INFO  : 'targets -set -filter {jtag_cable_name =~ "Digilent JTAG-SMT2 210251A543E7" && level==0} -index 1' command is executed.
00:47:53 INFO  : FPGA configured successfully with bitstream "C:/COSMOS_KJH/CosmosPlus_Cluster/CosmosPlus_DFTL_Cluster_DTRIM/CDTRIM/Build/CDTRIM/system_hw_platform_0/OpenSSD2.bit"
00:47:53 INFO  : Context for 'APU' is selected.
00:47:58 INFO  : Hardware design information is loaded from 'C:/COSMOS_KJH/CosmosPlus_Cluster/CosmosPlus_DFTL_Cluster_DTRIM/CDTRIM/Build/CDTRIM/system_hw_platform_0/system.hdf'.
00:47:58 INFO  : 'configparams force-mem-access 1' command is executed.
00:47:58 INFO  : Context for 'APU' is selected.
00:47:58 INFO  : 'ps7_init' command is executed.
00:47:58 INFO  : 'ps7_post_config' command is executed.
00:47:58 INFO  : Context for processor 'ps7_cortexa9_0' is selected.
00:47:59 INFO  : The application 'C:/COSMOS_KJH/CosmosPlus_Cluster/CosmosPlus_DFTL_Cluster_DTRIM/CDTRIM/Build/CDTRIM/CDTRIM_CACHE/Debug/CDTRIM_CACHE.elf' is downloaded to processor 'ps7_cortexa9_0'.
00:47:59 INFO  : 'configparams force-mem-access 0' command is executed.
00:47:59 INFO  : ----------------XSDB Script----------------
connect -url tcp:127.0.0.1:3121
source C:/COSMOS_KJH/CosmosPlus_Cluster/CosmosPlus_DFTL_Cluster_DTRIM/CDTRIM/Build/CDTRIM/system_hw_platform_0/ps7_init.tcl
targets -set -nocase -filter {name =~"APU*" && jtag_cable_name =~ "Digilent JTAG-SMT2 210251A543E7"} -index 0
rst -system
after 3000
targets -set -filter {jtag_cable_name =~ "Digilent JTAG-SMT2 210251A543E7" && level==0} -index 1
fpga -file C:/COSMOS_KJH/CosmosPlus_Cluster/CosmosPlus_DFTL_Cluster_DTRIM/CDTRIM/Build/CDTRIM/system_hw_platform_0/OpenSSD2.bit
targets -set -nocase -filter {name =~"APU*" && jtag_cable_name =~ "Digilent JTAG-SMT2 210251A543E7"} -index 0
loadhw -hw C:/COSMOS_KJH/CosmosPlus_Cluster/CosmosPlus_DFTL_Cluster_DTRIM/CDTRIM/Build/CDTRIM/system_hw_platform_0/system.hdf -mem-ranges [list {0x40000000 0xbfffffff}]
configparams force-mem-access 1
targets -set -nocase -filter {name =~"APU*" && jtag_cable_name =~ "Digilent JTAG-SMT2 210251A543E7"} -index 0
ps7_init
ps7_post_config
targets -set -nocase -filter {name =~ "ARM*#0" && jtag_cable_name =~ "Digilent JTAG-SMT2 210251A543E7"} -index 0
dow C:/COSMOS_KJH/CosmosPlus_Cluster/CosmosPlus_DFTL_Cluster_DTRIM/CDTRIM/Build/CDTRIM/CDTRIM_CACHE/Debug/CDTRIM_CACHE.elf
configparams force-mem-access 0
----------------End of Script----------------

00:47:59 INFO  : Memory regions updated for context APU
00:47:59 INFO  : Context for processor 'ps7_cortexa9_0' is selected.
00:47:59 INFO  : 'con' command is executed.
00:47:59 INFO  : ----------------XSDB Script (After Launch)----------------
targets -set -nocase -filter {name =~ "ARM*#0" && jtag_cable_name =~ "Digilent JTAG-SMT2 210251A543E7"} -index 0
con
----------------End of Script----------------

00:47:59 INFO  : Launch script is exported to file 'C:\COSMOS_KJH\CosmosPlus_Cluster\CosmosPlus_DFTL_Cluster_DTRIM\CDTRIM\Build\CDTRIM\.sdk\launch_scripts\xilinx_c-c++_application_(system_debugger)\system_debugger_using_debug_cdtrim_cache.elf_on_local.tcl'
01:21:54 INFO  : Disconnected from the channel tcfchan#11.
12:45:40 INFO  : Registering command handlers for SDK TCF services
12:45:41 INFO  : Launching XSCT server: xsct.bat -interactive C:\COSMOS_KJH\CosmosPlus_Cluster\CosmosPlus_DFTL_Cluster_DTRIM\CDTRIM\Build\CDTRIM\temp_xsdb_launch_script.tcl
12:45:45 INFO  : XSCT server has started successfully.
12:45:45 INFO  : Successfully done setting XSCT server connection channel  
12:45:50 INFO  : Successfully done setting SDK workspace  
12:46:48 INFO  : Connected to target on host '127.0.0.1' and port '3121'.
12:46:49 INFO  : Jtag cable 'Digilent JTAG-SMT2 210251A543E7' is selected.
12:46:49 INFO  : 'jtag frequency' command is executed.
12:46:49 INFO  : Sourcing of 'C:/COSMOS_KJH/CosmosPlus_Cluster/CosmosPlus_DFTL_Cluster_DTRIM/CDTRIM/Build/CDTRIM/system_hw_platform_0/ps7_init.tcl' is done.
12:46:49 INFO  : Context for 'APU' is selected.
12:46:50 INFO  : System reset is completed.
12:46:53 INFO  : 'after 3000' command is executed.
12:46:53 INFO  : 'targets -set -filter {jtag_cable_name =~ "Digilent JTAG-SMT2 210251A543E7" && level==0} -index 1' command is executed.
12:47:00 INFO  : FPGA configured successfully with bitstream "C:/COSMOS_KJH/CosmosPlus_Cluster/CosmosPlus_DFTL_Cluster_DTRIM/CDTRIM/Build/CDTRIM/system_hw_platform_0/OpenSSD2.bit"
12:47:00 INFO  : Context for 'APU' is selected.
12:47:00 INFO  : Hardware design information is loaded from 'C:/COSMOS_KJH/CosmosPlus_Cluster/CosmosPlus_DFTL_Cluster_DTRIM/CDTRIM/Build/CDTRIM/system_hw_platform_0/system.hdf'.
12:47:00 INFO  : 'configparams force-mem-access 1' command is executed.
12:47:00 INFO  : Context for 'APU' is selected.
12:47:01 INFO  : 'ps7_init' command is executed.
12:47:01 INFO  : 'ps7_post_config' command is executed.
12:47:01 INFO  : Context for processor 'ps7_cortexa9_0' is selected.
12:47:01 INFO  : The application 'C:/COSMOS_KJH/CosmosPlus_Cluster/CosmosPlus_DFTL_Cluster_DTRIM/CDTRIM/Build/CDTRIM/CDTRIM_CACHE/Debug/CDTRIM_CACHE.elf' is downloaded to processor 'ps7_cortexa9_0'.
12:47:01 INFO  : 'configparams force-mem-access 0' command is executed.
12:47:01 INFO  : ----------------XSDB Script----------------
connect -url tcp:127.0.0.1:3121
source C:/COSMOS_KJH/CosmosPlus_Cluster/CosmosPlus_DFTL_Cluster_DTRIM/CDTRIM/Build/CDTRIM/system_hw_platform_0/ps7_init.tcl
targets -set -nocase -filter {name =~"APU*" && jtag_cable_name =~ "Digilent JTAG-SMT2 210251A543E7"} -index 0
rst -system
after 3000
targets -set -filter {jtag_cable_name =~ "Digilent JTAG-SMT2 210251A543E7" && level==0} -index 1
fpga -file C:/COSMOS_KJH/CosmosPlus_Cluster/CosmosPlus_DFTL_Cluster_DTRIM/CDTRIM/Build/CDTRIM/system_hw_platform_0/OpenSSD2.bit
targets -set -nocase -filter {name =~"APU*" && jtag_cable_name =~ "Digilent JTAG-SMT2 210251A543E7"} -index 0
loadhw -hw C:/COSMOS_KJH/CosmosPlus_Cluster/CosmosPlus_DFTL_Cluster_DTRIM/CDTRIM/Build/CDTRIM/system_hw_platform_0/system.hdf -mem-ranges [list {0x40000000 0xbfffffff}]
configparams force-mem-access 1
targets -set -nocase -filter {name =~"APU*" && jtag_cable_name =~ "Digilent JTAG-SMT2 210251A543E7"} -index 0
ps7_init
ps7_post_config
targets -set -nocase -filter {name =~ "ARM*#0" && jtag_cable_name =~ "Digilent JTAG-SMT2 210251A543E7"} -index 0
dow C:/COSMOS_KJH/CosmosPlus_Cluster/CosmosPlus_DFTL_Cluster_DTRIM/CDTRIM/Build/CDTRIM/CDTRIM_CACHE/Debug/CDTRIM_CACHE.elf
configparams force-mem-access 0
----------------End of Script----------------

12:47:01 INFO  : Memory regions updated for context APU
12:47:01 INFO  : Context for processor 'ps7_cortexa9_0' is selected.
12:47:01 INFO  : 'con' command is executed.
12:47:01 INFO  : ----------------XSDB Script (After Launch)----------------
targets -set -nocase -filter {name =~ "ARM*#0" && jtag_cable_name =~ "Digilent JTAG-SMT2 210251A543E7"} -index 0
con
----------------End of Script----------------

12:47:01 INFO  : Launch script is exported to file 'C:\COSMOS_KJH\CosmosPlus_Cluster\CosmosPlus_DFTL_Cluster_DTRIM\CDTRIM\Build\CDTRIM\.sdk\launch_scripts\xilinx_c-c++_application_(system_debugger)\system_debugger_using_debug_cdtrim_cache.elf_on_local.tcl'
19:02:21 INFO  : Disconnected from the channel tcfchan#1.
15:02:15 INFO  : Registering command handlers for SDK TCF services
15:02:16 INFO  : Launching XSCT server: xsct.bat -interactive C:\COSMOS_KJH\CosmosPlus_Cluster\CosmosPlus_DFTL_Cluster_DTRIM\CDTRIM\Build\CDTRIM\temp_xsdb_launch_script.tcl
15:02:20 INFO  : XSCT server has started successfully.
15:02:25 INFO  : Successfully done setting XSCT server connection channel  
15:02:25 INFO  : Successfully done setting SDK workspace  
15:03:47 INFO  : Connected to target on host '127.0.0.1' and port '3121'.
15:03:48 INFO  : Jtag cable 'Digilent JTAG-SMT2 210251A543E7' is selected.
15:03:48 INFO  : 'jtag frequency' command is executed.
15:03:48 INFO  : Sourcing of 'C:/COSMOS_KJH/CosmosPlus_Cluster/CosmosPlus_DFTL_Cluster_DTRIM/CDTRIM/Build/CDTRIM/system_hw_platform_0/ps7_init.tcl' is done.
15:03:48 INFO  : Context for 'APU' is selected.
15:03:48 INFO  : System reset is completed.
15:03:51 INFO  : 'after 3000' command is executed.
15:03:51 INFO  : 'targets -set -filter {jtag_cable_name =~ "Digilent JTAG-SMT2 210251A543E7" && level==0} -index 1' command is executed.
15:03:58 INFO  : FPGA configured successfully with bitstream "C:/COSMOS_KJH/CosmosPlus_Cluster/CosmosPlus_DFTL_Cluster_DTRIM/CDTRIM/Build/CDTRIM/system_hw_platform_0/OpenSSD2.bit"
15:03:58 INFO  : Context for 'APU' is selected.
15:03:59 INFO  : Hardware design information is loaded from 'C:/COSMOS_KJH/CosmosPlus_Cluster/CosmosPlus_DFTL_Cluster_DTRIM/CDTRIM/Build/CDTRIM/system_hw_platform_0/system.hdf'.
15:03:59 INFO  : 'configparams force-mem-access 1' command is executed.
15:03:59 INFO  : Context for 'APU' is selected.
15:03:59 INFO  : 'ps7_init' command is executed.
15:03:59 INFO  : 'ps7_post_config' command is executed.
15:03:59 INFO  : Context for processor 'ps7_cortexa9_0' is selected.
15:03:59 INFO  : The application 'C:/COSMOS_KJH/CosmosPlus_Cluster/CosmosPlus_DFTL_Cluster_DTRIM/CDTRIM/Build/CDTRIM/CDTRIM_CACHE/Debug/CDTRIM_CACHE.elf' is downloaded to processor 'ps7_cortexa9_0'.
15:03:59 INFO  : 'configparams force-mem-access 0' command is executed.
15:03:59 INFO  : ----------------XSDB Script----------------
connect -url tcp:127.0.0.1:3121
source C:/COSMOS_KJH/CosmosPlus_Cluster/CosmosPlus_DFTL_Cluster_DTRIM/CDTRIM/Build/CDTRIM/system_hw_platform_0/ps7_init.tcl
targets -set -nocase -filter {name =~"APU*" && jtag_cable_name =~ "Digilent JTAG-SMT2 210251A543E7"} -index 0
rst -system
after 3000
targets -set -filter {jtag_cable_name =~ "Digilent JTAG-SMT2 210251A543E7" && level==0} -index 1
fpga -file C:/COSMOS_KJH/CosmosPlus_Cluster/CosmosPlus_DFTL_Cluster_DTRIM/CDTRIM/Build/CDTRIM/system_hw_platform_0/OpenSSD2.bit
targets -set -nocase -filter {name =~"APU*" && jtag_cable_name =~ "Digilent JTAG-SMT2 210251A543E7"} -index 0
loadhw -hw C:/COSMOS_KJH/CosmosPlus_Cluster/CosmosPlus_DFTL_Cluster_DTRIM/CDTRIM/Build/CDTRIM/system_hw_platform_0/system.hdf -mem-ranges [list {0x40000000 0xbfffffff}]
configparams force-mem-access 1
targets -set -nocase -filter {name =~"APU*" && jtag_cable_name =~ "Digilent JTAG-SMT2 210251A543E7"} -index 0
ps7_init
ps7_post_config
targets -set -nocase -filter {name =~ "ARM*#0" && jtag_cable_name =~ "Digilent JTAG-SMT2 210251A543E7"} -index 0
dow C:/COSMOS_KJH/CosmosPlus_Cluster/CosmosPlus_DFTL_Cluster_DTRIM/CDTRIM/Build/CDTRIM/CDTRIM_CACHE/Debug/CDTRIM_CACHE.elf
configparams force-mem-access 0
----------------End of Script----------------

15:04:00 INFO  : Memory regions updated for context APU
15:04:00 INFO  : Context for processor 'ps7_cortexa9_0' is selected.
15:04:00 INFO  : 'con' command is executed.
15:04:00 INFO  : ----------------XSDB Script (After Launch)----------------
targets -set -nocase -filter {name =~ "ARM*#0" && jtag_cable_name =~ "Digilent JTAG-SMT2 210251A543E7"} -index 0
con
----------------End of Script----------------

15:04:00 INFO  : Launch script is exported to file 'C:\COSMOS_KJH\CosmosPlus_Cluster\CosmosPlus_DFTL_Cluster_DTRIM\CDTRIM\Build\CDTRIM\.sdk\launch_scripts\xilinx_c-c++_application_(system_debugger)\system_debugger_using_debug_cdtrim_cache.elf_on_local.tcl'
15:05:08 INFO  : Disconnected from the channel tcfchan#1.
15:05:09 INFO  : Connected to target on host '127.0.0.1' and port '3121'.
15:05:09 INFO  : Jtag cable 'Digilent JTAG-SMT2 210251A543E7' is selected.
15:05:09 INFO  : 'jtag frequency' command is executed.
15:05:09 INFO  : Sourcing of 'C:/COSMOS_KJH/CosmosPlus_Cluster/CosmosPlus_DFTL_Cluster_DTRIM/CDTRIM/Build/CDTRIM/system_hw_platform_0/ps7_init.tcl' is done.
15:05:09 INFO  : Context for 'APU' is selected.
15:05:09 INFO  : System reset is completed.
15:05:12 INFO  : 'after 3000' command is executed.
15:05:12 INFO  : 'targets -set -filter {jtag_cable_name =~ "Digilent JTAG-SMT2 210251A543E7" && level==0} -index 1' command is executed.
15:05:20 INFO  : FPGA configured successfully with bitstream "C:/COSMOS_KJH/CosmosPlus_Cluster/CosmosPlus_DFTL_Cluster_DTRIM/CDTRIM/Build/CDTRIM/system_hw_platform_0/OpenSSD2.bit"
15:05:20 INFO  : Context for 'APU' is selected.
15:05:25 INFO  : Hardware design information is loaded from 'C:/COSMOS_KJH/CosmosPlus_Cluster/CosmosPlus_DFTL_Cluster_DTRIM/CDTRIM/Build/CDTRIM/system_hw_platform_0/system.hdf'.
15:05:25 INFO  : 'configparams force-mem-access 1' command is executed.
15:05:25 INFO  : Context for 'APU' is selected.
15:05:25 INFO  : 'ps7_init' command is executed.
15:05:25 INFO  : 'ps7_post_config' command is executed.
15:05:25 INFO  : Context for processor 'ps7_cortexa9_0' is selected.
15:05:26 INFO  : The application 'C:/COSMOS_KJH/CosmosPlus_Cluster/CosmosPlus_DFTL_Cluster_DTRIM/CDTRIM/Build/CDTRIM/CDTRIM_CACHE/Debug/CDTRIM_CACHE.elf' is downloaded to processor 'ps7_cortexa9_0'.
15:05:26 INFO  : 'configparams force-mem-access 0' command is executed.
15:05:26 INFO  : ----------------XSDB Script----------------
connect -url tcp:127.0.0.1:3121
source C:/COSMOS_KJH/CosmosPlus_Cluster/CosmosPlus_DFTL_Cluster_DTRIM/CDTRIM/Build/CDTRIM/system_hw_platform_0/ps7_init.tcl
targets -set -nocase -filter {name =~"APU*" && jtag_cable_name =~ "Digilent JTAG-SMT2 210251A543E7"} -index 0
rst -system
after 3000
targets -set -filter {jtag_cable_name =~ "Digilent JTAG-SMT2 210251A543E7" && level==0} -index 1
fpga -file C:/COSMOS_KJH/CosmosPlus_Cluster/CosmosPlus_DFTL_Cluster_DTRIM/CDTRIM/Build/CDTRIM/system_hw_platform_0/OpenSSD2.bit
targets -set -nocase -filter {name =~"APU*" && jtag_cable_name =~ "Digilent JTAG-SMT2 210251A543E7"} -index 0
loadhw -hw C:/COSMOS_KJH/CosmosPlus_Cluster/CosmosPlus_DFTL_Cluster_DTRIM/CDTRIM/Build/CDTRIM/system_hw_platform_0/system.hdf -mem-ranges [list {0x40000000 0xbfffffff}]
configparams force-mem-access 1
targets -set -nocase -filter {name =~"APU*" && jtag_cable_name =~ "Digilent JTAG-SMT2 210251A543E7"} -index 0
ps7_init
ps7_post_config
targets -set -nocase -filter {name =~ "ARM*#0" && jtag_cable_name =~ "Digilent JTAG-SMT2 210251A543E7"} -index 0
dow C:/COSMOS_KJH/CosmosPlus_Cluster/CosmosPlus_DFTL_Cluster_DTRIM/CDTRIM/Build/CDTRIM/CDTRIM_CACHE/Debug/CDTRIM_CACHE.elf
configparams force-mem-access 0
----------------End of Script----------------

15:05:26 INFO  : Memory regions updated for context APU
15:05:26 INFO  : Context for processor 'ps7_cortexa9_0' is selected.
15:05:26 INFO  : 'con' command is executed.
15:05:26 INFO  : ----------------XSDB Script (After Launch)----------------
targets -set -nocase -filter {name =~ "ARM*#0" && jtag_cable_name =~ "Digilent JTAG-SMT2 210251A543E7"} -index 0
con
----------------End of Script----------------

15:05:26 INFO  : Launch script is exported to file 'C:\COSMOS_KJH\CosmosPlus_Cluster\CosmosPlus_DFTL_Cluster_DTRIM\CDTRIM\Build\CDTRIM\.sdk\launch_scripts\xilinx_c-c++_application_(system_debugger)\system_debugger_using_debug_cdtrim_cache.elf_on_local.tcl'
15:06:06 INFO  : Disconnected from the channel tcfchan#2.
15:07:48 INFO  : Registering command handlers for SDK TCF services
15:07:50 INFO  : Launching XSCT server: xsct.bat -interactive C:\COSMOS_KJH\CosmosPlus_Cluster\CosmosPlus_DFTL_Cluster_DTRIM\CDTRIM\Build\CDTRIM\temp_xsdb_launch_script.tcl
15:07:54 INFO  : XSCT server has started successfully.
15:07:59 INFO  : Successfully done setting XSCT server connection channel  
15:08:09 INFO  : Successfully done setting SDK workspace  
15:08:19 INFO  : Connected to target on host '127.0.0.1' and port '3121'.
15:08:20 INFO  : Jtag cable 'Digilent JTAG-SMT2 210251A543E7' is selected.
15:08:20 INFO  : 'jtag frequency' command is executed.
15:08:20 INFO  : Sourcing of 'C:/COSMOS_KJH/CosmosPlus_Cluster/CosmosPlus_DFTL_Cluster_DTRIM/CDTRIM/Build/CDTRIM/system_hw_platform_0/ps7_init.tcl' is done.
15:08:20 INFO  : Context for 'APU' is selected.
15:08:20 INFO  : System reset is completed.
15:08:23 INFO  : 'after 3000' command is executed.
15:08:23 INFO  : 'targets -set -filter {jtag_cable_name =~ "Digilent JTAG-SMT2 210251A543E7" && level==0} -index 1' command is executed.
15:08:31 INFO  : FPGA configured successfully with bitstream "C:/COSMOS_KJH/CosmosPlus_Cluster/CosmosPlus_DFTL_Cluster_DTRIM/CDTRIM/Build/CDTRIM/system_hw_platform_0/OpenSSD2.bit"
15:08:31 INFO  : Context for 'APU' is selected.
15:08:31 INFO  : Hardware design information is loaded from 'C:/COSMOS_KJH/CosmosPlus_Cluster/CosmosPlus_DFTL_Cluster_DTRIM/CDTRIM/Build/CDTRIM/system_hw_platform_0/system.hdf'.
15:08:31 INFO  : 'configparams force-mem-access 1' command is executed.
15:08:31 INFO  : Context for 'APU' is selected.
15:08:31 INFO  : 'ps7_init' command is executed.
15:08:31 INFO  : 'ps7_post_config' command is executed.
15:08:32 INFO  : Context for processor 'ps7_cortexa9_0' is selected.
15:08:32 INFO  : The application 'C:/COSMOS_KJH/CosmosPlus_Cluster/CosmosPlus_DFTL_Cluster_DTRIM/CDTRIM/Build/CDTRIM/CDTRIM_CACHE/Debug/CDTRIM_CACHE.elf' is downloaded to processor 'ps7_cortexa9_0'.
15:08:32 INFO  : 'configparams force-mem-access 0' command is executed.
15:08:32 INFO  : ----------------XSDB Script----------------
connect -url tcp:127.0.0.1:3121
source C:/COSMOS_KJH/CosmosPlus_Cluster/CosmosPlus_DFTL_Cluster_DTRIM/CDTRIM/Build/CDTRIM/system_hw_platform_0/ps7_init.tcl
targets -set -nocase -filter {name =~"APU*" && jtag_cable_name =~ "Digilent JTAG-SMT2 210251A543E7"} -index 0
rst -system
after 3000
targets -set -filter {jtag_cable_name =~ "Digilent JTAG-SMT2 210251A543E7" && level==0} -index 1
fpga -file C:/COSMOS_KJH/CosmosPlus_Cluster/CosmosPlus_DFTL_Cluster_DTRIM/CDTRIM/Build/CDTRIM/system_hw_platform_0/OpenSSD2.bit
targets -set -nocase -filter {name =~"APU*" && jtag_cable_name =~ "Digilent JTAG-SMT2 210251A543E7"} -index 0
loadhw -hw C:/COSMOS_KJH/CosmosPlus_Cluster/CosmosPlus_DFTL_Cluster_DTRIM/CDTRIM/Build/CDTRIM/system_hw_platform_0/system.hdf -mem-ranges [list {0x40000000 0xbfffffff}]
configparams force-mem-access 1
targets -set -nocase -filter {name =~"APU*" && jtag_cable_name =~ "Digilent JTAG-SMT2 210251A543E7"} -index 0
ps7_init
ps7_post_config
targets -set -nocase -filter {name =~ "ARM*#0" && jtag_cable_name =~ "Digilent JTAG-SMT2 210251A543E7"} -index 0
dow C:/COSMOS_KJH/CosmosPlus_Cluster/CosmosPlus_DFTL_Cluster_DTRIM/CDTRIM/Build/CDTRIM/CDTRIM_CACHE/Debug/CDTRIM_CACHE.elf
configparams force-mem-access 0
----------------End of Script----------------

15:08:32 INFO  : Memory regions updated for context APU
15:08:32 INFO  : Context for processor 'ps7_cortexa9_0' is selected.
15:08:32 INFO  : 'con' command is executed.
15:08:32 INFO  : ----------------XSDB Script (After Launch)----------------
targets -set -nocase -filter {name =~ "ARM*#0" && jtag_cable_name =~ "Digilent JTAG-SMT2 210251A543E7"} -index 0
con
----------------End of Script----------------

15:08:32 INFO  : Launch script is exported to file 'C:\COSMOS_KJH\CosmosPlus_Cluster\CosmosPlus_DFTL_Cluster_DTRIM\CDTRIM\Build\CDTRIM\.sdk\launch_scripts\xilinx_c-c++_application_(system_debugger)\system_debugger_using_debug_cdtrim_cache.elf_on_local.tcl'
16:00:37 INFO  : Disconnected from the channel tcfchan#1.
20:29:02 INFO  : Registering command handlers for SDK TCF services
20:29:03 INFO  : Launching XSCT server: xsct.bat -interactive C:\COSMOS_KJH\CosmosPlus_Cluster\CosmosPlus_DFTL_Cluster_DTRIM\CDTRIM\Build\CDTRIM\temp_xsdb_launch_script.tcl
20:29:07 INFO  : XSCT server has started successfully.
20:29:11 INFO  : Successfully done setting XSCT server connection channel  
20:29:11 INFO  : Successfully done setting SDK workspace  
21:06:03 INFO  : Connected to target on host '127.0.0.1' and port '3121'.
21:06:04 INFO  : Jtag cable 'Digilent JTAG-SMT2 210251A543E7' is selected.
21:06:04 INFO  : 'jtag frequency' command is executed.
21:06:04 INFO  : Sourcing of 'C:/COSMOS_KJH/CosmosPlus_Cluster/CosmosPlus_DFTL_Cluster_DTRIM/CDTRIM/Build/CDTRIM/system_hw_platform_0/ps7_init.tcl' is done.
21:06:04 INFO  : Context for 'APU' is selected.
21:06:04 INFO  : System reset is completed.
21:06:07 INFO  : 'after 3000' command is executed.
21:06:07 INFO  : 'targets -set -filter {jtag_cable_name =~ "Digilent JTAG-SMT2 210251A543E7" && level==0} -index 1' command is executed.
21:06:15 INFO  : FPGA configured successfully with bitstream "C:/COSMOS_KJH/CosmosPlus_Cluster/CosmosPlus_DFTL_Cluster_DTRIM/CDTRIM/Build/CDTRIM/system_hw_platform_0/OpenSSD2.bit"
21:06:15 INFO  : Context for 'APU' is selected.
21:06:15 INFO  : Hardware design information is loaded from 'C:/COSMOS_KJH/CosmosPlus_Cluster/CosmosPlus_DFTL_Cluster_DTRIM/CDTRIM/Build/CDTRIM/system_hw_platform_0/system.hdf'.
21:06:15 INFO  : 'configparams force-mem-access 1' command is executed.
21:06:15 INFO  : Context for 'APU' is selected.
21:06:15 INFO  : 'ps7_init' command is executed.
21:06:15 INFO  : 'ps7_post_config' command is executed.
21:06:15 INFO  : Context for processor 'ps7_cortexa9_0' is selected.
21:06:16 INFO  : The application 'C:/COSMOS_KJH/CosmosPlus_Cluster/CosmosPlus_DFTL_Cluster_DTRIM/CDTRIM/Build/CDTRIM/CDTRIM_CACHE/Debug/CDTRIM_CACHE.elf' is downloaded to processor 'ps7_cortexa9_0'.
21:06:16 INFO  : 'configparams force-mem-access 0' command is executed.
21:06:16 INFO  : ----------------XSDB Script----------------
connect -url tcp:127.0.0.1:3121
source C:/COSMOS_KJH/CosmosPlus_Cluster/CosmosPlus_DFTL_Cluster_DTRIM/CDTRIM/Build/CDTRIM/system_hw_platform_0/ps7_init.tcl
targets -set -nocase -filter {name =~"APU*" && jtag_cable_name =~ "Digilent JTAG-SMT2 210251A543E7"} -index 0
rst -system
after 3000
targets -set -filter {jtag_cable_name =~ "Digilent JTAG-SMT2 210251A543E7" && level==0} -index 1
fpga -file C:/COSMOS_KJH/CosmosPlus_Cluster/CosmosPlus_DFTL_Cluster_DTRIM/CDTRIM/Build/CDTRIM/system_hw_platform_0/OpenSSD2.bit
targets -set -nocase -filter {name =~"APU*" && jtag_cable_name =~ "Digilent JTAG-SMT2 210251A543E7"} -index 0
loadhw -hw C:/COSMOS_KJH/CosmosPlus_Cluster/CosmosPlus_DFTL_Cluster_DTRIM/CDTRIM/Build/CDTRIM/system_hw_platform_0/system.hdf -mem-ranges [list {0x40000000 0xbfffffff}]
configparams force-mem-access 1
targets -set -nocase -filter {name =~"APU*" && jtag_cable_name =~ "Digilent JTAG-SMT2 210251A543E7"} -index 0
ps7_init
ps7_post_config
targets -set -nocase -filter {name =~ "ARM*#0" && jtag_cable_name =~ "Digilent JTAG-SMT2 210251A543E7"} -index 0
dow C:/COSMOS_KJH/CosmosPlus_Cluster/CosmosPlus_DFTL_Cluster_DTRIM/CDTRIM/Build/CDTRIM/CDTRIM_CACHE/Debug/CDTRIM_CACHE.elf
configparams force-mem-access 0
----------------End of Script----------------

21:06:16 INFO  : Memory regions updated for context APU
21:06:16 INFO  : Context for processor 'ps7_cortexa9_0' is selected.
21:06:16 INFO  : 'con' command is executed.
21:06:16 INFO  : ----------------XSDB Script (After Launch)----------------
targets -set -nocase -filter {name =~ "ARM*#0" && jtag_cable_name =~ "Digilent JTAG-SMT2 210251A543E7"} -index 0
con
----------------End of Script----------------

21:06:16 INFO  : Launch script is exported to file 'C:\COSMOS_KJH\CosmosPlus_Cluster\CosmosPlus_DFTL_Cluster_DTRIM\CDTRIM\Build\CDTRIM\.sdk\launch_scripts\xilinx_c-c++_application_(system_debugger)\system_debugger_using_debug_cdtrim_cache.elf_on_local.tcl'
21:31:38 INFO  : Disconnected from the channel tcfchan#1.
21:31:39 INFO  : Connected to target on host '127.0.0.1' and port '3121'.
21:31:39 INFO  : Jtag cable 'Digilent JTAG-SMT2 210251A543E7' is selected.
21:31:39 INFO  : 'jtag frequency' command is executed.
21:31:39 INFO  : Sourcing of 'C:/COSMOS_KJH/CosmosPlus_Cluster/CosmosPlus_DFTL_Cluster_DTRIM/CDTRIM/Build/CDTRIM/system_hw_platform_0/ps7_init.tcl' is done.
21:31:39 INFO  : Context for 'APU' is selected.
21:31:39 INFO  : System reset is completed.
21:31:42 INFO  : 'after 3000' command is executed.
21:31:42 INFO  : 'targets -set -filter {jtag_cable_name =~ "Digilent JTAG-SMT2 210251A543E7" && level==0} -index 1' command is executed.
21:31:50 INFO  : FPGA configured successfully with bitstream "C:/COSMOS_KJH/CosmosPlus_Cluster/CosmosPlus_DFTL_Cluster_DTRIM/CDTRIM/Build/CDTRIM/system_hw_platform_0/OpenSSD2.bit"
21:31:50 INFO  : Context for 'APU' is selected.
21:31:55 INFO  : Hardware design information is loaded from 'C:/COSMOS_KJH/CosmosPlus_Cluster/CosmosPlus_DFTL_Cluster_DTRIM/CDTRIM/Build/CDTRIM/system_hw_platform_0/system.hdf'.
21:31:55 INFO  : 'configparams force-mem-access 1' command is executed.
21:31:55 INFO  : Context for 'APU' is selected.
21:31:56 INFO  : 'ps7_init' command is executed.
21:31:56 INFO  : 'ps7_post_config' command is executed.
21:31:56 INFO  : Context for processor 'ps7_cortexa9_0' is selected.
21:31:56 INFO  : The application 'C:/COSMOS_KJH/CosmosPlus_Cluster/CosmosPlus_DFTL_Cluster_DTRIM/CDTRIM/Build/CDTRIM/CDTRIM_CACHE/Debug/CDTRIM_CACHE.elf' is downloaded to processor 'ps7_cortexa9_0'.
21:31:56 INFO  : 'configparams force-mem-access 0' command is executed.
21:31:56 INFO  : ----------------XSDB Script----------------
connect -url tcp:127.0.0.1:3121
source C:/COSMOS_KJH/CosmosPlus_Cluster/CosmosPlus_DFTL_Cluster_DTRIM/CDTRIM/Build/CDTRIM/system_hw_platform_0/ps7_init.tcl
targets -set -nocase -filter {name =~"APU*" && jtag_cable_name =~ "Digilent JTAG-SMT2 210251A543E7"} -index 0
rst -system
after 3000
targets -set -filter {jtag_cable_name =~ "Digilent JTAG-SMT2 210251A543E7" && level==0} -index 1
fpga -file C:/COSMOS_KJH/CosmosPlus_Cluster/CosmosPlus_DFTL_Cluster_DTRIM/CDTRIM/Build/CDTRIM/system_hw_platform_0/OpenSSD2.bit
targets -set -nocase -filter {name =~"APU*" && jtag_cable_name =~ "Digilent JTAG-SMT2 210251A543E7"} -index 0
loadhw -hw C:/COSMOS_KJH/CosmosPlus_Cluster/CosmosPlus_DFTL_Cluster_DTRIM/CDTRIM/Build/CDTRIM/system_hw_platform_0/system.hdf -mem-ranges [list {0x40000000 0xbfffffff}]
configparams force-mem-access 1
targets -set -nocase -filter {name =~"APU*" && jtag_cable_name =~ "Digilent JTAG-SMT2 210251A543E7"} -index 0
ps7_init
ps7_post_config
targets -set -nocase -filter {name =~ "ARM*#0" && jtag_cable_name =~ "Digilent JTAG-SMT2 210251A543E7"} -index 0
dow C:/COSMOS_KJH/CosmosPlus_Cluster/CosmosPlus_DFTL_Cluster_DTRIM/CDTRIM/Build/CDTRIM/CDTRIM_CACHE/Debug/CDTRIM_CACHE.elf
configparams force-mem-access 0
----------------End of Script----------------

21:31:56 INFO  : Memory regions updated for context APU
21:31:56 INFO  : Context for processor 'ps7_cortexa9_0' is selected.
21:31:56 INFO  : 'con' command is executed.
21:31:56 INFO  : ----------------XSDB Script (After Launch)----------------
targets -set -nocase -filter {name =~ "ARM*#0" && jtag_cable_name =~ "Digilent JTAG-SMT2 210251A543E7"} -index 0
con
----------------End of Script----------------

21:31:56 INFO  : Launch script is exported to file 'C:\COSMOS_KJH\CosmosPlus_Cluster\CosmosPlus_DFTL_Cluster_DTRIM\CDTRIM\Build\CDTRIM\.sdk\launch_scripts\xilinx_c-c++_application_(system_debugger)\system_debugger_using_debug_cdtrim_cache.elf_on_local.tcl'
22:18:14 INFO  : Disconnected from the channel tcfchan#2.
22:18:15 INFO  : Connected to target on host '127.0.0.1' and port '3121'.
22:18:15 INFO  : Jtag cable 'Digilent JTAG-SMT2 210251A543E7' is selected.
22:18:15 INFO  : 'jtag frequency' command is executed.
22:18:15 INFO  : Sourcing of 'C:/COSMOS_KJH/CosmosPlus_Cluster/CosmosPlus_DFTL_Cluster_DTRIM/CDTRIM/Build/CDTRIM/system_hw_platform_0/ps7_init.tcl' is done.
22:18:15 INFO  : Context for 'APU' is selected.
22:18:15 INFO  : System reset is completed.
22:18:18 INFO  : 'after 3000' command is executed.
22:18:18 INFO  : 'targets -set -filter {jtag_cable_name =~ "Digilent JTAG-SMT2 210251A543E7" && level==0} -index 1' command is executed.
22:18:26 INFO  : FPGA configured successfully with bitstream "C:/COSMOS_KJH/CosmosPlus_Cluster/CosmosPlus_DFTL_Cluster_DTRIM/CDTRIM/Build/CDTRIM/system_hw_platform_0/OpenSSD2.bit"
22:18:26 INFO  : Context for 'APU' is selected.
22:18:30 INFO  : Hardware design information is loaded from 'C:/COSMOS_KJH/CosmosPlus_Cluster/CosmosPlus_DFTL_Cluster_DTRIM/CDTRIM/Build/CDTRIM/system_hw_platform_0/system.hdf'.
22:18:30 INFO  : 'configparams force-mem-access 1' command is executed.
22:18:30 INFO  : Context for 'APU' is selected.
22:18:31 INFO  : 'ps7_init' command is executed.
22:18:31 INFO  : 'ps7_post_config' command is executed.
22:18:31 INFO  : Context for processor 'ps7_cortexa9_0' is selected.
22:18:31 INFO  : The application 'C:/COSMOS_KJH/CosmosPlus_Cluster/CosmosPlus_DFTL_Cluster_DTRIM/CDTRIM/Build/CDTRIM/CDTRIM_CACHE/Debug/CDTRIM_CACHE.elf' is downloaded to processor 'ps7_cortexa9_0'.
22:18:31 INFO  : 'configparams force-mem-access 0' command is executed.
22:18:31 INFO  : ----------------XSDB Script----------------
connect -url tcp:127.0.0.1:3121
source C:/COSMOS_KJH/CosmosPlus_Cluster/CosmosPlus_DFTL_Cluster_DTRIM/CDTRIM/Build/CDTRIM/system_hw_platform_0/ps7_init.tcl
targets -set -nocase -filter {name =~"APU*" && jtag_cable_name =~ "Digilent JTAG-SMT2 210251A543E7"} -index 0
rst -system
after 3000
targets -set -filter {jtag_cable_name =~ "Digilent JTAG-SMT2 210251A543E7" && level==0} -index 1
fpga -file C:/COSMOS_KJH/CosmosPlus_Cluster/CosmosPlus_DFTL_Cluster_DTRIM/CDTRIM/Build/CDTRIM/system_hw_platform_0/OpenSSD2.bit
targets -set -nocase -filter {name =~"APU*" && jtag_cable_name =~ "Digilent JTAG-SMT2 210251A543E7"} -index 0
loadhw -hw C:/COSMOS_KJH/CosmosPlus_Cluster/CosmosPlus_DFTL_Cluster_DTRIM/CDTRIM/Build/CDTRIM/system_hw_platform_0/system.hdf -mem-ranges [list {0x40000000 0xbfffffff}]
configparams force-mem-access 1
targets -set -nocase -filter {name =~"APU*" && jtag_cable_name =~ "Digilent JTAG-SMT2 210251A543E7"} -index 0
ps7_init
ps7_post_config
targets -set -nocase -filter {name =~ "ARM*#0" && jtag_cable_name =~ "Digilent JTAG-SMT2 210251A543E7"} -index 0
dow C:/COSMOS_KJH/CosmosPlus_Cluster/CosmosPlus_DFTL_Cluster_DTRIM/CDTRIM/Build/CDTRIM/CDTRIM_CACHE/Debug/CDTRIM_CACHE.elf
configparams force-mem-access 0
----------------End of Script----------------

22:18:31 INFO  : Memory regions updated for context APU
22:18:31 INFO  : Context for processor 'ps7_cortexa9_0' is selected.
22:18:31 INFO  : 'con' command is executed.
22:18:31 INFO  : ----------------XSDB Script (After Launch)----------------
targets -set -nocase -filter {name =~ "ARM*#0" && jtag_cable_name =~ "Digilent JTAG-SMT2 210251A543E7"} -index 0
con
----------------End of Script----------------

22:18:31 INFO  : Launch script is exported to file 'C:\COSMOS_KJH\CosmosPlus_Cluster\CosmosPlus_DFTL_Cluster_DTRIM\CDTRIM\Build\CDTRIM\.sdk\launch_scripts\xilinx_c-c++_application_(system_debugger)\system_debugger_using_debug_cdtrim_cache.elf_on_local.tcl'
22:57:05 INFO  : Disconnected from the channel tcfchan#3.
22:57:06 INFO  : Connected to target on host '127.0.0.1' and port '3121'.
22:57:07 INFO  : Jtag cable 'Digilent JTAG-SMT2 210251A543E7' is selected.
22:57:07 INFO  : 'jtag frequency' command is executed.
22:57:07 INFO  : Sourcing of 'C:/COSMOS_KJH/CosmosPlus_Cluster/CosmosPlus_DFTL_Cluster_DTRIM/CDTRIM/Build/CDTRIM/system_hw_platform_0/ps7_init.tcl' is done.
22:57:07 INFO  : Context for 'APU' is selected.
22:57:07 INFO  : System reset is completed.
22:57:10 INFO  : 'after 3000' command is executed.
22:57:10 INFO  : 'targets -set -filter {jtag_cable_name =~ "Digilent JTAG-SMT2 210251A543E7" && level==0} -index 1' command is executed.
22:57:17 INFO  : FPGA configured successfully with bitstream "C:/COSMOS_KJH/CosmosPlus_Cluster/CosmosPlus_DFTL_Cluster_DTRIM/CDTRIM/Build/CDTRIM/system_hw_platform_0/OpenSSD2.bit"
22:57:18 INFO  : Context for 'APU' is selected.
22:57:22 INFO  : Hardware design information is loaded from 'C:/COSMOS_KJH/CosmosPlus_Cluster/CosmosPlus_DFTL_Cluster_DTRIM/CDTRIM/Build/CDTRIM/system_hw_platform_0/system.hdf'.
22:57:22 INFO  : 'configparams force-mem-access 1' command is executed.
22:57:22 INFO  : Context for 'APU' is selected.
22:57:22 INFO  : 'ps7_init' command is executed.
22:57:22 INFO  : 'ps7_post_config' command is executed.
22:57:22 INFO  : Context for processor 'ps7_cortexa9_0' is selected.
22:57:23 INFO  : The application 'C:/COSMOS_KJH/CosmosPlus_Cluster/CosmosPlus_DFTL_Cluster_DTRIM/CDTRIM/Build/CDTRIM/CDTRIM_CACHE/Debug/CDTRIM_CACHE.elf' is downloaded to processor 'ps7_cortexa9_0'.
22:57:23 INFO  : 'configparams force-mem-access 0' command is executed.
22:57:23 INFO  : ----------------XSDB Script----------------
connect -url tcp:127.0.0.1:3121
source C:/COSMOS_KJH/CosmosPlus_Cluster/CosmosPlus_DFTL_Cluster_DTRIM/CDTRIM/Build/CDTRIM/system_hw_platform_0/ps7_init.tcl
targets -set -nocase -filter {name =~"APU*" && jtag_cable_name =~ "Digilent JTAG-SMT2 210251A543E7"} -index 0
rst -system
after 3000
targets -set -filter {jtag_cable_name =~ "Digilent JTAG-SMT2 210251A543E7" && level==0} -index 1
fpga -file C:/COSMOS_KJH/CosmosPlus_Cluster/CosmosPlus_DFTL_Cluster_DTRIM/CDTRIM/Build/CDTRIM/system_hw_platform_0/OpenSSD2.bit
targets -set -nocase -filter {name =~"APU*" && jtag_cable_name =~ "Digilent JTAG-SMT2 210251A543E7"} -index 0
loadhw -hw C:/COSMOS_KJH/CosmosPlus_Cluster/CosmosPlus_DFTL_Cluster_DTRIM/CDTRIM/Build/CDTRIM/system_hw_platform_0/system.hdf -mem-ranges [list {0x40000000 0xbfffffff}]
configparams force-mem-access 1
targets -set -nocase -filter {name =~"APU*" && jtag_cable_name =~ "Digilent JTAG-SMT2 210251A543E7"} -index 0
ps7_init
ps7_post_config
targets -set -nocase -filter {name =~ "ARM*#0" && jtag_cable_name =~ "Digilent JTAG-SMT2 210251A543E7"} -index 0
dow C:/COSMOS_KJH/CosmosPlus_Cluster/CosmosPlus_DFTL_Cluster_DTRIM/CDTRIM/Build/CDTRIM/CDTRIM_CACHE/Debug/CDTRIM_CACHE.elf
configparams force-mem-access 0
----------------End of Script----------------

22:57:23 INFO  : Memory regions updated for context APU
22:57:23 INFO  : Context for processor 'ps7_cortexa9_0' is selected.
22:57:23 INFO  : 'con' command is executed.
22:57:23 INFO  : ----------------XSDB Script (After Launch)----------------
targets -set -nocase -filter {name =~ "ARM*#0" && jtag_cable_name =~ "Digilent JTAG-SMT2 210251A543E7"} -index 0
con
----------------End of Script----------------

22:57:23 INFO  : Launch script is exported to file 'C:\COSMOS_KJH\CosmosPlus_Cluster\CosmosPlus_DFTL_Cluster_DTRIM\CDTRIM\Build\CDTRIM\.sdk\launch_scripts\xilinx_c-c++_application_(system_debugger)\system_debugger_using_debug_cdtrim_cache.elf_on_local.tcl'
22:58:09 INFO  : Disconnected from the channel tcfchan#4.
22:58:10 INFO  : Connected to target on host '127.0.0.1' and port '3121'.
22:58:10 INFO  : Jtag cable 'Digilent JTAG-SMT2 210251A543E7' is selected.
22:58:10 INFO  : 'jtag frequency' command is executed.
22:58:10 INFO  : Sourcing of 'C:/COSMOS_KJH/CosmosPlus_Cluster/CosmosPlus_DFTL_Cluster_DTRIM/CDTRIM/Build/CDTRIM/system_hw_platform_0/ps7_init.tcl' is done.
22:58:10 INFO  : Context for 'APU' is selected.
22:58:11 INFO  : System reset is completed.
22:58:14 INFO  : 'after 3000' command is executed.
22:58:14 INFO  : 'targets -set -filter {jtag_cable_name =~ "Digilent JTAG-SMT2 210251A543E7" && level==0} -index 1' command is executed.
22:58:21 INFO  : FPGA configured successfully with bitstream "C:/COSMOS_KJH/CosmosPlus_Cluster/CosmosPlus_DFTL_Cluster_DTRIM/CDTRIM/Build/CDTRIM/system_hw_platform_0/OpenSSD2.bit"
22:58:21 INFO  : Context for 'APU' is selected.
22:58:26 INFO  : Hardware design information is loaded from 'C:/COSMOS_KJH/CosmosPlus_Cluster/CosmosPlus_DFTL_Cluster_DTRIM/CDTRIM/Build/CDTRIM/system_hw_platform_0/system.hdf'.
22:58:26 INFO  : 'configparams force-mem-access 1' command is executed.
22:58:26 INFO  : Context for 'APU' is selected.
22:58:26 INFO  : 'ps7_init' command is executed.
22:58:26 INFO  : 'ps7_post_config' command is executed.
22:58:26 INFO  : Context for processor 'ps7_cortexa9_0' is selected.
22:58:27 INFO  : The application 'C:/COSMOS_KJH/CosmosPlus_Cluster/CosmosPlus_DFTL_Cluster_DTRIM/CDTRIM/Build/CDTRIM/CDTRIM_CACHE/Debug/CDTRIM_CACHE.elf' is downloaded to processor 'ps7_cortexa9_0'.
22:58:27 INFO  : 'configparams force-mem-access 0' command is executed.
22:58:27 INFO  : ----------------XSDB Script----------------
connect -url tcp:127.0.0.1:3121
source C:/COSMOS_KJH/CosmosPlus_Cluster/CosmosPlus_DFTL_Cluster_DTRIM/CDTRIM/Build/CDTRIM/system_hw_platform_0/ps7_init.tcl
targets -set -nocase -filter {name =~"APU*" && jtag_cable_name =~ "Digilent JTAG-SMT2 210251A543E7"} -index 0
rst -system
after 3000
targets -set -filter {jtag_cable_name =~ "Digilent JTAG-SMT2 210251A543E7" && level==0} -index 1
fpga -file C:/COSMOS_KJH/CosmosPlus_Cluster/CosmosPlus_DFTL_Cluster_DTRIM/CDTRIM/Build/CDTRIM/system_hw_platform_0/OpenSSD2.bit
targets -set -nocase -filter {name =~"APU*" && jtag_cable_name =~ "Digilent JTAG-SMT2 210251A543E7"} -index 0
loadhw -hw C:/COSMOS_KJH/CosmosPlus_Cluster/CosmosPlus_DFTL_Cluster_DTRIM/CDTRIM/Build/CDTRIM/system_hw_platform_0/system.hdf -mem-ranges [list {0x40000000 0xbfffffff}]
configparams force-mem-access 1
targets -set -nocase -filter {name =~"APU*" && jtag_cable_name =~ "Digilent JTAG-SMT2 210251A543E7"} -index 0
ps7_init
ps7_post_config
targets -set -nocase -filter {name =~ "ARM*#0" && jtag_cable_name =~ "Digilent JTAG-SMT2 210251A543E7"} -index 0
dow C:/COSMOS_KJH/CosmosPlus_Cluster/CosmosPlus_DFTL_Cluster_DTRIM/CDTRIM/Build/CDTRIM/CDTRIM_CACHE/Debug/CDTRIM_CACHE.elf
configparams force-mem-access 0
----------------End of Script----------------

22:58:27 INFO  : Memory regions updated for context APU
22:58:27 INFO  : Context for processor 'ps7_cortexa9_0' is selected.
22:58:27 INFO  : 'con' command is executed.
22:58:27 INFO  : ----------------XSDB Script (After Launch)----------------
targets -set -nocase -filter {name =~ "ARM*#0" && jtag_cable_name =~ "Digilent JTAG-SMT2 210251A543E7"} -index 0
con
----------------End of Script----------------

22:58:27 INFO  : Launch script is exported to file 'C:\COSMOS_KJH\CosmosPlus_Cluster\CosmosPlus_DFTL_Cluster_DTRIM\CDTRIM\Build\CDTRIM\.sdk\launch_scripts\xilinx_c-c++_application_(system_debugger)\system_debugger_using_debug_cdtrim_cache.elf_on_local.tcl'
23:32:21 INFO  : Disconnected from the channel tcfchan#5.
23:32:22 INFO  : Connected to target on host '127.0.0.1' and port '3121'.
23:32:22 INFO  : Jtag cable 'Digilent JTAG-SMT2 210251A543E7' is selected.
23:32:22 INFO  : 'jtag frequency' command is executed.
23:32:22 INFO  : Sourcing of 'C:/COSMOS_KJH/CosmosPlus_Cluster/CosmosPlus_DFTL_Cluster_DTRIM/CDTRIM/Build/CDTRIM/system_hw_platform_0/ps7_init.tcl' is done.
23:32:22 INFO  : Context for 'APU' is selected.
23:32:22 INFO  : System reset is completed.
23:32:25 INFO  : 'after 3000' command is executed.
23:32:25 INFO  : 'targets -set -filter {jtag_cable_name =~ "Digilent JTAG-SMT2 210251A543E7" && level==0} -index 1' command is executed.
23:32:33 INFO  : FPGA configured successfully with bitstream "C:/COSMOS_KJH/CosmosPlus_Cluster/CosmosPlus_DFTL_Cluster_DTRIM/CDTRIM/Build/CDTRIM/system_hw_platform_0/OpenSSD2.bit"
23:32:33 INFO  : Context for 'APU' is selected.
23:32:38 INFO  : Hardware design information is loaded from 'C:/COSMOS_KJH/CosmosPlus_Cluster/CosmosPlus_DFTL_Cluster_DTRIM/CDTRIM/Build/CDTRIM/system_hw_platform_0/system.hdf'.
23:32:38 INFO  : 'configparams force-mem-access 1' command is executed.
23:32:38 INFO  : Context for 'APU' is selected.
23:32:38 INFO  : 'ps7_init' command is executed.
23:32:38 INFO  : 'ps7_post_config' command is executed.
23:32:38 INFO  : Context for processor 'ps7_cortexa9_0' is selected.
23:32:39 INFO  : The application 'C:/COSMOS_KJH/CosmosPlus_Cluster/CosmosPlus_DFTL_Cluster_DTRIM/CDTRIM/Build/CDTRIM/CDTRIM_CACHE/Debug/CDTRIM_CACHE.elf' is downloaded to processor 'ps7_cortexa9_0'.
23:32:39 INFO  : 'configparams force-mem-access 0' command is executed.
23:32:39 INFO  : ----------------XSDB Script----------------
connect -url tcp:127.0.0.1:3121
source C:/COSMOS_KJH/CosmosPlus_Cluster/CosmosPlus_DFTL_Cluster_DTRIM/CDTRIM/Build/CDTRIM/system_hw_platform_0/ps7_init.tcl
targets -set -nocase -filter {name =~"APU*" && jtag_cable_name =~ "Digilent JTAG-SMT2 210251A543E7"} -index 0
rst -system
after 3000
targets -set -filter {jtag_cable_name =~ "Digilent JTAG-SMT2 210251A543E7" && level==0} -index 1
fpga -file C:/COSMOS_KJH/CosmosPlus_Cluster/CosmosPlus_DFTL_Cluster_DTRIM/CDTRIM/Build/CDTRIM/system_hw_platform_0/OpenSSD2.bit
targets -set -nocase -filter {name =~"APU*" && jtag_cable_name =~ "Digilent JTAG-SMT2 210251A543E7"} -index 0
loadhw -hw C:/COSMOS_KJH/CosmosPlus_Cluster/CosmosPlus_DFTL_Cluster_DTRIM/CDTRIM/Build/CDTRIM/system_hw_platform_0/system.hdf -mem-ranges [list {0x40000000 0xbfffffff}]
configparams force-mem-access 1
targets -set -nocase -filter {name =~"APU*" && jtag_cable_name =~ "Digilent JTAG-SMT2 210251A543E7"} -index 0
ps7_init
ps7_post_config
targets -set -nocase -filter {name =~ "ARM*#0" && jtag_cable_name =~ "Digilent JTAG-SMT2 210251A543E7"} -index 0
dow C:/COSMOS_KJH/CosmosPlus_Cluster/CosmosPlus_DFTL_Cluster_DTRIM/CDTRIM/Build/CDTRIM/CDTRIM_CACHE/Debug/CDTRIM_CACHE.elf
configparams force-mem-access 0
----------------End of Script----------------

23:32:39 INFO  : Memory regions updated for context APU
23:32:39 INFO  : Context for processor 'ps7_cortexa9_0' is selected.
23:32:39 INFO  : 'con' command is executed.
23:32:39 INFO  : ----------------XSDB Script (After Launch)----------------
targets -set -nocase -filter {name =~ "ARM*#0" && jtag_cable_name =~ "Digilent JTAG-SMT2 210251A543E7"} -index 0
con
----------------End of Script----------------

23:32:39 INFO  : Launch script is exported to file 'C:\COSMOS_KJH\CosmosPlus_Cluster\CosmosPlus_DFTL_Cluster_DTRIM\CDTRIM\Build\CDTRIM\.sdk\launch_scripts\xilinx_c-c++_application_(system_debugger)\system_debugger_using_debug_cdtrim_cache.elf_on_local.tcl'
00:05:52 INFO  : Disconnected from the channel tcfchan#6.
00:05:53 INFO  : Connected to target on host '127.0.0.1' and port '3121'.
00:05:53 INFO  : Jtag cable 'Digilent JTAG-SMT2 210251A543E7' is selected.
00:05:53 INFO  : 'jtag frequency' command is executed.
00:05:53 INFO  : Sourcing of 'C:/COSMOS_KJH/CosmosPlus_Cluster/CosmosPlus_DFTL_Cluster_DTRIM/CDTRIM/Build/CDTRIM/system_hw_platform_0/ps7_init.tcl' is done.
00:05:53 INFO  : Context for 'APU' is selected.
00:05:53 INFO  : System reset is completed.
00:05:56 INFO  : 'after 3000' command is executed.
00:05:56 INFO  : 'targets -set -filter {jtag_cable_name =~ "Digilent JTAG-SMT2 210251A543E7" && level==0} -index 1' command is executed.
00:06:04 INFO  : FPGA configured successfully with bitstream "C:/COSMOS_KJH/CosmosPlus_Cluster/CosmosPlus_DFTL_Cluster_DTRIM/CDTRIM/Build/CDTRIM/system_hw_platform_0/OpenSSD2.bit"
00:06:04 INFO  : Context for 'APU' is selected.
00:06:09 INFO  : Hardware design information is loaded from 'C:/COSMOS_KJH/CosmosPlus_Cluster/CosmosPlus_DFTL_Cluster_DTRIM/CDTRIM/Build/CDTRIM/system_hw_platform_0/system.hdf'.
00:06:09 INFO  : 'configparams force-mem-access 1' command is executed.
00:06:09 INFO  : Context for 'APU' is selected.
00:06:09 INFO  : 'ps7_init' command is executed.
00:06:09 INFO  : 'ps7_post_config' command is executed.
00:06:09 INFO  : Context for processor 'ps7_cortexa9_0' is selected.
00:06:09 INFO  : The application 'C:/COSMOS_KJH/CosmosPlus_Cluster/CosmosPlus_DFTL_Cluster_DTRIM/CDTRIM/Build/CDTRIM/CDTRIM_CACHE/Debug/CDTRIM_CACHE.elf' is downloaded to processor 'ps7_cortexa9_0'.
00:06:09 INFO  : 'configparams force-mem-access 0' command is executed.
00:06:09 INFO  : ----------------XSDB Script----------------
connect -url tcp:127.0.0.1:3121
source C:/COSMOS_KJH/CosmosPlus_Cluster/CosmosPlus_DFTL_Cluster_DTRIM/CDTRIM/Build/CDTRIM/system_hw_platform_0/ps7_init.tcl
targets -set -nocase -filter {name =~"APU*" && jtag_cable_name =~ "Digilent JTAG-SMT2 210251A543E7"} -index 0
rst -system
after 3000
targets -set -filter {jtag_cable_name =~ "Digilent JTAG-SMT2 210251A543E7" && level==0} -index 1
fpga -file C:/COSMOS_KJH/CosmosPlus_Cluster/CosmosPlus_DFTL_Cluster_DTRIM/CDTRIM/Build/CDTRIM/system_hw_platform_0/OpenSSD2.bit
targets -set -nocase -filter {name =~"APU*" && jtag_cable_name =~ "Digilent JTAG-SMT2 210251A543E7"} -index 0
loadhw -hw C:/COSMOS_KJH/CosmosPlus_Cluster/CosmosPlus_DFTL_Cluster_DTRIM/CDTRIM/Build/CDTRIM/system_hw_platform_0/system.hdf -mem-ranges [list {0x40000000 0xbfffffff}]
configparams force-mem-access 1
targets -set -nocase -filter {name =~"APU*" && jtag_cable_name =~ "Digilent JTAG-SMT2 210251A543E7"} -index 0
ps7_init
ps7_post_config
targets -set -nocase -filter {name =~ "ARM*#0" && jtag_cable_name =~ "Digilent JTAG-SMT2 210251A543E7"} -index 0
dow C:/COSMOS_KJH/CosmosPlus_Cluster/CosmosPlus_DFTL_Cluster_DTRIM/CDTRIM/Build/CDTRIM/CDTRIM_CACHE/Debug/CDTRIM_CACHE.elf
configparams force-mem-access 0
----------------End of Script----------------

00:06:10 INFO  : Memory regions updated for context APU
00:06:10 INFO  : Context for processor 'ps7_cortexa9_0' is selected.
00:06:10 INFO  : 'con' command is executed.
00:06:10 INFO  : ----------------XSDB Script (After Launch)----------------
targets -set -nocase -filter {name =~ "ARM*#0" && jtag_cable_name =~ "Digilent JTAG-SMT2 210251A543E7"} -index 0
con
----------------End of Script----------------

00:06:10 INFO  : Launch script is exported to file 'C:\COSMOS_KJH\CosmosPlus_Cluster\CosmosPlus_DFTL_Cluster_DTRIM\CDTRIM\Build\CDTRIM\.sdk\launch_scripts\xilinx_c-c++_application_(system_debugger)\system_debugger_using_debug_cdtrim_cache.elf_on_local.tcl'
00:40:24 INFO  : Disconnected from the channel tcfchan#7.
00:40:25 INFO  : Connected to target on host '127.0.0.1' and port '3121'.
00:40:25 INFO  : Jtag cable 'Digilent JTAG-SMT2 210251A543E7' is selected.
00:40:25 INFO  : 'jtag frequency' command is executed.
00:40:25 INFO  : Sourcing of 'C:/COSMOS_KJH/CosmosPlus_Cluster/CosmosPlus_DFTL_Cluster_DTRIM/CDTRIM/Build/CDTRIM/system_hw_platform_0/ps7_init.tcl' is done.
00:40:25 INFO  : Context for 'APU' is selected.
00:40:25 INFO  : System reset is completed.
00:40:28 INFO  : 'after 3000' command is executed.
00:40:28 INFO  : 'targets -set -filter {jtag_cable_name =~ "Digilent JTAG-SMT2 210251A543E7" && level==0} -index 1' command is executed.
00:40:36 INFO  : FPGA configured successfully with bitstream "C:/COSMOS_KJH/CosmosPlus_Cluster/CosmosPlus_DFTL_Cluster_DTRIM/CDTRIM/Build/CDTRIM/system_hw_platform_0/OpenSSD2.bit"
00:40:36 INFO  : Context for 'APU' is selected.
00:40:41 INFO  : Hardware design information is loaded from 'C:/COSMOS_KJH/CosmosPlus_Cluster/CosmosPlus_DFTL_Cluster_DTRIM/CDTRIM/Build/CDTRIM/system_hw_platform_0/system.hdf'.
00:40:41 INFO  : 'configparams force-mem-access 1' command is executed.
00:40:41 INFO  : Context for 'APU' is selected.
00:40:42 INFO  : 'ps7_init' command is executed.
00:40:42 INFO  : 'ps7_post_config' command is executed.
00:40:42 INFO  : Context for processor 'ps7_cortexa9_0' is selected.
00:40:42 INFO  : The application 'C:/COSMOS_KJH/CosmosPlus_Cluster/CosmosPlus_DFTL_Cluster_DTRIM/CDTRIM/Build/CDTRIM/CDTRIM_CACHE/Debug/CDTRIM_CACHE.elf' is downloaded to processor 'ps7_cortexa9_0'.
00:40:42 INFO  : 'configparams force-mem-access 0' command is executed.
00:40:42 INFO  : ----------------XSDB Script----------------
connect -url tcp:127.0.0.1:3121
source C:/COSMOS_KJH/CosmosPlus_Cluster/CosmosPlus_DFTL_Cluster_DTRIM/CDTRIM/Build/CDTRIM/system_hw_platform_0/ps7_init.tcl
targets -set -nocase -filter {name =~"APU*" && jtag_cable_name =~ "Digilent JTAG-SMT2 210251A543E7"} -index 0
rst -system
after 3000
targets -set -filter {jtag_cable_name =~ "Digilent JTAG-SMT2 210251A543E7" && level==0} -index 1
fpga -file C:/COSMOS_KJH/CosmosPlus_Cluster/CosmosPlus_DFTL_Cluster_DTRIM/CDTRIM/Build/CDTRIM/system_hw_platform_0/OpenSSD2.bit
targets -set -nocase -filter {name =~"APU*" && jtag_cable_name =~ "Digilent JTAG-SMT2 210251A543E7"} -index 0
loadhw -hw C:/COSMOS_KJH/CosmosPlus_Cluster/CosmosPlus_DFTL_Cluster_DTRIM/CDTRIM/Build/CDTRIM/system_hw_platform_0/system.hdf -mem-ranges [list {0x40000000 0xbfffffff}]
configparams force-mem-access 1
targets -set -nocase -filter {name =~"APU*" && jtag_cable_name =~ "Digilent JTAG-SMT2 210251A543E7"} -index 0
ps7_init
ps7_post_config
targets -set -nocase -filter {name =~ "ARM*#0" && jtag_cable_name =~ "Digilent JTAG-SMT2 210251A543E7"} -index 0
dow C:/COSMOS_KJH/CosmosPlus_Cluster/CosmosPlus_DFTL_Cluster_DTRIM/CDTRIM/Build/CDTRIM/CDTRIM_CACHE/Debug/CDTRIM_CACHE.elf
configparams force-mem-access 0
----------------End of Script----------------

00:40:42 INFO  : Memory regions updated for context APU
00:40:42 INFO  : Context for processor 'ps7_cortexa9_0' is selected.
00:40:42 INFO  : 'con' command is executed.
00:40:42 INFO  : ----------------XSDB Script (After Launch)----------------
targets -set -nocase -filter {name =~ "ARM*#0" && jtag_cable_name =~ "Digilent JTAG-SMT2 210251A543E7"} -index 0
con
----------------End of Script----------------

00:40:42 INFO  : Launch script is exported to file 'C:\COSMOS_KJH\CosmosPlus_Cluster\CosmosPlus_DFTL_Cluster_DTRIM\CDTRIM\Build\CDTRIM\.sdk\launch_scripts\xilinx_c-c++_application_(system_debugger)\system_debugger_using_debug_cdtrim_cache.elf_on_local.tcl'
01:15:15 INFO  : Disconnected from the channel tcfchan#8.
10:28:33 INFO  : Registering command handlers for SDK TCF services
10:28:33 INFO  : Launching XSCT server: xsct.bat -interactive C:\COSMOS_KJH\CosmosPlus_Cluster\CosmosPlus_DFTL_Cluster_DTRIM\CDTRIM\Build\CDTRIM\temp_xsdb_launch_script.tcl
10:28:35 INFO  : XSCT server has started successfully.
10:28:36 INFO  : Successfully done setting XSCT server connection channel  
10:28:36 INFO  : Successfully done setting SDK workspace  
10:42:44 INFO  : Connected to target on host '127.0.0.1' and port '3121'.
10:42:45 INFO  : Jtag cable 'Digilent JTAG-SMT2 210251A543E7' is selected.
10:42:45 INFO  : 'jtag frequency' command is executed.
10:42:45 INFO  : Sourcing of 'C:/COSMOS_KJH/CosmosPlus_Cluster/CosmosPlus_DFTL_Cluster_DTRIM/CDTRIM/Build/CDTRIM/system_hw_platform_0/ps7_init.tcl' is done.
10:42:45 INFO  : Context for 'APU' is selected.
10:42:45 INFO  : System reset is completed.
10:42:48 INFO  : 'after 3000' command is executed.
10:42:48 INFO  : 'targets -set -filter {jtag_cable_name =~ "Digilent JTAG-SMT2 210251A543E7" && level==0} -index 1' command is executed.
10:42:56 INFO  : FPGA configured successfully with bitstream "C:/COSMOS_KJH/CosmosPlus_Cluster/CosmosPlus_DFTL_Cluster_DTRIM/CDTRIM/Build/CDTRIM/system_hw_platform_0/OpenSSD2.bit"
10:42:56 INFO  : Context for 'APU' is selected.
10:42:56 INFO  : Hardware design information is loaded from 'C:/COSMOS_KJH/CosmosPlus_Cluster/CosmosPlus_DFTL_Cluster_DTRIM/CDTRIM/Build/CDTRIM/system_hw_platform_0/system.hdf'.
10:42:56 INFO  : 'configparams force-mem-access 1' command is executed.
10:42:56 INFO  : Context for 'APU' is selected.
10:42:56 INFO  : 'ps7_init' command is executed.
10:42:56 INFO  : 'ps7_post_config' command is executed.
10:42:56 INFO  : Context for processor 'ps7_cortexa9_0' is selected.
10:42:57 INFO  : The application 'C:/COSMOS_KJH/CosmosPlus_Cluster/CosmosPlus_DFTL_Cluster_DTRIM/CDTRIM/Build/CDTRIM/CDTRIM_CACHE/Debug/CDTRIM_CACHE.elf' is downloaded to processor 'ps7_cortexa9_0'.
10:42:57 INFO  : 'configparams force-mem-access 0' command is executed.
10:42:57 INFO  : ----------------XSDB Script----------------
connect -url tcp:127.0.0.1:3121
source C:/COSMOS_KJH/CosmosPlus_Cluster/CosmosPlus_DFTL_Cluster_DTRIM/CDTRIM/Build/CDTRIM/system_hw_platform_0/ps7_init.tcl
targets -set -nocase -filter {name =~"APU*" && jtag_cable_name =~ "Digilent JTAG-SMT2 210251A543E7"} -index 0
rst -system
after 3000
targets -set -filter {jtag_cable_name =~ "Digilent JTAG-SMT2 210251A543E7" && level==0} -index 1
fpga -file C:/COSMOS_KJH/CosmosPlus_Cluster/CosmosPlus_DFTL_Cluster_DTRIM/CDTRIM/Build/CDTRIM/system_hw_platform_0/OpenSSD2.bit
targets -set -nocase -filter {name =~"APU*" && jtag_cable_name =~ "Digilent JTAG-SMT2 210251A543E7"} -index 0
loadhw -hw C:/COSMOS_KJH/CosmosPlus_Cluster/CosmosPlus_DFTL_Cluster_DTRIM/CDTRIM/Build/CDTRIM/system_hw_platform_0/system.hdf -mem-ranges [list {0x40000000 0xbfffffff}]
configparams force-mem-access 1
targets -set -nocase -filter {name =~"APU*" && jtag_cable_name =~ "Digilent JTAG-SMT2 210251A543E7"} -index 0
ps7_init
ps7_post_config
targets -set -nocase -filter {name =~ "ARM*#0" && jtag_cable_name =~ "Digilent JTAG-SMT2 210251A543E7"} -index 0
dow C:/COSMOS_KJH/CosmosPlus_Cluster/CosmosPlus_DFTL_Cluster_DTRIM/CDTRIM/Build/CDTRIM/CDTRIM_CACHE/Debug/CDTRIM_CACHE.elf
configparams force-mem-access 0
----------------End of Script----------------

10:42:57 INFO  : Memory regions updated for context APU
10:42:57 INFO  : Context for processor 'ps7_cortexa9_0' is selected.
10:42:57 INFO  : 'con' command is executed.
10:42:57 INFO  : ----------------XSDB Script (After Launch)----------------
targets -set -nocase -filter {name =~ "ARM*#0" && jtag_cable_name =~ "Digilent JTAG-SMT2 210251A543E7"} -index 0
con
----------------End of Script----------------

10:42:57 INFO  : Launch script is exported to file 'C:\COSMOS_KJH\CosmosPlus_Cluster\CosmosPlus_DFTL_Cluster_DTRIM\CDTRIM\Build\CDTRIM\.sdk\launch_scripts\xilinx_c-c++_application_(system_debugger)\system_debugger_using_debug_cdtrim_cache.elf_on_local.tcl'
11:26:15 INFO  : Disconnected from the channel tcfchan#1.
11:26:16 INFO  : Connected to target on host '127.0.0.1' and port '3121'.
11:26:16 INFO  : Jtag cable 'Digilent JTAG-SMT2 210251A543E7' is selected.
11:26:16 INFO  : 'jtag frequency' command is executed.
11:26:16 INFO  : Sourcing of 'C:/COSMOS_KJH/CosmosPlus_Cluster/CosmosPlus_DFTL_Cluster_DTRIM/CDTRIM/Build/CDTRIM/system_hw_platform_0/ps7_init.tcl' is done.
11:26:16 INFO  : Context for 'APU' is selected.
11:26:17 INFO  : System reset is completed.
11:26:20 INFO  : 'after 3000' command is executed.
11:26:20 INFO  : 'targets -set -filter {jtag_cable_name =~ "Digilent JTAG-SMT2 210251A543E7" && level==0} -index 1' command is executed.
11:26:27 INFO  : FPGA configured successfully with bitstream "C:/COSMOS_KJH/CosmosPlus_Cluster/CosmosPlus_DFTL_Cluster_DTRIM/CDTRIM/Build/CDTRIM/system_hw_platform_0/OpenSSD2.bit"
11:26:27 INFO  : Context for 'APU' is selected.
11:26:32 INFO  : Hardware design information is loaded from 'C:/COSMOS_KJH/CosmosPlus_Cluster/CosmosPlus_DFTL_Cluster_DTRIM/CDTRIM/Build/CDTRIM/system_hw_platform_0/system.hdf'.
11:26:32 INFO  : 'configparams force-mem-access 1' command is executed.
11:26:32 INFO  : Context for 'APU' is selected.
11:26:32 INFO  : 'ps7_init' command is executed.
11:26:32 INFO  : 'ps7_post_config' command is executed.
11:26:32 INFO  : Context for processor 'ps7_cortexa9_0' is selected.
11:26:33 INFO  : The application 'C:/COSMOS_KJH/CosmosPlus_Cluster/CosmosPlus_DFTL_Cluster_DTRIM/CDTRIM/Build/CDTRIM/CDTRIM_CACHE/Debug/CDTRIM_CACHE.elf' is downloaded to processor 'ps7_cortexa9_0'.
11:26:33 INFO  : 'configparams force-mem-access 0' command is executed.
11:26:33 INFO  : ----------------XSDB Script----------------
connect -url tcp:127.0.0.1:3121
source C:/COSMOS_KJH/CosmosPlus_Cluster/CosmosPlus_DFTL_Cluster_DTRIM/CDTRIM/Build/CDTRIM/system_hw_platform_0/ps7_init.tcl
targets -set -nocase -filter {name =~"APU*" && jtag_cable_name =~ "Digilent JTAG-SMT2 210251A543E7"} -index 0
rst -system
after 3000
targets -set -filter {jtag_cable_name =~ "Digilent JTAG-SMT2 210251A543E7" && level==0} -index 1
fpga -file C:/COSMOS_KJH/CosmosPlus_Cluster/CosmosPlus_DFTL_Cluster_DTRIM/CDTRIM/Build/CDTRIM/system_hw_platform_0/OpenSSD2.bit
targets -set -nocase -filter {name =~"APU*" && jtag_cable_name =~ "Digilent JTAG-SMT2 210251A543E7"} -index 0
loadhw -hw C:/COSMOS_KJH/CosmosPlus_Cluster/CosmosPlus_DFTL_Cluster_DTRIM/CDTRIM/Build/CDTRIM/system_hw_platform_0/system.hdf -mem-ranges [list {0x40000000 0xbfffffff}]
configparams force-mem-access 1
targets -set -nocase -filter {name =~"APU*" && jtag_cable_name =~ "Digilent JTAG-SMT2 210251A543E7"} -index 0
ps7_init
ps7_post_config
targets -set -nocase -filter {name =~ "ARM*#0" && jtag_cable_name =~ "Digilent JTAG-SMT2 210251A543E7"} -index 0
dow C:/COSMOS_KJH/CosmosPlus_Cluster/CosmosPlus_DFTL_Cluster_DTRIM/CDTRIM/Build/CDTRIM/CDTRIM_CACHE/Debug/CDTRIM_CACHE.elf
configparams force-mem-access 0
----------------End of Script----------------

11:26:33 INFO  : Memory regions updated for context APU
11:26:33 INFO  : Context for processor 'ps7_cortexa9_0' is selected.
11:26:33 INFO  : 'con' command is executed.
11:26:33 INFO  : ----------------XSDB Script (After Launch)----------------
targets -set -nocase -filter {name =~ "ARM*#0" && jtag_cable_name =~ "Digilent JTAG-SMT2 210251A543E7"} -index 0
con
----------------End of Script----------------

11:26:33 INFO  : Launch script is exported to file 'C:\COSMOS_KJH\CosmosPlus_Cluster\CosmosPlus_DFTL_Cluster_DTRIM\CDTRIM\Build\CDTRIM\.sdk\launch_scripts\xilinx_c-c++_application_(system_debugger)\system_debugger_using_debug_cdtrim_cache.elf_on_local.tcl'
12:48:20 INFO  : Disconnected from the channel tcfchan#2.
12:48:21 INFO  : Connected to target on host '127.0.0.1' and port '3121'.
12:48:21 INFO  : Jtag cable 'Digilent JTAG-SMT2 210251A543E7' is selected.
12:48:21 INFO  : 'jtag frequency' command is executed.
12:48:21 INFO  : Sourcing of 'C:/COSMOS_KJH/CosmosPlus_Cluster/CosmosPlus_DFTL_Cluster_DTRIM/CDTRIM/Build/CDTRIM/system_hw_platform_0/ps7_init.tcl' is done.
12:48:21 INFO  : Context for 'APU' is selected.
12:48:21 INFO  : System reset is completed.
12:48:24 INFO  : 'after 3000' command is executed.
12:48:25 INFO  : 'targets -set -filter {jtag_cable_name =~ "Digilent JTAG-SMT2 210251A543E7" && level==0} -index 1' command is executed.
12:48:32 INFO  : FPGA configured successfully with bitstream "C:/COSMOS_KJH/CosmosPlus_Cluster/CosmosPlus_DFTL_Cluster_DTRIM/CDTRIM/Build/CDTRIM/system_hw_platform_0/OpenSSD2.bit"
12:48:32 INFO  : Context for 'APU' is selected.
12:48:37 INFO  : Hardware design information is loaded from 'C:/COSMOS_KJH/CosmosPlus_Cluster/CosmosPlus_DFTL_Cluster_DTRIM/CDTRIM/Build/CDTRIM/system_hw_platform_0/system.hdf'.
12:48:37 INFO  : 'configparams force-mem-access 1' command is executed.
12:48:37 INFO  : Context for 'APU' is selected.
12:48:37 INFO  : 'ps7_init' command is executed.
12:48:37 INFO  : 'ps7_post_config' command is executed.
12:48:37 INFO  : Context for processor 'ps7_cortexa9_0' is selected.
12:48:38 INFO  : The application 'C:/COSMOS_KJH/CosmosPlus_Cluster/CosmosPlus_DFTL_Cluster_DTRIM/CDTRIM/Build/CDTRIM/CDTRIM_CACHE/Debug/CDTRIM_CACHE.elf' is downloaded to processor 'ps7_cortexa9_0'.
12:48:38 INFO  : 'configparams force-mem-access 0' command is executed.
12:48:38 INFO  : ----------------XSDB Script----------------
connect -url tcp:127.0.0.1:3121
source C:/COSMOS_KJH/CosmosPlus_Cluster/CosmosPlus_DFTL_Cluster_DTRIM/CDTRIM/Build/CDTRIM/system_hw_platform_0/ps7_init.tcl
targets -set -nocase -filter {name =~"APU*" && jtag_cable_name =~ "Digilent JTAG-SMT2 210251A543E7"} -index 0
rst -system
after 3000
targets -set -filter {jtag_cable_name =~ "Digilent JTAG-SMT2 210251A543E7" && level==0} -index 1
fpga -file C:/COSMOS_KJH/CosmosPlus_Cluster/CosmosPlus_DFTL_Cluster_DTRIM/CDTRIM/Build/CDTRIM/system_hw_platform_0/OpenSSD2.bit
targets -set -nocase -filter {name =~"APU*" && jtag_cable_name =~ "Digilent JTAG-SMT2 210251A543E7"} -index 0
loadhw -hw C:/COSMOS_KJH/CosmosPlus_Cluster/CosmosPlus_DFTL_Cluster_DTRIM/CDTRIM/Build/CDTRIM/system_hw_platform_0/system.hdf -mem-ranges [list {0x40000000 0xbfffffff}]
configparams force-mem-access 1
targets -set -nocase -filter {name =~"APU*" && jtag_cable_name =~ "Digilent JTAG-SMT2 210251A543E7"} -index 0
ps7_init
ps7_post_config
targets -set -nocase -filter {name =~ "ARM*#0" && jtag_cable_name =~ "Digilent JTAG-SMT2 210251A543E7"} -index 0
dow C:/COSMOS_KJH/CosmosPlus_Cluster/CosmosPlus_DFTL_Cluster_DTRIM/CDTRIM/Build/CDTRIM/CDTRIM_CACHE/Debug/CDTRIM_CACHE.elf
configparams force-mem-access 0
----------------End of Script----------------

12:48:38 INFO  : Memory regions updated for context APU
12:48:38 INFO  : Context for processor 'ps7_cortexa9_0' is selected.
12:48:38 INFO  : 'con' command is executed.
12:48:38 INFO  : ----------------XSDB Script (After Launch)----------------
targets -set -nocase -filter {name =~ "ARM*#0" && jtag_cable_name =~ "Digilent JTAG-SMT2 210251A543E7"} -index 0
con
----------------End of Script----------------

12:48:38 INFO  : Launch script is exported to file 'C:\COSMOS_KJH\CosmosPlus_Cluster\CosmosPlus_DFTL_Cluster_DTRIM\CDTRIM\Build\CDTRIM\.sdk\launch_scripts\xilinx_c-c++_application_(system_debugger)\system_debugger_using_debug_cdtrim_cache.elf_on_local.tcl'
16:02:44 INFO  : Disconnected from the channel tcfchan#3.
16:02:45 INFO  : Connected to target on host '127.0.0.1' and port '3121'.
16:02:45 INFO  : Jtag cable 'Digilent JTAG-SMT2 210251A543E7' is selected.
16:02:45 INFO  : 'jtag frequency' command is executed.
16:02:45 INFO  : Sourcing of 'C:/COSMOS_KJH/CosmosPlus_Cluster/CosmosPlus_DFTL_Cluster_DTRIM/CDTRIM/Build/CDTRIM/system_hw_platform_0/ps7_init.tcl' is done.
16:02:45 INFO  : Context for 'APU' is selected.
16:02:46 INFO  : System reset is completed.
16:02:49 INFO  : 'after 3000' command is executed.
16:02:49 INFO  : 'targets -set -filter {jtag_cable_name =~ "Digilent JTAG-SMT2 210251A543E7" && level==0} -index 1' command is executed.
16:02:56 INFO  : FPGA configured successfully with bitstream "C:/COSMOS_KJH/CosmosPlus_Cluster/CosmosPlus_DFTL_Cluster_DTRIM/CDTRIM/Build/CDTRIM/system_hw_platform_0/OpenSSD2.bit"
16:02:56 INFO  : Context for 'APU' is selected.
16:03:01 INFO  : Hardware design information is loaded from 'C:/COSMOS_KJH/CosmosPlus_Cluster/CosmosPlus_DFTL_Cluster_DTRIM/CDTRIM/Build/CDTRIM/system_hw_platform_0/system.hdf'.
16:03:01 INFO  : 'configparams force-mem-access 1' command is executed.
16:03:01 INFO  : Context for 'APU' is selected.
16:03:01 INFO  : 'ps7_init' command is executed.
16:03:01 INFO  : 'ps7_post_config' command is executed.
16:03:01 INFO  : Context for processor 'ps7_cortexa9_0' is selected.
16:03:02 INFO  : The application 'C:/COSMOS_KJH/CosmosPlus_Cluster/CosmosPlus_DFTL_Cluster_DTRIM/CDTRIM/Build/CDTRIM/CDTRIM_CACHE/Debug/CDTRIM_CACHE.elf' is downloaded to processor 'ps7_cortexa9_0'.
16:03:02 INFO  : 'configparams force-mem-access 0' command is executed.
16:03:02 INFO  : ----------------XSDB Script----------------
connect -url tcp:127.0.0.1:3121
source C:/COSMOS_KJH/CosmosPlus_Cluster/CosmosPlus_DFTL_Cluster_DTRIM/CDTRIM/Build/CDTRIM/system_hw_platform_0/ps7_init.tcl
targets -set -nocase -filter {name =~"APU*" && jtag_cable_name =~ "Digilent JTAG-SMT2 210251A543E7"} -index 0
rst -system
after 3000
targets -set -filter {jtag_cable_name =~ "Digilent JTAG-SMT2 210251A543E7" && level==0} -index 1
fpga -file C:/COSMOS_KJH/CosmosPlus_Cluster/CosmosPlus_DFTL_Cluster_DTRIM/CDTRIM/Build/CDTRIM/system_hw_platform_0/OpenSSD2.bit
targets -set -nocase -filter {name =~"APU*" && jtag_cable_name =~ "Digilent JTAG-SMT2 210251A543E7"} -index 0
loadhw -hw C:/COSMOS_KJH/CosmosPlus_Cluster/CosmosPlus_DFTL_Cluster_DTRIM/CDTRIM/Build/CDTRIM/system_hw_platform_0/system.hdf -mem-ranges [list {0x40000000 0xbfffffff}]
configparams force-mem-access 1
targets -set -nocase -filter {name =~"APU*" && jtag_cable_name =~ "Digilent JTAG-SMT2 210251A543E7"} -index 0
ps7_init
ps7_post_config
targets -set -nocase -filter {name =~ "ARM*#0" && jtag_cable_name =~ "Digilent JTAG-SMT2 210251A543E7"} -index 0
dow C:/COSMOS_KJH/CosmosPlus_Cluster/CosmosPlus_DFTL_Cluster_DTRIM/CDTRIM/Build/CDTRIM/CDTRIM_CACHE/Debug/CDTRIM_CACHE.elf
configparams force-mem-access 0
----------------End of Script----------------

16:03:02 INFO  : Memory regions updated for context APU
16:03:02 INFO  : Context for processor 'ps7_cortexa9_0' is selected.
16:03:02 INFO  : 'con' command is executed.
16:03:02 INFO  : ----------------XSDB Script (After Launch)----------------
targets -set -nocase -filter {name =~ "ARM*#0" && jtag_cable_name =~ "Digilent JTAG-SMT2 210251A543E7"} -index 0
con
----------------End of Script----------------

16:03:02 INFO  : Launch script is exported to file 'C:\COSMOS_KJH\CosmosPlus_Cluster\CosmosPlus_DFTL_Cluster_DTRIM\CDTRIM\Build\CDTRIM\.sdk\launch_scripts\xilinx_c-c++_application_(system_debugger)\system_debugger_using_debug_cdtrim_cache.elf_on_local.tcl'
16:27:11 INFO  : Disconnected from the channel tcfchan#4.
16:27:12 INFO  : Connected to target on host '127.0.0.1' and port '3121'.
16:27:12 INFO  : Jtag cable 'Digilent JTAG-SMT2 210251A543E7' is selected.
16:27:12 INFO  : 'jtag frequency' command is executed.
16:27:12 INFO  : Sourcing of 'C:/COSMOS_KJH/CosmosPlus_Cluster/CosmosPlus_DFTL_Cluster_DTRIM/CDTRIM/Build/CDTRIM/system_hw_platform_0/ps7_init.tcl' is done.
16:27:12 INFO  : Context for 'APU' is selected.
16:27:12 INFO  : System reset is completed.
16:27:15 INFO  : 'after 3000' command is executed.
16:27:16 INFO  : 'targets -set -filter {jtag_cable_name =~ "Digilent JTAG-SMT2 210251A543E7" && level==0} -index 1' command is executed.
16:27:23 INFO  : FPGA configured successfully with bitstream "C:/COSMOS_KJH/CosmosPlus_Cluster/CosmosPlus_DFTL_Cluster_DTRIM/CDTRIM/Build/CDTRIM/system_hw_platform_0/OpenSSD2.bit"
16:27:23 INFO  : Context for 'APU' is selected.
16:27:28 INFO  : Hardware design information is loaded from 'C:/COSMOS_KJH/CosmosPlus_Cluster/CosmosPlus_DFTL_Cluster_DTRIM/CDTRIM/Build/CDTRIM/system_hw_platform_0/system.hdf'.
16:27:28 INFO  : 'configparams force-mem-access 1' command is executed.
16:27:28 INFO  : Context for 'APU' is selected.
16:27:28 INFO  : 'ps7_init' command is executed.
16:27:28 INFO  : 'ps7_post_config' command is executed.
16:27:28 INFO  : Context for processor 'ps7_cortexa9_0' is selected.
16:27:29 INFO  : The application 'C:/COSMOS_KJH/CosmosPlus_Cluster/CosmosPlus_DFTL_Cluster_DTRIM/CDTRIM/Build/CDTRIM/CDTRIM_CACHE/Debug/CDTRIM_CACHE.elf' is downloaded to processor 'ps7_cortexa9_0'.
16:27:29 INFO  : 'configparams force-mem-access 0' command is executed.
16:27:29 INFO  : ----------------XSDB Script----------------
connect -url tcp:127.0.0.1:3121
source C:/COSMOS_KJH/CosmosPlus_Cluster/CosmosPlus_DFTL_Cluster_DTRIM/CDTRIM/Build/CDTRIM/system_hw_platform_0/ps7_init.tcl
targets -set -nocase -filter {name =~"APU*" && jtag_cable_name =~ "Digilent JTAG-SMT2 210251A543E7"} -index 0
rst -system
after 3000
targets -set -filter {jtag_cable_name =~ "Digilent JTAG-SMT2 210251A543E7" && level==0} -index 1
fpga -file C:/COSMOS_KJH/CosmosPlus_Cluster/CosmosPlus_DFTL_Cluster_DTRIM/CDTRIM/Build/CDTRIM/system_hw_platform_0/OpenSSD2.bit
targets -set -nocase -filter {name =~"APU*" && jtag_cable_name =~ "Digilent JTAG-SMT2 210251A543E7"} -index 0
loadhw -hw C:/COSMOS_KJH/CosmosPlus_Cluster/CosmosPlus_DFTL_Cluster_DTRIM/CDTRIM/Build/CDTRIM/system_hw_platform_0/system.hdf -mem-ranges [list {0x40000000 0xbfffffff}]
configparams force-mem-access 1
targets -set -nocase -filter {name =~"APU*" && jtag_cable_name =~ "Digilent JTAG-SMT2 210251A543E7"} -index 0
ps7_init
ps7_post_config
targets -set -nocase -filter {name =~ "ARM*#0" && jtag_cable_name =~ "Digilent JTAG-SMT2 210251A543E7"} -index 0
dow C:/COSMOS_KJH/CosmosPlus_Cluster/CosmosPlus_DFTL_Cluster_DTRIM/CDTRIM/Build/CDTRIM/CDTRIM_CACHE/Debug/CDTRIM_CACHE.elf
configparams force-mem-access 0
----------------End of Script----------------

16:27:29 INFO  : Memory regions updated for context APU
16:27:29 INFO  : Context for processor 'ps7_cortexa9_0' is selected.
16:27:29 INFO  : 'con' command is executed.
16:27:29 INFO  : ----------------XSDB Script (After Launch)----------------
targets -set -nocase -filter {name =~ "ARM*#0" && jtag_cable_name =~ "Digilent JTAG-SMT2 210251A543E7"} -index 0
con
----------------End of Script----------------

16:27:29 INFO  : Launch script is exported to file 'C:\COSMOS_KJH\CosmosPlus_Cluster\CosmosPlus_DFTL_Cluster_DTRIM\CDTRIM\Build\CDTRIM\.sdk\launch_scripts\xilinx_c-c++_application_(system_debugger)\system_debugger_using_debug_cdtrim_cache.elf_on_local.tcl'
17:02:21 INFO  : Disconnected from the channel tcfchan#5.
17:02:22 INFO  : Connected to target on host '127.0.0.1' and port '3121'.
17:02:23 INFO  : Jtag cable 'Digilent JTAG-SMT2 210251A543E7' is selected.
17:02:23 INFO  : 'jtag frequency' command is executed.
17:02:23 INFO  : Sourcing of 'C:/COSMOS_KJH/CosmosPlus_Cluster/CosmosPlus_DFTL_Cluster_DTRIM/CDTRIM/Build/CDTRIM/system_hw_platform_0/ps7_init.tcl' is done.
17:02:23 INFO  : Context for 'APU' is selected.
17:02:23 INFO  : System reset is completed.
17:02:26 INFO  : 'after 3000' command is executed.
17:02:26 INFO  : 'targets -set -filter {jtag_cable_name =~ "Digilent JTAG-SMT2 210251A543E7" && level==0} -index 1' command is executed.
17:02:34 INFO  : FPGA configured successfully with bitstream "C:/COSMOS_KJH/CosmosPlus_Cluster/CosmosPlus_DFTL_Cluster_DTRIM/CDTRIM/Build/CDTRIM/system_hw_platform_0/OpenSSD2.bit"
17:02:34 INFO  : Context for 'APU' is selected.
17:02:40 INFO  : Hardware design information is loaded from 'C:/COSMOS_KJH/CosmosPlus_Cluster/CosmosPlus_DFTL_Cluster_DTRIM/CDTRIM/Build/CDTRIM/system_hw_platform_0/system.hdf'.
17:02:40 INFO  : 'configparams force-mem-access 1' command is executed.
17:02:40 INFO  : Context for 'APU' is selected.
17:02:40 INFO  : 'ps7_init' command is executed.
17:02:40 INFO  : 'ps7_post_config' command is executed.
17:02:40 INFO  : Context for processor 'ps7_cortexa9_0' is selected.
17:02:41 INFO  : The application 'C:/COSMOS_KJH/CosmosPlus_Cluster/CosmosPlus_DFTL_Cluster_DTRIM/CDTRIM/Build/CDTRIM/CDTRIM_CACHE/Debug/CDTRIM_CACHE.elf' is downloaded to processor 'ps7_cortexa9_0'.
17:02:41 INFO  : 'configparams force-mem-access 0' command is executed.
17:02:41 INFO  : ----------------XSDB Script----------------
connect -url tcp:127.0.0.1:3121
source C:/COSMOS_KJH/CosmosPlus_Cluster/CosmosPlus_DFTL_Cluster_DTRIM/CDTRIM/Build/CDTRIM/system_hw_platform_0/ps7_init.tcl
targets -set -nocase -filter {name =~"APU*" && jtag_cable_name =~ "Digilent JTAG-SMT2 210251A543E7"} -index 0
rst -system
after 3000
targets -set -filter {jtag_cable_name =~ "Digilent JTAG-SMT2 210251A543E7" && level==0} -index 1
fpga -file C:/COSMOS_KJH/CosmosPlus_Cluster/CosmosPlus_DFTL_Cluster_DTRIM/CDTRIM/Build/CDTRIM/system_hw_platform_0/OpenSSD2.bit
targets -set -nocase -filter {name =~"APU*" && jtag_cable_name =~ "Digilent JTAG-SMT2 210251A543E7"} -index 0
loadhw -hw C:/COSMOS_KJH/CosmosPlus_Cluster/CosmosPlus_DFTL_Cluster_DTRIM/CDTRIM/Build/CDTRIM/system_hw_platform_0/system.hdf -mem-ranges [list {0x40000000 0xbfffffff}]
configparams force-mem-access 1
targets -set -nocase -filter {name =~"APU*" && jtag_cable_name =~ "Digilent JTAG-SMT2 210251A543E7"} -index 0
ps7_init
ps7_post_config
targets -set -nocase -filter {name =~ "ARM*#0" && jtag_cable_name =~ "Digilent JTAG-SMT2 210251A543E7"} -index 0
dow C:/COSMOS_KJH/CosmosPlus_Cluster/CosmosPlus_DFTL_Cluster_DTRIM/CDTRIM/Build/CDTRIM/CDTRIM_CACHE/Debug/CDTRIM_CACHE.elf
configparams force-mem-access 0
----------------End of Script----------------

17:02:41 INFO  : Memory regions updated for context APU
17:02:41 INFO  : Context for processor 'ps7_cortexa9_0' is selected.
17:02:41 INFO  : 'con' command is executed.
17:02:41 INFO  : ----------------XSDB Script (After Launch)----------------
targets -set -nocase -filter {name =~ "ARM*#0" && jtag_cable_name =~ "Digilent JTAG-SMT2 210251A543E7"} -index 0
con
----------------End of Script----------------

17:02:41 INFO  : Launch script is exported to file 'C:\COSMOS_KJH\CosmosPlus_Cluster\CosmosPlus_DFTL_Cluster_DTRIM\CDTRIM\Build\CDTRIM\.sdk\launch_scripts\xilinx_c-c++_application_(system_debugger)\system_debugger_using_debug_cdtrim_cache.elf_on_local.tcl'
15:03:05 INFO  : Disconnected from the channel tcfchan#6.
15:03:06 INFO  : Connected to target on host '127.0.0.1' and port '3121'.
15:03:06 INFO  : Jtag cable 'Digilent JTAG-SMT2 210251A543E7' is selected.
15:03:06 INFO  : 'jtag frequency' command is executed.
15:03:06 INFO  : Sourcing of 'C:/COSMOS_KJH/CosmosPlus_Cluster/CosmosPlus_DFTL_Cluster_DTRIM/CDTRIM/Build/CDTRIM/system_hw_platform_0/ps7_init.tcl' is done.
15:03:06 INFO  : Context for 'APU' is selected.
15:03:06 INFO  : System reset is completed.
15:03:09 INFO  : 'after 3000' command is executed.
15:03:10 INFO  : 'targets -set -filter {jtag_cable_name =~ "Digilent JTAG-SMT2 210251A543E7" && level==0} -index 1' command is executed.
15:03:17 INFO  : FPGA configured successfully with bitstream "C:/COSMOS_KJH/CosmosPlus_Cluster/CosmosPlus_DFTL_Cluster_DTRIM/CDTRIM/Build/CDTRIM/system_hw_platform_0/OpenSSD2.bit"
15:03:17 INFO  : Context for 'APU' is selected.
15:03:22 INFO  : Hardware design information is loaded from 'C:/COSMOS_KJH/CosmosPlus_Cluster/CosmosPlus_DFTL_Cluster_DTRIM/CDTRIM/Build/CDTRIM/system_hw_platform_0/system.hdf'.
15:03:22 INFO  : 'configparams force-mem-access 1' command is executed.
15:03:22 INFO  : Context for 'APU' is selected.
15:03:23 INFO  : 'ps7_init' command is executed.
15:03:23 INFO  : 'ps7_post_config' command is executed.
15:03:23 INFO  : Context for processor 'ps7_cortexa9_0' is selected.
15:03:23 INFO  : The application 'C:/COSMOS_KJH/CosmosPlus_Cluster/CosmosPlus_DFTL_Cluster_DTRIM/CDTRIM/Build/CDTRIM/CDTRIM_CACHE/Debug/CDTRIM_CACHE.elf' is downloaded to processor 'ps7_cortexa9_0'.
15:03:23 INFO  : 'configparams force-mem-access 0' command is executed.
15:03:23 INFO  : ----------------XSDB Script----------------
connect -url tcp:127.0.0.1:3121
source C:/COSMOS_KJH/CosmosPlus_Cluster/CosmosPlus_DFTL_Cluster_DTRIM/CDTRIM/Build/CDTRIM/system_hw_platform_0/ps7_init.tcl
targets -set -nocase -filter {name =~"APU*" && jtag_cable_name =~ "Digilent JTAG-SMT2 210251A543E7"} -index 0
rst -system
after 3000
targets -set -filter {jtag_cable_name =~ "Digilent JTAG-SMT2 210251A543E7" && level==0} -index 1
fpga -file C:/COSMOS_KJH/CosmosPlus_Cluster/CosmosPlus_DFTL_Cluster_DTRIM/CDTRIM/Build/CDTRIM/system_hw_platform_0/OpenSSD2.bit
targets -set -nocase -filter {name =~"APU*" && jtag_cable_name =~ "Digilent JTAG-SMT2 210251A543E7"} -index 0
loadhw -hw C:/COSMOS_KJH/CosmosPlus_Cluster/CosmosPlus_DFTL_Cluster_DTRIM/CDTRIM/Build/CDTRIM/system_hw_platform_0/system.hdf -mem-ranges [list {0x40000000 0xbfffffff}]
configparams force-mem-access 1
targets -set -nocase -filter {name =~"APU*" && jtag_cable_name =~ "Digilent JTAG-SMT2 210251A543E7"} -index 0
ps7_init
ps7_post_config
targets -set -nocase -filter {name =~ "ARM*#0" && jtag_cable_name =~ "Digilent JTAG-SMT2 210251A543E7"} -index 0
dow C:/COSMOS_KJH/CosmosPlus_Cluster/CosmosPlus_DFTL_Cluster_DTRIM/CDTRIM/Build/CDTRIM/CDTRIM_CACHE/Debug/CDTRIM_CACHE.elf
configparams force-mem-access 0
----------------End of Script----------------

15:03:23 INFO  : Memory regions updated for context APU
15:03:24 INFO  : Context for processor 'ps7_cortexa9_0' is selected.
15:03:24 INFO  : 'con' command is executed.
15:03:24 INFO  : ----------------XSDB Script (After Launch)----------------
targets -set -nocase -filter {name =~ "ARM*#0" && jtag_cable_name =~ "Digilent JTAG-SMT2 210251A543E7"} -index 0
con
----------------End of Script----------------

15:03:24 INFO  : Launch script is exported to file 'C:\COSMOS_KJH\CosmosPlus_Cluster\CosmosPlus_DFTL_Cluster_DTRIM\CDTRIM\Build\CDTRIM\.sdk\launch_scripts\xilinx_c-c++_application_(system_debugger)\system_debugger_using_debug_cdtrim_cache.elf_on_local.tcl'
15:40:17 INFO  : Disconnected from the channel tcfchan#7.
15:40:18 INFO  : Connected to target on host '127.0.0.1' and port '3121'.
15:40:19 INFO  : Jtag cable 'Digilent JTAG-SMT2 210251A543E7' is selected.
15:40:19 INFO  : 'jtag frequency' command is executed.
15:40:19 INFO  : Sourcing of 'C:/COSMOS_KJH/CosmosPlus_Cluster/CosmosPlus_DFTL_Cluster_DTRIM/CDTRIM/Build/CDTRIM/system_hw_platform_0/ps7_init.tcl' is done.
15:40:19 INFO  : Context for 'APU' is selected.
15:40:19 INFO  : System reset is completed.
15:40:22 INFO  : 'after 3000' command is executed.
15:40:22 INFO  : 'targets -set -filter {jtag_cable_name =~ "Digilent JTAG-SMT2 210251A543E7" && level==0} -index 1' command is executed.
15:40:29 INFO  : FPGA configured successfully with bitstream "C:/COSMOS_KJH/CosmosPlus_Cluster/CosmosPlus_DFTL_Cluster_DTRIM/CDTRIM/Build/CDTRIM/system_hw_platform_0/OpenSSD2.bit"
15:40:30 INFO  : Context for 'APU' is selected.
15:40:34 INFO  : Hardware design information is loaded from 'C:/COSMOS_KJH/CosmosPlus_Cluster/CosmosPlus_DFTL_Cluster_DTRIM/CDTRIM/Build/CDTRIM/system_hw_platform_0/system.hdf'.
15:40:34 INFO  : 'configparams force-mem-access 1' command is executed.
15:40:34 INFO  : Context for 'APU' is selected.
15:40:35 INFO  : 'ps7_init' command is executed.
15:40:35 INFO  : 'ps7_post_config' command is executed.
15:40:35 INFO  : Context for processor 'ps7_cortexa9_0' is selected.
15:40:35 INFO  : The application 'C:/COSMOS_KJH/CosmosPlus_Cluster/CosmosPlus_DFTL_Cluster_DTRIM/CDTRIM/Build/CDTRIM/CDTRIM_CACHE/Debug/CDTRIM_CACHE.elf' is downloaded to processor 'ps7_cortexa9_0'.
15:40:35 INFO  : 'configparams force-mem-access 0' command is executed.
15:40:35 INFO  : ----------------XSDB Script----------------
connect -url tcp:127.0.0.1:3121
source C:/COSMOS_KJH/CosmosPlus_Cluster/CosmosPlus_DFTL_Cluster_DTRIM/CDTRIM/Build/CDTRIM/system_hw_platform_0/ps7_init.tcl
targets -set -nocase -filter {name =~"APU*" && jtag_cable_name =~ "Digilent JTAG-SMT2 210251A543E7"} -index 0
rst -system
after 3000
targets -set -filter {jtag_cable_name =~ "Digilent JTAG-SMT2 210251A543E7" && level==0} -index 1
fpga -file C:/COSMOS_KJH/CosmosPlus_Cluster/CosmosPlus_DFTL_Cluster_DTRIM/CDTRIM/Build/CDTRIM/system_hw_platform_0/OpenSSD2.bit
targets -set -nocase -filter {name =~"APU*" && jtag_cable_name =~ "Digilent JTAG-SMT2 210251A543E7"} -index 0
loadhw -hw C:/COSMOS_KJH/CosmosPlus_Cluster/CosmosPlus_DFTL_Cluster_DTRIM/CDTRIM/Build/CDTRIM/system_hw_platform_0/system.hdf -mem-ranges [list {0x40000000 0xbfffffff}]
configparams force-mem-access 1
targets -set -nocase -filter {name =~"APU*" && jtag_cable_name =~ "Digilent JTAG-SMT2 210251A543E7"} -index 0
ps7_init
ps7_post_config
targets -set -nocase -filter {name =~ "ARM*#0" && jtag_cable_name =~ "Digilent JTAG-SMT2 210251A543E7"} -index 0
dow C:/COSMOS_KJH/CosmosPlus_Cluster/CosmosPlus_DFTL_Cluster_DTRIM/CDTRIM/Build/CDTRIM/CDTRIM_CACHE/Debug/CDTRIM_CACHE.elf
configparams force-mem-access 0
----------------End of Script----------------

15:40:35 INFO  : Memory regions updated for context APU
15:40:36 INFO  : Context for processor 'ps7_cortexa9_0' is selected.
15:40:36 INFO  : 'con' command is executed.
15:40:36 INFO  : ----------------XSDB Script (After Launch)----------------
targets -set -nocase -filter {name =~ "ARM*#0" && jtag_cable_name =~ "Digilent JTAG-SMT2 210251A543E7"} -index 0
con
----------------End of Script----------------

15:40:36 INFO  : Launch script is exported to file 'C:\COSMOS_KJH\CosmosPlus_Cluster\CosmosPlus_DFTL_Cluster_DTRIM\CDTRIM\Build\CDTRIM\.sdk\launch_scripts\xilinx_c-c++_application_(system_debugger)\system_debugger_using_debug_cdtrim_cache.elf_on_local.tcl'
15:57:36 INFO  : Disconnected from the channel tcfchan#8.
15:57:37 INFO  : Connected to target on host '127.0.0.1' and port '3121'.
15:57:37 INFO  : Jtag cable 'Digilent JTAG-SMT2 210251A543E7' is selected.
15:57:37 INFO  : 'jtag frequency' command is executed.
15:57:37 INFO  : Sourcing of 'C:/COSMOS_KJH/CosmosPlus_Cluster/CosmosPlus_DFTL_Cluster_DTRIM/CDTRIM/Build/CDTRIM/system_hw_platform_0/ps7_init.tcl' is done.
15:57:37 INFO  : Context for 'APU' is selected.
15:57:37 INFO  : System reset is completed.
15:57:40 INFO  : 'after 3000' command is executed.
15:57:40 INFO  : 'targets -set -filter {jtag_cable_name =~ "Digilent JTAG-SMT2 210251A543E7" && level==0} -index 1' command is executed.
15:57:48 INFO  : FPGA configured successfully with bitstream "C:/COSMOS_KJH/CosmosPlus_Cluster/CosmosPlus_DFTL_Cluster_DTRIM/CDTRIM/Build/CDTRIM/system_hw_platform_0/OpenSSD2.bit"
15:57:48 INFO  : Context for 'APU' is selected.
15:57:53 INFO  : Hardware design information is loaded from 'C:/COSMOS_KJH/CosmosPlus_Cluster/CosmosPlus_DFTL_Cluster_DTRIM/CDTRIM/Build/CDTRIM/system_hw_platform_0/system.hdf'.
15:57:53 INFO  : 'configparams force-mem-access 1' command is executed.
15:57:53 INFO  : Context for 'APU' is selected.
15:57:53 INFO  : 'ps7_init' command is executed.
15:57:54 INFO  : 'ps7_post_config' command is executed.
15:57:54 INFO  : Context for processor 'ps7_cortexa9_0' is selected.
15:57:54 INFO  : The application 'C:/COSMOS_KJH/CosmosPlus_Cluster/CosmosPlus_DFTL_Cluster_DTRIM/CDTRIM/Build/CDTRIM/CDTRIM_CACHE/Debug/CDTRIM_CACHE.elf' is downloaded to processor 'ps7_cortexa9_0'.
15:57:54 INFO  : 'configparams force-mem-access 0' command is executed.
15:57:54 INFO  : ----------------XSDB Script----------------
connect -url tcp:127.0.0.1:3121
source C:/COSMOS_KJH/CosmosPlus_Cluster/CosmosPlus_DFTL_Cluster_DTRIM/CDTRIM/Build/CDTRIM/system_hw_platform_0/ps7_init.tcl
targets -set -nocase -filter {name =~"APU*" && jtag_cable_name =~ "Digilent JTAG-SMT2 210251A543E7"} -index 0
rst -system
after 3000
targets -set -filter {jtag_cable_name =~ "Digilent JTAG-SMT2 210251A543E7" && level==0} -index 1
fpga -file C:/COSMOS_KJH/CosmosPlus_Cluster/CosmosPlus_DFTL_Cluster_DTRIM/CDTRIM/Build/CDTRIM/system_hw_platform_0/OpenSSD2.bit
targets -set -nocase -filter {name =~"APU*" && jtag_cable_name =~ "Digilent JTAG-SMT2 210251A543E7"} -index 0
loadhw -hw C:/COSMOS_KJH/CosmosPlus_Cluster/CosmosPlus_DFTL_Cluster_DTRIM/CDTRIM/Build/CDTRIM/system_hw_platform_0/system.hdf -mem-ranges [list {0x40000000 0xbfffffff}]
configparams force-mem-access 1
targets -set -nocase -filter {name =~"APU*" && jtag_cable_name =~ "Digilent JTAG-SMT2 210251A543E7"} -index 0
ps7_init
ps7_post_config
targets -set -nocase -filter {name =~ "ARM*#0" && jtag_cable_name =~ "Digilent JTAG-SMT2 210251A543E7"} -index 0
dow C:/COSMOS_KJH/CosmosPlus_Cluster/CosmosPlus_DFTL_Cluster_DTRIM/CDTRIM/Build/CDTRIM/CDTRIM_CACHE/Debug/CDTRIM_CACHE.elf
configparams force-mem-access 0
----------------End of Script----------------

15:57:54 INFO  : Memory regions updated for context APU
15:57:54 INFO  : Context for processor 'ps7_cortexa9_0' is selected.
15:57:54 INFO  : 'con' command is executed.
15:57:54 INFO  : ----------------XSDB Script (After Launch)----------------
targets -set -nocase -filter {name =~ "ARM*#0" && jtag_cable_name =~ "Digilent JTAG-SMT2 210251A543E7"} -index 0
con
----------------End of Script----------------

15:57:54 INFO  : Launch script is exported to file 'C:\COSMOS_KJH\CosmosPlus_Cluster\CosmosPlus_DFTL_Cluster_DTRIM\CDTRIM\Build\CDTRIM\.sdk\launch_scripts\xilinx_c-c++_application_(system_debugger)\system_debugger_using_debug_cdtrim_cache.elf_on_local.tcl'
16:23:15 INFO  : Disconnected from the channel tcfchan#9.
16:23:16 INFO  : Connected to target on host '127.0.0.1' and port '3121'.
16:23:16 INFO  : Jtag cable 'Digilent JTAG-SMT2 210251A543E7' is selected.
16:23:16 INFO  : 'jtag frequency' command is executed.
16:23:16 INFO  : Sourcing of 'C:/COSMOS_KJH/CosmosPlus_Cluster/CosmosPlus_DFTL_Cluster_DTRIM/CDTRIM/Build/CDTRIM/system_hw_platform_0/ps7_init.tcl' is done.
16:23:16 INFO  : Context for 'APU' is selected.
16:23:16 INFO  : System reset is completed.
16:23:19 INFO  : 'after 3000' command is executed.
16:23:19 INFO  : 'targets -set -filter {jtag_cable_name =~ "Digilent JTAG-SMT2 210251A543E7" && level==0} -index 1' command is executed.
16:23:27 INFO  : FPGA configured successfully with bitstream "C:/COSMOS_KJH/CosmosPlus_Cluster/CosmosPlus_DFTL_Cluster_DTRIM/CDTRIM/Build/CDTRIM/system_hw_platform_0/OpenSSD2.bit"
16:23:27 INFO  : Context for 'APU' is selected.
16:23:32 INFO  : Hardware design information is loaded from 'C:/COSMOS_KJH/CosmosPlus_Cluster/CosmosPlus_DFTL_Cluster_DTRIM/CDTRIM/Build/CDTRIM/system_hw_platform_0/system.hdf'.
16:23:32 INFO  : 'configparams force-mem-access 1' command is executed.
16:23:32 INFO  : Context for 'APU' is selected.
16:23:32 INFO  : 'ps7_init' command is executed.
16:23:32 INFO  : 'ps7_post_config' command is executed.
16:23:32 INFO  : Context for processor 'ps7_cortexa9_0' is selected.
16:23:33 INFO  : The application 'C:/COSMOS_KJH/CosmosPlus_Cluster/CosmosPlus_DFTL_Cluster_DTRIM/CDTRIM/Build/CDTRIM/CDTRIM_CACHE/Debug/CDTRIM_CACHE.elf' is downloaded to processor 'ps7_cortexa9_0'.
16:23:33 INFO  : 'configparams force-mem-access 0' command is executed.
16:23:33 INFO  : ----------------XSDB Script----------------
connect -url tcp:127.0.0.1:3121
source C:/COSMOS_KJH/CosmosPlus_Cluster/CosmosPlus_DFTL_Cluster_DTRIM/CDTRIM/Build/CDTRIM/system_hw_platform_0/ps7_init.tcl
targets -set -nocase -filter {name =~"APU*" && jtag_cable_name =~ "Digilent JTAG-SMT2 210251A543E7"} -index 0
rst -system
after 3000
targets -set -filter {jtag_cable_name =~ "Digilent JTAG-SMT2 210251A543E7" && level==0} -index 1
fpga -file C:/COSMOS_KJH/CosmosPlus_Cluster/CosmosPlus_DFTL_Cluster_DTRIM/CDTRIM/Build/CDTRIM/system_hw_platform_0/OpenSSD2.bit
targets -set -nocase -filter {name =~"APU*" && jtag_cable_name =~ "Digilent JTAG-SMT2 210251A543E7"} -index 0
loadhw -hw C:/COSMOS_KJH/CosmosPlus_Cluster/CosmosPlus_DFTL_Cluster_DTRIM/CDTRIM/Build/CDTRIM/system_hw_platform_0/system.hdf -mem-ranges [list {0x40000000 0xbfffffff}]
configparams force-mem-access 1
targets -set -nocase -filter {name =~"APU*" && jtag_cable_name =~ "Digilent JTAG-SMT2 210251A543E7"} -index 0
ps7_init
ps7_post_config
targets -set -nocase -filter {name =~ "ARM*#0" && jtag_cable_name =~ "Digilent JTAG-SMT2 210251A543E7"} -index 0
dow C:/COSMOS_KJH/CosmosPlus_Cluster/CosmosPlus_DFTL_Cluster_DTRIM/CDTRIM/Build/CDTRIM/CDTRIM_CACHE/Debug/CDTRIM_CACHE.elf
configparams force-mem-access 0
----------------End of Script----------------

16:23:33 INFO  : Memory regions updated for context APU
16:23:33 INFO  : Context for processor 'ps7_cortexa9_0' is selected.
16:23:33 INFO  : 'con' command is executed.
16:23:33 INFO  : ----------------XSDB Script (After Launch)----------------
targets -set -nocase -filter {name =~ "ARM*#0" && jtag_cable_name =~ "Digilent JTAG-SMT2 210251A543E7"} -index 0
con
----------------End of Script----------------

16:23:33 INFO  : Launch script is exported to file 'C:\COSMOS_KJH\CosmosPlus_Cluster\CosmosPlus_DFTL_Cluster_DTRIM\CDTRIM\Build\CDTRIM\.sdk\launch_scripts\xilinx_c-c++_application_(system_debugger)\system_debugger_using_debug_cdtrim_cache.elf_on_local.tcl'
16:55:04 INFO  : Disconnected from the channel tcfchan#10.
16:55:05 INFO  : Connected to target on host '127.0.0.1' and port '3121'.
16:55:06 INFO  : Jtag cable 'Digilent JTAG-SMT2 210251A543E7' is selected.
16:55:06 INFO  : 'jtag frequency' command is executed.
16:55:06 INFO  : Sourcing of 'C:/COSMOS_KJH/CosmosPlus_Cluster/CosmosPlus_DFTL_Cluster_DTRIM/CDTRIM/Build/CDTRIM/system_hw_platform_0/ps7_init.tcl' is done.
16:55:06 INFO  : Context for 'APU' is selected.
16:55:06 INFO  : System reset is completed.
16:55:09 INFO  : 'after 3000' command is executed.
16:55:09 INFO  : 'targets -set -filter {jtag_cable_name =~ "Digilent JTAG-SMT2 210251A543E7" && level==0} -index 1' command is executed.
16:55:17 INFO  : FPGA configured successfully with bitstream "C:/COSMOS_KJH/CosmosPlus_Cluster/CosmosPlus_DFTL_Cluster_DTRIM/CDTRIM/Build/CDTRIM/system_hw_platform_0/OpenSSD2.bit"
16:55:17 INFO  : Context for 'APU' is selected.
16:55:22 INFO  : Hardware design information is loaded from 'C:/COSMOS_KJH/CosmosPlus_Cluster/CosmosPlus_DFTL_Cluster_DTRIM/CDTRIM/Build/CDTRIM/system_hw_platform_0/system.hdf'.
16:55:22 INFO  : 'configparams force-mem-access 1' command is executed.
16:55:22 INFO  : Context for 'APU' is selected.
16:55:22 INFO  : 'ps7_init' command is executed.
16:55:22 INFO  : 'ps7_post_config' command is executed.
16:55:22 INFO  : Context for processor 'ps7_cortexa9_0' is selected.
16:55:23 INFO  : The application 'C:/COSMOS_KJH/CosmosPlus_Cluster/CosmosPlus_DFTL_Cluster_DTRIM/CDTRIM/Build/CDTRIM/CDTRIM_CACHE/Debug/CDTRIM_CACHE.elf' is downloaded to processor 'ps7_cortexa9_0'.
16:55:23 INFO  : 'configparams force-mem-access 0' command is executed.
16:55:23 INFO  : ----------------XSDB Script----------------
connect -url tcp:127.0.0.1:3121
source C:/COSMOS_KJH/CosmosPlus_Cluster/CosmosPlus_DFTL_Cluster_DTRIM/CDTRIM/Build/CDTRIM/system_hw_platform_0/ps7_init.tcl
targets -set -nocase -filter {name =~"APU*" && jtag_cable_name =~ "Digilent JTAG-SMT2 210251A543E7"} -index 0
rst -system
after 3000
targets -set -filter {jtag_cable_name =~ "Digilent JTAG-SMT2 210251A543E7" && level==0} -index 1
fpga -file C:/COSMOS_KJH/CosmosPlus_Cluster/CosmosPlus_DFTL_Cluster_DTRIM/CDTRIM/Build/CDTRIM/system_hw_platform_0/OpenSSD2.bit
targets -set -nocase -filter {name =~"APU*" && jtag_cable_name =~ "Digilent JTAG-SMT2 210251A543E7"} -index 0
loadhw -hw C:/COSMOS_KJH/CosmosPlus_Cluster/CosmosPlus_DFTL_Cluster_DTRIM/CDTRIM/Build/CDTRIM/system_hw_platform_0/system.hdf -mem-ranges [list {0x40000000 0xbfffffff}]
configparams force-mem-access 1
targets -set -nocase -filter {name =~"APU*" && jtag_cable_name =~ "Digilent JTAG-SMT2 210251A543E7"} -index 0
ps7_init
ps7_post_config
targets -set -nocase -filter {name =~ "ARM*#0" && jtag_cable_name =~ "Digilent JTAG-SMT2 210251A543E7"} -index 0
dow C:/COSMOS_KJH/CosmosPlus_Cluster/CosmosPlus_DFTL_Cluster_DTRIM/CDTRIM/Build/CDTRIM/CDTRIM_CACHE/Debug/CDTRIM_CACHE.elf
configparams force-mem-access 0
----------------End of Script----------------

16:55:23 INFO  : Memory regions updated for context APU
16:55:23 INFO  : Context for processor 'ps7_cortexa9_0' is selected.
16:55:23 INFO  : 'con' command is executed.
16:55:23 INFO  : ----------------XSDB Script (After Launch)----------------
targets -set -nocase -filter {name =~ "ARM*#0" && jtag_cable_name =~ "Digilent JTAG-SMT2 210251A543E7"} -index 0
con
----------------End of Script----------------

16:55:23 INFO  : Launch script is exported to file 'C:\COSMOS_KJH\CosmosPlus_Cluster\CosmosPlus_DFTL_Cluster_DTRIM\CDTRIM\Build\CDTRIM\.sdk\launch_scripts\xilinx_c-c++_application_(system_debugger)\system_debugger_using_debug_cdtrim_cache.elf_on_local.tcl'
17:48:13 INFO  : Disconnected from the channel tcfchan#11.
17:48:14 INFO  : Connected to target on host '127.0.0.1' and port '3121'.
17:48:14 INFO  : Jtag cable 'Digilent JTAG-SMT2 210251A543E7' is selected.
17:48:14 INFO  : 'jtag frequency' command is executed.
17:48:14 INFO  : Sourcing of 'C:/COSMOS_KJH/CosmosPlus_Cluster/CosmosPlus_DFTL_Cluster_DTRIM/CDTRIM/Build/CDTRIM/system_hw_platform_0/ps7_init.tcl' is done.
17:48:14 INFO  : Context for 'APU' is selected.
17:48:14 INFO  : System reset is completed.
17:48:17 INFO  : 'after 3000' command is executed.
17:48:17 INFO  : 'targets -set -filter {jtag_cable_name =~ "Digilent JTAG-SMT2 210251A543E7" && level==0} -index 1' command is executed.
17:48:25 INFO  : FPGA configured successfully with bitstream "C:/COSMOS_KJH/CosmosPlus_Cluster/CosmosPlus_DFTL_Cluster_DTRIM/CDTRIM/Build/CDTRIM/system_hw_platform_0/OpenSSD2.bit"
17:48:25 INFO  : Context for 'APU' is selected.
17:48:32 INFO  : Hardware design information is loaded from 'C:/COSMOS_KJH/CosmosPlus_Cluster/CosmosPlus_DFTL_Cluster_DTRIM/CDTRIM/Build/CDTRIM/system_hw_platform_0/system.hdf'.
17:48:32 INFO  : 'configparams force-mem-access 1' command is executed.
17:48:32 INFO  : Context for 'APU' is selected.
17:48:33 INFO  : 'ps7_init' command is executed.
17:48:33 INFO  : 'ps7_post_config' command is executed.
17:48:33 INFO  : Context for processor 'ps7_cortexa9_0' is selected.
17:48:33 INFO  : The application 'C:/COSMOS_KJH/CosmosPlus_Cluster/CosmosPlus_DFTL_Cluster_DTRIM/CDTRIM/Build/CDTRIM/CDTRIM_CACHE/Debug/CDTRIM_CACHE.elf' is downloaded to processor 'ps7_cortexa9_0'.
17:48:33 INFO  : 'configparams force-mem-access 0' command is executed.
17:48:33 INFO  : ----------------XSDB Script----------------
connect -url tcp:127.0.0.1:3121
source C:/COSMOS_KJH/CosmosPlus_Cluster/CosmosPlus_DFTL_Cluster_DTRIM/CDTRIM/Build/CDTRIM/system_hw_platform_0/ps7_init.tcl
targets -set -nocase -filter {name =~"APU*" && jtag_cable_name =~ "Digilent JTAG-SMT2 210251A543E7"} -index 0
rst -system
after 3000
targets -set -filter {jtag_cable_name =~ "Digilent JTAG-SMT2 210251A543E7" && level==0} -index 1
fpga -file C:/COSMOS_KJH/CosmosPlus_Cluster/CosmosPlus_DFTL_Cluster_DTRIM/CDTRIM/Build/CDTRIM/system_hw_platform_0/OpenSSD2.bit
targets -set -nocase -filter {name =~"APU*" && jtag_cable_name =~ "Digilent JTAG-SMT2 210251A543E7"} -index 0
loadhw -hw C:/COSMOS_KJH/CosmosPlus_Cluster/CosmosPlus_DFTL_Cluster_DTRIM/CDTRIM/Build/CDTRIM/system_hw_platform_0/system.hdf -mem-ranges [list {0x40000000 0xbfffffff}]
configparams force-mem-access 1
targets -set -nocase -filter {name =~"APU*" && jtag_cable_name =~ "Digilent JTAG-SMT2 210251A543E7"} -index 0
ps7_init
ps7_post_config
targets -set -nocase -filter {name =~ "ARM*#0" && jtag_cable_name =~ "Digilent JTAG-SMT2 210251A543E7"} -index 0
dow C:/COSMOS_KJH/CosmosPlus_Cluster/CosmosPlus_DFTL_Cluster_DTRIM/CDTRIM/Build/CDTRIM/CDTRIM_CACHE/Debug/CDTRIM_CACHE.elf
configparams force-mem-access 0
----------------End of Script----------------

17:48:33 INFO  : Memory regions updated for context APU
17:48:33 INFO  : Context for processor 'ps7_cortexa9_0' is selected.
17:48:33 INFO  : 'con' command is executed.
17:48:33 INFO  : ----------------XSDB Script (After Launch)----------------
targets -set -nocase -filter {name =~ "ARM*#0" && jtag_cable_name =~ "Digilent JTAG-SMT2 210251A543E7"} -index 0
con
----------------End of Script----------------

17:48:33 INFO  : Launch script is exported to file 'C:\COSMOS_KJH\CosmosPlus_Cluster\CosmosPlus_DFTL_Cluster_DTRIM\CDTRIM\Build\CDTRIM\.sdk\launch_scripts\xilinx_c-c++_application_(system_debugger)\system_debugger_using_debug_cdtrim_cache.elf_on_local.tcl'
18:41:13 INFO  : Disconnected from the channel tcfchan#12.
18:41:14 INFO  : Connected to target on host '127.0.0.1' and port '3121'.
18:41:14 INFO  : Jtag cable 'Digilent JTAG-SMT2 210251A543E7' is selected.
18:41:14 INFO  : 'jtag frequency' command is executed.
18:41:14 INFO  : Sourcing of 'C:/COSMOS_KJH/CosmosPlus_Cluster/CosmosPlus_DFTL_Cluster_DTRIM/CDTRIM/Build/CDTRIM/system_hw_platform_0/ps7_init.tcl' is done.
18:41:14 INFO  : Context for 'APU' is selected.
18:41:14 INFO  : System reset is completed.
18:41:18 INFO  : 'after 3000' command is executed.
18:41:18 INFO  : 'targets -set -filter {jtag_cable_name =~ "Digilent JTAG-SMT2 210251A543E7" && level==0} -index 1' command is executed.
18:41:25 INFO  : FPGA configured successfully with bitstream "C:/COSMOS_KJH/CosmosPlus_Cluster/CosmosPlus_DFTL_Cluster_DTRIM/CDTRIM/Build/CDTRIM/system_hw_platform_0/OpenSSD2.bit"
18:41:25 INFO  : Context for 'APU' is selected.
18:41:30 INFO  : Hardware design information is loaded from 'C:/COSMOS_KJH/CosmosPlus_Cluster/CosmosPlus_DFTL_Cluster_DTRIM/CDTRIM/Build/CDTRIM/system_hw_platform_0/system.hdf'.
18:41:30 INFO  : 'configparams force-mem-access 1' command is executed.
18:41:30 INFO  : Context for 'APU' is selected.
18:41:30 INFO  : 'ps7_init' command is executed.
18:41:30 INFO  : 'ps7_post_config' command is executed.
18:41:30 INFO  : Context for processor 'ps7_cortexa9_0' is selected.
18:41:31 INFO  : The application 'C:/COSMOS_KJH/CosmosPlus_Cluster/CosmosPlus_DFTL_Cluster_DTRIM/CDTRIM/Build/CDTRIM/CDTRIM_CACHE/Debug/CDTRIM_CACHE.elf' is downloaded to processor 'ps7_cortexa9_0'.
18:41:31 INFO  : 'configparams force-mem-access 0' command is executed.
18:41:31 INFO  : ----------------XSDB Script----------------
connect -url tcp:127.0.0.1:3121
source C:/COSMOS_KJH/CosmosPlus_Cluster/CosmosPlus_DFTL_Cluster_DTRIM/CDTRIM/Build/CDTRIM/system_hw_platform_0/ps7_init.tcl
targets -set -nocase -filter {name =~"APU*" && jtag_cable_name =~ "Digilent JTAG-SMT2 210251A543E7"} -index 0
rst -system
after 3000
targets -set -filter {jtag_cable_name =~ "Digilent JTAG-SMT2 210251A543E7" && level==0} -index 1
fpga -file C:/COSMOS_KJH/CosmosPlus_Cluster/CosmosPlus_DFTL_Cluster_DTRIM/CDTRIM/Build/CDTRIM/system_hw_platform_0/OpenSSD2.bit
targets -set -nocase -filter {name =~"APU*" && jtag_cable_name =~ "Digilent JTAG-SMT2 210251A543E7"} -index 0
loadhw -hw C:/COSMOS_KJH/CosmosPlus_Cluster/CosmosPlus_DFTL_Cluster_DTRIM/CDTRIM/Build/CDTRIM/system_hw_platform_0/system.hdf -mem-ranges [list {0x40000000 0xbfffffff}]
configparams force-mem-access 1
targets -set -nocase -filter {name =~"APU*" && jtag_cable_name =~ "Digilent JTAG-SMT2 210251A543E7"} -index 0
ps7_init
ps7_post_config
targets -set -nocase -filter {name =~ "ARM*#0" && jtag_cable_name =~ "Digilent JTAG-SMT2 210251A543E7"} -index 0
dow C:/COSMOS_KJH/CosmosPlus_Cluster/CosmosPlus_DFTL_Cluster_DTRIM/CDTRIM/Build/CDTRIM/CDTRIM_CACHE/Debug/CDTRIM_CACHE.elf
configparams force-mem-access 0
----------------End of Script----------------

18:41:31 INFO  : Memory regions updated for context APU
18:41:31 INFO  : Context for processor 'ps7_cortexa9_0' is selected.
18:41:31 INFO  : 'con' command is executed.
18:41:31 INFO  : ----------------XSDB Script (After Launch)----------------
targets -set -nocase -filter {name =~ "ARM*#0" && jtag_cable_name =~ "Digilent JTAG-SMT2 210251A543E7"} -index 0
con
----------------End of Script----------------

18:41:31 INFO  : Launch script is exported to file 'C:\COSMOS_KJH\CosmosPlus_Cluster\CosmosPlus_DFTL_Cluster_DTRIM\CDTRIM\Build\CDTRIM\.sdk\launch_scripts\xilinx_c-c++_application_(system_debugger)\system_debugger_using_debug_cdtrim_cache.elf_on_local.tcl'
10:09:44 INFO  : Disconnected from the channel tcfchan#13.
10:09:45 INFO  : Connected to target on host '127.0.0.1' and port '3121'.
10:09:45 INFO  : Jtag cable 'Digilent JTAG-SMT2 210251A543E7' is selected.
10:09:45 INFO  : 'jtag frequency' command is executed.
10:09:45 INFO  : Sourcing of 'C:/COSMOS_KJH/CosmosPlus_Cluster/CosmosPlus_DFTL_Cluster_DTRIM/CDTRIM/Build/CDTRIM/system_hw_platform_0/ps7_init.tcl' is done.
10:09:45 INFO  : Context for 'APU' is selected.
10:09:45 INFO  : System reset is completed.
10:09:48 INFO  : 'after 3000' command is executed.
10:09:48 INFO  : 'targets -set -filter {jtag_cable_name =~ "Digilent JTAG-SMT2 210251A543E7" && level==0} -index 1' command is executed.
10:09:56 INFO  : FPGA configured successfully with bitstream "C:/COSMOS_KJH/CosmosPlus_Cluster/CosmosPlus_DFTL_Cluster_DTRIM/CDTRIM/Build/CDTRIM/system_hw_platform_0/OpenSSD2.bit"
10:09:56 INFO  : Context for 'APU' is selected.
10:10:01 INFO  : Hardware design information is loaded from 'C:/COSMOS_KJH/CosmosPlus_Cluster/CosmosPlus_DFTL_Cluster_DTRIM/CDTRIM/Build/CDTRIM/system_hw_platform_0/system.hdf'.
10:10:01 INFO  : 'configparams force-mem-access 1' command is executed.
10:10:01 INFO  : Context for 'APU' is selected.
10:10:01 INFO  : 'ps7_init' command is executed.
10:10:01 INFO  : 'ps7_post_config' command is executed.
10:10:01 INFO  : Context for processor 'ps7_cortexa9_0' is selected.
10:10:02 INFO  : The application 'C:/COSMOS_KJH/CosmosPlus_Cluster/CosmosPlus_DFTL_Cluster_DTRIM/CDTRIM/Build/CDTRIM/CDTRIM_CACHE/Debug/CDTRIM_CACHE.elf' is downloaded to processor 'ps7_cortexa9_0'.
10:10:02 INFO  : 'configparams force-mem-access 0' command is executed.
10:10:02 INFO  : ----------------XSDB Script----------------
connect -url tcp:127.0.0.1:3121
source C:/COSMOS_KJH/CosmosPlus_Cluster/CosmosPlus_DFTL_Cluster_DTRIM/CDTRIM/Build/CDTRIM/system_hw_platform_0/ps7_init.tcl
targets -set -nocase -filter {name =~"APU*" && jtag_cable_name =~ "Digilent JTAG-SMT2 210251A543E7"} -index 0
rst -system
after 3000
targets -set -filter {jtag_cable_name =~ "Digilent JTAG-SMT2 210251A543E7" && level==0} -index 1
fpga -file C:/COSMOS_KJH/CosmosPlus_Cluster/CosmosPlus_DFTL_Cluster_DTRIM/CDTRIM/Build/CDTRIM/system_hw_platform_0/OpenSSD2.bit
targets -set -nocase -filter {name =~"APU*" && jtag_cable_name =~ "Digilent JTAG-SMT2 210251A543E7"} -index 0
loadhw -hw C:/COSMOS_KJH/CosmosPlus_Cluster/CosmosPlus_DFTL_Cluster_DTRIM/CDTRIM/Build/CDTRIM/system_hw_platform_0/system.hdf -mem-ranges [list {0x40000000 0xbfffffff}]
configparams force-mem-access 1
targets -set -nocase -filter {name =~"APU*" && jtag_cable_name =~ "Digilent JTAG-SMT2 210251A543E7"} -index 0
ps7_init
ps7_post_config
targets -set -nocase -filter {name =~ "ARM*#0" && jtag_cable_name =~ "Digilent JTAG-SMT2 210251A543E7"} -index 0
dow C:/COSMOS_KJH/CosmosPlus_Cluster/CosmosPlus_DFTL_Cluster_DTRIM/CDTRIM/Build/CDTRIM/CDTRIM_CACHE/Debug/CDTRIM_CACHE.elf
configparams force-mem-access 0
----------------End of Script----------------

10:10:02 INFO  : Memory regions updated for context APU
10:10:02 INFO  : Context for processor 'ps7_cortexa9_0' is selected.
10:10:02 INFO  : 'con' command is executed.
10:10:02 INFO  : ----------------XSDB Script (After Launch)----------------
targets -set -nocase -filter {name =~ "ARM*#0" && jtag_cable_name =~ "Digilent JTAG-SMT2 210251A543E7"} -index 0
con
----------------End of Script----------------

10:10:02 INFO  : Launch script is exported to file 'C:\COSMOS_KJH\CosmosPlus_Cluster\CosmosPlus_DFTL_Cluster_DTRIM\CDTRIM\Build\CDTRIM\.sdk\launch_scripts\xilinx_c-c++_application_(system_debugger)\system_debugger_using_debug_cdtrim_cache.elf_on_local.tcl'
13:22:30 INFO  : Disconnected from the channel tcfchan#14.
13:22:31 INFO  : Connected to target on host '127.0.0.1' and port '3121'.
13:22:31 INFO  : Jtag cable 'Digilent JTAG-SMT2 210251A543E7' is selected.
13:22:31 INFO  : 'jtag frequency' command is executed.
13:22:31 INFO  : Sourcing of 'C:/COSMOS_KJH/CosmosPlus_Cluster/CosmosPlus_DFTL_Cluster_DTRIM/CDTRIM/Build/CDTRIM/system_hw_platform_0/ps7_init.tcl' is done.
13:22:31 INFO  : Context for 'APU' is selected.
13:22:31 INFO  : System reset is completed.
13:22:34 INFO  : 'after 3000' command is executed.
13:22:34 INFO  : 'targets -set -filter {jtag_cable_name =~ "Digilent JTAG-SMT2 210251A543E7" && level==0} -index 1' command is executed.
13:22:42 INFO  : FPGA configured successfully with bitstream "C:/COSMOS_KJH/CosmosPlus_Cluster/CosmosPlus_DFTL_Cluster_DTRIM/CDTRIM/Build/CDTRIM/system_hw_platform_0/OpenSSD2.bit"
13:22:42 INFO  : Context for 'APU' is selected.
13:22:46 INFO  : Hardware design information is loaded from 'C:/COSMOS_KJH/CosmosPlus_Cluster/CosmosPlus_DFTL_Cluster_DTRIM/CDTRIM/Build/CDTRIM/system_hw_platform_0/system.hdf'.
13:22:46 INFO  : 'configparams force-mem-access 1' command is executed.
13:22:46 INFO  : Context for 'APU' is selected.
13:22:47 INFO  : 'ps7_init' command is executed.
13:22:47 INFO  : 'ps7_post_config' command is executed.
13:22:47 INFO  : Context for processor 'ps7_cortexa9_0' is selected.
13:22:47 INFO  : The application 'C:/COSMOS_KJH/CosmosPlus_Cluster/CosmosPlus_DFTL_Cluster_DTRIM/CDTRIM/Build/CDTRIM/CDTRIM_CACHE/Debug/CDTRIM_CACHE.elf' is downloaded to processor 'ps7_cortexa9_0'.
13:22:47 INFO  : 'configparams force-mem-access 0' command is executed.
13:22:47 INFO  : ----------------XSDB Script----------------
connect -url tcp:127.0.0.1:3121
source C:/COSMOS_KJH/CosmosPlus_Cluster/CosmosPlus_DFTL_Cluster_DTRIM/CDTRIM/Build/CDTRIM/system_hw_platform_0/ps7_init.tcl
targets -set -nocase -filter {name =~"APU*" && jtag_cable_name =~ "Digilent JTAG-SMT2 210251A543E7"} -index 0
rst -system
after 3000
targets -set -filter {jtag_cable_name =~ "Digilent JTAG-SMT2 210251A543E7" && level==0} -index 1
fpga -file C:/COSMOS_KJH/CosmosPlus_Cluster/CosmosPlus_DFTL_Cluster_DTRIM/CDTRIM/Build/CDTRIM/system_hw_platform_0/OpenSSD2.bit
targets -set -nocase -filter {name =~"APU*" && jtag_cable_name =~ "Digilent JTAG-SMT2 210251A543E7"} -index 0
loadhw -hw C:/COSMOS_KJH/CosmosPlus_Cluster/CosmosPlus_DFTL_Cluster_DTRIM/CDTRIM/Build/CDTRIM/system_hw_platform_0/system.hdf -mem-ranges [list {0x40000000 0xbfffffff}]
configparams force-mem-access 1
targets -set -nocase -filter {name =~"APU*" && jtag_cable_name =~ "Digilent JTAG-SMT2 210251A543E7"} -index 0
ps7_init
ps7_post_config
targets -set -nocase -filter {name =~ "ARM*#0" && jtag_cable_name =~ "Digilent JTAG-SMT2 210251A543E7"} -index 0
dow C:/COSMOS_KJH/CosmosPlus_Cluster/CosmosPlus_DFTL_Cluster_DTRIM/CDTRIM/Build/CDTRIM/CDTRIM_CACHE/Debug/CDTRIM_CACHE.elf
configparams force-mem-access 0
----------------End of Script----------------

13:22:47 INFO  : Memory regions updated for context APU
13:22:47 INFO  : Context for processor 'ps7_cortexa9_0' is selected.
13:22:47 INFO  : 'con' command is executed.
13:22:47 INFO  : ----------------XSDB Script (After Launch)----------------
targets -set -nocase -filter {name =~ "ARM*#0" && jtag_cable_name =~ "Digilent JTAG-SMT2 210251A543E7"} -index 0
con
----------------End of Script----------------

13:22:47 INFO  : Launch script is exported to file 'C:\COSMOS_KJH\CosmosPlus_Cluster\CosmosPlus_DFTL_Cluster_DTRIM\CDTRIM\Build\CDTRIM\.sdk\launch_scripts\xilinx_c-c++_application_(system_debugger)\system_debugger_using_debug_cdtrim_cache.elf_on_local.tcl'
17:02:19 INFO  : Disconnected from the channel tcfchan#15.
17:02:20 INFO  : Connected to target on host '127.0.0.1' and port '3121'.
17:02:20 INFO  : Jtag cable 'Digilent JTAG-SMT2 210251A543E7' is selected.
17:02:20 INFO  : 'jtag frequency' command is executed.
17:02:20 INFO  : Sourcing of 'C:/COSMOS_KJH/CosmosPlus_Cluster/CosmosPlus_DFTL_Cluster_DTRIM/CDTRIM/Build/CDTRIM/system_hw_platform_0/ps7_init.tcl' is done.
17:02:20 INFO  : Context for 'APU' is selected.
17:02:20 INFO  : System reset is completed.
17:02:23 INFO  : 'after 3000' command is executed.
17:02:23 INFO  : 'targets -set -filter {jtag_cable_name =~ "Digilent JTAG-SMT2 210251A543E7" && level==0} -index 1' command is executed.
17:02:31 INFO  : FPGA configured successfully with bitstream "C:/COSMOS_KJH/CosmosPlus_Cluster/CosmosPlus_DFTL_Cluster_DTRIM/CDTRIM/Build/CDTRIM/system_hw_platform_0/OpenSSD2.bit"
17:02:31 INFO  : Context for 'APU' is selected.
17:02:36 INFO  : Hardware design information is loaded from 'C:/COSMOS_KJH/CosmosPlus_Cluster/CosmosPlus_DFTL_Cluster_DTRIM/CDTRIM/Build/CDTRIM/system_hw_platform_0/system.hdf'.
17:02:36 INFO  : 'configparams force-mem-access 1' command is executed.
17:02:36 INFO  : Context for 'APU' is selected.
17:02:36 INFO  : 'ps7_init' command is executed.
17:02:36 INFO  : 'ps7_post_config' command is executed.
17:02:36 INFO  : Context for processor 'ps7_cortexa9_0' is selected.
17:02:36 INFO  : The application 'C:/COSMOS_KJH/CosmosPlus_Cluster/CosmosPlus_DFTL_Cluster_DTRIM/CDTRIM/Build/CDTRIM/CDTRIM_CACHE/Debug/CDTRIM_CACHE.elf' is downloaded to processor 'ps7_cortexa9_0'.
17:02:36 INFO  : 'configparams force-mem-access 0' command is executed.
17:02:36 INFO  : ----------------XSDB Script----------------
connect -url tcp:127.0.0.1:3121
source C:/COSMOS_KJH/CosmosPlus_Cluster/CosmosPlus_DFTL_Cluster_DTRIM/CDTRIM/Build/CDTRIM/system_hw_platform_0/ps7_init.tcl
targets -set -nocase -filter {name =~"APU*" && jtag_cable_name =~ "Digilent JTAG-SMT2 210251A543E7"} -index 0
rst -system
after 3000
targets -set -filter {jtag_cable_name =~ "Digilent JTAG-SMT2 210251A543E7" && level==0} -index 1
fpga -file C:/COSMOS_KJH/CosmosPlus_Cluster/CosmosPlus_DFTL_Cluster_DTRIM/CDTRIM/Build/CDTRIM/system_hw_platform_0/OpenSSD2.bit
targets -set -nocase -filter {name =~"APU*" && jtag_cable_name =~ "Digilent JTAG-SMT2 210251A543E7"} -index 0
loadhw -hw C:/COSMOS_KJH/CosmosPlus_Cluster/CosmosPlus_DFTL_Cluster_DTRIM/CDTRIM/Build/CDTRIM/system_hw_platform_0/system.hdf -mem-ranges [list {0x40000000 0xbfffffff}]
configparams force-mem-access 1
targets -set -nocase -filter {name =~"APU*" && jtag_cable_name =~ "Digilent JTAG-SMT2 210251A543E7"} -index 0
ps7_init
ps7_post_config
targets -set -nocase -filter {name =~ "ARM*#0" && jtag_cable_name =~ "Digilent JTAG-SMT2 210251A543E7"} -index 0
dow C:/COSMOS_KJH/CosmosPlus_Cluster/CosmosPlus_DFTL_Cluster_DTRIM/CDTRIM/Build/CDTRIM/CDTRIM_CACHE/Debug/CDTRIM_CACHE.elf
configparams force-mem-access 0
----------------End of Script----------------

17:02:36 INFO  : Memory regions updated for context APU
17:02:37 INFO  : Context for processor 'ps7_cortexa9_0' is selected.
17:02:37 INFO  : 'con' command is executed.
17:02:37 INFO  : ----------------XSDB Script (After Launch)----------------
targets -set -nocase -filter {name =~ "ARM*#0" && jtag_cable_name =~ "Digilent JTAG-SMT2 210251A543E7"} -index 0
con
----------------End of Script----------------

17:02:37 INFO  : Launch script is exported to file 'C:\COSMOS_KJH\CosmosPlus_Cluster\CosmosPlus_DFTL_Cluster_DTRIM\CDTRIM\Build\CDTRIM\.sdk\launch_scripts\xilinx_c-c++_application_(system_debugger)\system_debugger_using_debug_cdtrim_cache.elf_on_local.tcl'
17:37:48 INFO  : Disconnected from the channel tcfchan#16.
17:37:49 INFO  : Connected to target on host '127.0.0.1' and port '3121'.
17:37:49 INFO  : Jtag cable 'Digilent JTAG-SMT2 210251A543E7' is selected.
17:37:49 INFO  : 'jtag frequency' command is executed.
17:37:49 INFO  : Sourcing of 'C:/COSMOS_KJH/CosmosPlus_Cluster/CosmosPlus_DFTL_Cluster_DTRIM/CDTRIM/Build/CDTRIM/system_hw_platform_0/ps7_init.tcl' is done.
17:37:49 INFO  : Context for 'APU' is selected.
17:37:49 INFO  : System reset is completed.
17:37:52 INFO  : 'after 3000' command is executed.
17:37:52 INFO  : 'targets -set -filter {jtag_cable_name =~ "Digilent JTAG-SMT2 210251A543E7" && level==0} -index 1' command is executed.
17:38:00 INFO  : FPGA configured successfully with bitstream "C:/COSMOS_KJH/CosmosPlus_Cluster/CosmosPlus_DFTL_Cluster_DTRIM/CDTRIM/Build/CDTRIM/system_hw_platform_0/OpenSSD2.bit"
17:38:00 INFO  : Context for 'APU' is selected.
17:38:05 INFO  : Hardware design information is loaded from 'C:/COSMOS_KJH/CosmosPlus_Cluster/CosmosPlus_DFTL_Cluster_DTRIM/CDTRIM/Build/CDTRIM/system_hw_platform_0/system.hdf'.
17:38:05 INFO  : 'configparams force-mem-access 1' command is executed.
17:38:05 INFO  : Context for 'APU' is selected.
17:38:05 INFO  : 'ps7_init' command is executed.
17:38:05 INFO  : 'ps7_post_config' command is executed.
17:38:05 INFO  : Context for processor 'ps7_cortexa9_0' is selected.
17:38:06 INFO  : The application 'C:/COSMOS_KJH/CosmosPlus_Cluster/CosmosPlus_DFTL_Cluster_DTRIM/CDTRIM/Build/CDTRIM/CDTRIM_CACHE/Debug/CDTRIM_CACHE.elf' is downloaded to processor 'ps7_cortexa9_0'.
17:38:06 INFO  : 'configparams force-mem-access 0' command is executed.
17:38:06 INFO  : ----------------XSDB Script----------------
connect -url tcp:127.0.0.1:3121
source C:/COSMOS_KJH/CosmosPlus_Cluster/CosmosPlus_DFTL_Cluster_DTRIM/CDTRIM/Build/CDTRIM/system_hw_platform_0/ps7_init.tcl
targets -set -nocase -filter {name =~"APU*" && jtag_cable_name =~ "Digilent JTAG-SMT2 210251A543E7"} -index 0
rst -system
after 3000
targets -set -filter {jtag_cable_name =~ "Digilent JTAG-SMT2 210251A543E7" && level==0} -index 1
fpga -file C:/COSMOS_KJH/CosmosPlus_Cluster/CosmosPlus_DFTL_Cluster_DTRIM/CDTRIM/Build/CDTRIM/system_hw_platform_0/OpenSSD2.bit
targets -set -nocase -filter {name =~"APU*" && jtag_cable_name =~ "Digilent JTAG-SMT2 210251A543E7"} -index 0
loadhw -hw C:/COSMOS_KJH/CosmosPlus_Cluster/CosmosPlus_DFTL_Cluster_DTRIM/CDTRIM/Build/CDTRIM/system_hw_platform_0/system.hdf -mem-ranges [list {0x40000000 0xbfffffff}]
configparams force-mem-access 1
targets -set -nocase -filter {name =~"APU*" && jtag_cable_name =~ "Digilent JTAG-SMT2 210251A543E7"} -index 0
ps7_init
ps7_post_config
targets -set -nocase -filter {name =~ "ARM*#0" && jtag_cable_name =~ "Digilent JTAG-SMT2 210251A543E7"} -index 0
dow C:/COSMOS_KJH/CosmosPlus_Cluster/CosmosPlus_DFTL_Cluster_DTRIM/CDTRIM/Build/CDTRIM/CDTRIM_CACHE/Debug/CDTRIM_CACHE.elf
configparams force-mem-access 0
----------------End of Script----------------

17:38:06 INFO  : Memory regions updated for context APU
17:38:06 INFO  : Context for processor 'ps7_cortexa9_0' is selected.
17:38:06 INFO  : 'con' command is executed.
17:38:06 INFO  : ----------------XSDB Script (After Launch)----------------
targets -set -nocase -filter {name =~ "ARM*#0" && jtag_cable_name =~ "Digilent JTAG-SMT2 210251A543E7"} -index 0
con
----------------End of Script----------------

17:38:06 INFO  : Launch script is exported to file 'C:\COSMOS_KJH\CosmosPlus_Cluster\CosmosPlus_DFTL_Cluster_DTRIM\CDTRIM\Build\CDTRIM\.sdk\launch_scripts\xilinx_c-c++_application_(system_debugger)\system_debugger_using_debug_cdtrim_cache.elf_on_local.tcl'
18:20:55 INFO  : Disconnected from the channel tcfchan#17.
18:20:56 INFO  : Connected to target on host '127.0.0.1' and port '3121'.
18:20:56 INFO  : Jtag cable 'Digilent JTAG-SMT2 210251A543E7' is selected.
18:20:56 INFO  : 'jtag frequency' command is executed.
18:20:56 INFO  : Sourcing of 'C:/COSMOS_KJH/CosmosPlus_Cluster/CosmosPlus_DFTL_Cluster_DTRIM/CDTRIM/Build/CDTRIM/system_hw_platform_0/ps7_init.tcl' is done.
18:20:56 INFO  : Context for 'APU' is selected.
18:20:57 INFO  : System reset is completed.
18:21:00 INFO  : 'after 3000' command is executed.
18:21:00 INFO  : 'targets -set -filter {jtag_cable_name =~ "Digilent JTAG-SMT2 210251A543E7" && level==0} -index 1' command is executed.
18:21:07 INFO  : FPGA configured successfully with bitstream "C:/COSMOS_KJH/CosmosPlus_Cluster/CosmosPlus_DFTL_Cluster_DTRIM/CDTRIM/Build/CDTRIM/system_hw_platform_0/OpenSSD2.bit"
18:21:07 INFO  : Context for 'APU' is selected.
18:21:13 INFO  : Hardware design information is loaded from 'C:/COSMOS_KJH/CosmosPlus_Cluster/CosmosPlus_DFTL_Cluster_DTRIM/CDTRIM/Build/CDTRIM/system_hw_platform_0/system.hdf'.
18:21:13 INFO  : 'configparams force-mem-access 1' command is executed.
18:21:13 INFO  : Context for 'APU' is selected.
18:21:14 INFO  : 'ps7_init' command is executed.
18:21:14 INFO  : 'ps7_post_config' command is executed.
18:21:14 INFO  : Context for processor 'ps7_cortexa9_0' is selected.
18:21:14 INFO  : The application 'C:/COSMOS_KJH/CosmosPlus_Cluster/CosmosPlus_DFTL_Cluster_DTRIM/CDTRIM/Build/CDTRIM/CDTRIM_CACHE/Debug/CDTRIM_CACHE.elf' is downloaded to processor 'ps7_cortexa9_0'.
18:21:14 INFO  : 'configparams force-mem-access 0' command is executed.
18:21:14 INFO  : ----------------XSDB Script----------------
connect -url tcp:127.0.0.1:3121
source C:/COSMOS_KJH/CosmosPlus_Cluster/CosmosPlus_DFTL_Cluster_DTRIM/CDTRIM/Build/CDTRIM/system_hw_platform_0/ps7_init.tcl
targets -set -nocase -filter {name =~"APU*" && jtag_cable_name =~ "Digilent JTAG-SMT2 210251A543E7"} -index 0
rst -system
after 3000
targets -set -filter {jtag_cable_name =~ "Digilent JTAG-SMT2 210251A543E7" && level==0} -index 1
fpga -file C:/COSMOS_KJH/CosmosPlus_Cluster/CosmosPlus_DFTL_Cluster_DTRIM/CDTRIM/Build/CDTRIM/system_hw_platform_0/OpenSSD2.bit
targets -set -nocase -filter {name =~"APU*" && jtag_cable_name =~ "Digilent JTAG-SMT2 210251A543E7"} -index 0
loadhw -hw C:/COSMOS_KJH/CosmosPlus_Cluster/CosmosPlus_DFTL_Cluster_DTRIM/CDTRIM/Build/CDTRIM/system_hw_platform_0/system.hdf -mem-ranges [list {0x40000000 0xbfffffff}]
configparams force-mem-access 1
targets -set -nocase -filter {name =~"APU*" && jtag_cable_name =~ "Digilent JTAG-SMT2 210251A543E7"} -index 0
ps7_init
ps7_post_config
targets -set -nocase -filter {name =~ "ARM*#0" && jtag_cable_name =~ "Digilent JTAG-SMT2 210251A543E7"} -index 0
dow C:/COSMOS_KJH/CosmosPlus_Cluster/CosmosPlus_DFTL_Cluster_DTRIM/CDTRIM/Build/CDTRIM/CDTRIM_CACHE/Debug/CDTRIM_CACHE.elf
configparams force-mem-access 0
----------------End of Script----------------

18:21:14 INFO  : Memory regions updated for context APU
18:21:14 INFO  : Context for processor 'ps7_cortexa9_0' is selected.
18:21:14 INFO  : 'con' command is executed.
18:21:14 INFO  : ----------------XSDB Script (After Launch)----------------
targets -set -nocase -filter {name =~ "ARM*#0" && jtag_cable_name =~ "Digilent JTAG-SMT2 210251A543E7"} -index 0
con
----------------End of Script----------------

18:21:14 INFO  : Launch script is exported to file 'C:\COSMOS_KJH\CosmosPlus_Cluster\CosmosPlus_DFTL_Cluster_DTRIM\CDTRIM\Build\CDTRIM\.sdk\launch_scripts\xilinx_c-c++_application_(system_debugger)\system_debugger_using_debug_cdtrim_cache.elf_on_local.tcl'
22:51:48 INFO  : Disconnected from the channel tcfchan#18.
22:51:49 INFO  : Connected to target on host '127.0.0.1' and port '3121'.
22:51:50 INFO  : Jtag cable 'Digilent JTAG-SMT2 210251A543E7' is selected.
22:51:50 INFO  : 'jtag frequency' command is executed.
22:51:50 INFO  : Sourcing of 'C:/COSMOS_KJH/CosmosPlus_Cluster/CosmosPlus_DFTL_Cluster_DTRIM/CDTRIM/Build/CDTRIM/system_hw_platform_0/ps7_init.tcl' is done.
22:51:50 INFO  : Context for 'APU' is selected.
22:51:50 INFO  : System reset is completed.
22:51:53 INFO  : 'after 3000' command is executed.
22:51:53 INFO  : 'targets -set -filter {jtag_cable_name =~ "Digilent JTAG-SMT2 210251A543E7" && level==0} -index 1' command is executed.
22:52:01 INFO  : FPGA configured successfully with bitstream "C:/COSMOS_KJH/CosmosPlus_Cluster/CosmosPlus_DFTL_Cluster_DTRIM/CDTRIM/Build/CDTRIM/system_hw_platform_0/OpenSSD2.bit"
22:52:01 INFO  : Context for 'APU' is selected.
22:52:05 INFO  : Hardware design information is loaded from 'C:/COSMOS_KJH/CosmosPlus_Cluster/CosmosPlus_DFTL_Cluster_DTRIM/CDTRIM/Build/CDTRIM/system_hw_platform_0/system.hdf'.
22:52:05 INFO  : 'configparams force-mem-access 1' command is executed.
22:52:05 INFO  : Context for 'APU' is selected.
22:52:05 INFO  : 'ps7_init' command is executed.
22:52:05 INFO  : 'ps7_post_config' command is executed.
22:52:05 INFO  : Context for processor 'ps7_cortexa9_0' is selected.
22:52:06 INFO  : The application 'C:/COSMOS_KJH/CosmosPlus_Cluster/CosmosPlus_DFTL_Cluster_DTRIM/CDTRIM/Build/CDTRIM/CDTRIM_CACHE/Debug/CDTRIM_CACHE.elf' is downloaded to processor 'ps7_cortexa9_0'.
22:52:06 INFO  : 'configparams force-mem-access 0' command is executed.
22:52:06 INFO  : ----------------XSDB Script----------------
connect -url tcp:127.0.0.1:3121
source C:/COSMOS_KJH/CosmosPlus_Cluster/CosmosPlus_DFTL_Cluster_DTRIM/CDTRIM/Build/CDTRIM/system_hw_platform_0/ps7_init.tcl
targets -set -nocase -filter {name =~"APU*" && jtag_cable_name =~ "Digilent JTAG-SMT2 210251A543E7"} -index 0
rst -system
after 3000
targets -set -filter {jtag_cable_name =~ "Digilent JTAG-SMT2 210251A543E7" && level==0} -index 1
fpga -file C:/COSMOS_KJH/CosmosPlus_Cluster/CosmosPlus_DFTL_Cluster_DTRIM/CDTRIM/Build/CDTRIM/system_hw_platform_0/OpenSSD2.bit
targets -set -nocase -filter {name =~"APU*" && jtag_cable_name =~ "Digilent JTAG-SMT2 210251A543E7"} -index 0
loadhw -hw C:/COSMOS_KJH/CosmosPlus_Cluster/CosmosPlus_DFTL_Cluster_DTRIM/CDTRIM/Build/CDTRIM/system_hw_platform_0/system.hdf -mem-ranges [list {0x40000000 0xbfffffff}]
configparams force-mem-access 1
targets -set -nocase -filter {name =~"APU*" && jtag_cable_name =~ "Digilent JTAG-SMT2 210251A543E7"} -index 0
ps7_init
ps7_post_config
targets -set -nocase -filter {name =~ "ARM*#0" && jtag_cable_name =~ "Digilent JTAG-SMT2 210251A543E7"} -index 0
dow C:/COSMOS_KJH/CosmosPlus_Cluster/CosmosPlus_DFTL_Cluster_DTRIM/CDTRIM/Build/CDTRIM/CDTRIM_CACHE/Debug/CDTRIM_CACHE.elf
configparams force-mem-access 0
----------------End of Script----------------

22:52:06 INFO  : Memory regions updated for context APU
22:52:06 INFO  : Context for processor 'ps7_cortexa9_0' is selected.
22:52:06 INFO  : 'con' command is executed.
22:52:06 INFO  : ----------------XSDB Script (After Launch)----------------
targets -set -nocase -filter {name =~ "ARM*#0" && jtag_cable_name =~ "Digilent JTAG-SMT2 210251A543E7"} -index 0
con
----------------End of Script----------------

22:52:06 INFO  : Launch script is exported to file 'C:\COSMOS_KJH\CosmosPlus_Cluster\CosmosPlus_DFTL_Cluster_DTRIM\CDTRIM\Build\CDTRIM\.sdk\launch_scripts\xilinx_c-c++_application_(system_debugger)\system_debugger_using_debug_cdtrim_cache.elf_on_local.tcl'
22:53:25 INFO  : Disconnected from the channel tcfchan#19.
22:53:26 INFO  : Connected to target on host '127.0.0.1' and port '3121'.
22:53:26 INFO  : Jtag cable 'Digilent JTAG-SMT2 210251A543E7' is selected.
22:53:26 INFO  : 'jtag frequency' command is executed.
22:53:26 INFO  : Sourcing of 'C:/COSMOS_KJH/CosmosPlus_Cluster/CosmosPlus_DFTL_Cluster_DTRIM/CDTRIM/Build/CDTRIM/system_hw_platform_0/ps7_init.tcl' is done.
22:53:26 INFO  : Context for 'APU' is selected.
22:53:26 INFO  : System reset is completed.
22:53:29 INFO  : 'after 3000' command is executed.
22:53:29 INFO  : 'targets -set -filter {jtag_cable_name =~ "Digilent JTAG-SMT2 210251A543E7" && level==0} -index 1' command is executed.
22:53:37 INFO  : FPGA configured successfully with bitstream "C:/COSMOS_KJH/CosmosPlus_Cluster/CosmosPlus_DFTL_Cluster_DTRIM/CDTRIM/Build/CDTRIM/system_hw_platform_0/OpenSSD2.bit"
22:53:37 INFO  : Context for 'APU' is selected.
22:53:42 INFO  : Hardware design information is loaded from 'C:/COSMOS_KJH/CosmosPlus_Cluster/CosmosPlus_DFTL_Cluster_DTRIM/CDTRIM/Build/CDTRIM/system_hw_platform_0/system.hdf'.
22:53:42 INFO  : 'configparams force-mem-access 1' command is executed.
22:53:42 INFO  : Context for 'APU' is selected.
22:53:42 INFO  : 'ps7_init' command is executed.
22:53:42 INFO  : 'ps7_post_config' command is executed.
22:53:42 INFO  : Context for processor 'ps7_cortexa9_0' is selected.
22:53:42 INFO  : The application 'C:/COSMOS_KJH/CosmosPlus_Cluster/CosmosPlus_DFTL_Cluster_DTRIM/CDTRIM/Build/CDTRIM/CDTRIM_CACHE/Debug/CDTRIM_CACHE.elf' is downloaded to processor 'ps7_cortexa9_0'.
22:53:42 INFO  : 'configparams force-mem-access 0' command is executed.
22:53:42 INFO  : ----------------XSDB Script----------------
connect -url tcp:127.0.0.1:3121
source C:/COSMOS_KJH/CosmosPlus_Cluster/CosmosPlus_DFTL_Cluster_DTRIM/CDTRIM/Build/CDTRIM/system_hw_platform_0/ps7_init.tcl
targets -set -nocase -filter {name =~"APU*" && jtag_cable_name =~ "Digilent JTAG-SMT2 210251A543E7"} -index 0
rst -system
after 3000
targets -set -filter {jtag_cable_name =~ "Digilent JTAG-SMT2 210251A543E7" && level==0} -index 1
fpga -file C:/COSMOS_KJH/CosmosPlus_Cluster/CosmosPlus_DFTL_Cluster_DTRIM/CDTRIM/Build/CDTRIM/system_hw_platform_0/OpenSSD2.bit
targets -set -nocase -filter {name =~"APU*" && jtag_cable_name =~ "Digilent JTAG-SMT2 210251A543E7"} -index 0
loadhw -hw C:/COSMOS_KJH/CosmosPlus_Cluster/CosmosPlus_DFTL_Cluster_DTRIM/CDTRIM/Build/CDTRIM/system_hw_platform_0/system.hdf -mem-ranges [list {0x40000000 0xbfffffff}]
configparams force-mem-access 1
targets -set -nocase -filter {name =~"APU*" && jtag_cable_name =~ "Digilent JTAG-SMT2 210251A543E7"} -index 0
ps7_init
ps7_post_config
targets -set -nocase -filter {name =~ "ARM*#0" && jtag_cable_name =~ "Digilent JTAG-SMT2 210251A543E7"} -index 0
dow C:/COSMOS_KJH/CosmosPlus_Cluster/CosmosPlus_DFTL_Cluster_DTRIM/CDTRIM/Build/CDTRIM/CDTRIM_CACHE/Debug/CDTRIM_CACHE.elf
configparams force-mem-access 0
----------------End of Script----------------

22:53:42 INFO  : Memory regions updated for context APU
22:53:43 INFO  : Context for processor 'ps7_cortexa9_0' is selected.
22:53:43 INFO  : 'con' command is executed.
22:53:43 INFO  : ----------------XSDB Script (After Launch)----------------
targets -set -nocase -filter {name =~ "ARM*#0" && jtag_cable_name =~ "Digilent JTAG-SMT2 210251A543E7"} -index 0
con
----------------End of Script----------------

22:53:43 INFO  : Launch script is exported to file 'C:\COSMOS_KJH\CosmosPlus_Cluster\CosmosPlus_DFTL_Cluster_DTRIM\CDTRIM\Build\CDTRIM\.sdk\launch_scripts\xilinx_c-c++_application_(system_debugger)\system_debugger_using_debug_cdtrim_cache.elf_on_local.tcl'
23:19:43 INFO  : Disconnected from the channel tcfchan#20.
23:19:44 INFO  : Connected to target on host '127.0.0.1' and port '3121'.
23:19:44 INFO  : Jtag cable 'Digilent JTAG-SMT2 210251A543E7' is selected.
23:19:44 INFO  : 'jtag frequency' command is executed.
23:19:44 INFO  : Sourcing of 'C:/COSMOS_KJH/CosmosPlus_Cluster/CosmosPlus_DFTL_Cluster_DTRIM/CDTRIM/Build/CDTRIM/system_hw_platform_0/ps7_init.tcl' is done.
23:19:44 INFO  : Context for 'APU' is selected.
23:19:44 INFO  : System reset is completed.
23:19:47 INFO  : 'after 3000' command is executed.
23:19:47 INFO  : 'targets -set -filter {jtag_cable_name =~ "Digilent JTAG-SMT2 210251A543E7" && level==0} -index 1' command is executed.
23:19:55 INFO  : FPGA configured successfully with bitstream "C:/COSMOS_KJH/CosmosPlus_Cluster/CosmosPlus_DFTL_Cluster_DTRIM/CDTRIM/Build/CDTRIM/system_hw_platform_0/OpenSSD2.bit"
23:19:55 INFO  : Context for 'APU' is selected.
23:20:00 INFO  : Hardware design information is loaded from 'C:/COSMOS_KJH/CosmosPlus_Cluster/CosmosPlus_DFTL_Cluster_DTRIM/CDTRIM/Build/CDTRIM/system_hw_platform_0/system.hdf'.
23:20:00 INFO  : 'configparams force-mem-access 1' command is executed.
23:20:00 INFO  : Context for 'APU' is selected.
23:20:01 INFO  : 'ps7_init' command is executed.
23:20:01 INFO  : 'ps7_post_config' command is executed.
23:20:01 INFO  : Context for processor 'ps7_cortexa9_0' is selected.
23:20:01 INFO  : The application 'C:/COSMOS_KJH/CosmosPlus_Cluster/CosmosPlus_DFTL_Cluster_DTRIM/CDTRIM/Build/CDTRIM/CDTRIM_CACHE/Debug/CDTRIM_CACHE.elf' is downloaded to processor 'ps7_cortexa9_0'.
23:20:01 INFO  : 'configparams force-mem-access 0' command is executed.
23:20:01 INFO  : ----------------XSDB Script----------------
connect -url tcp:127.0.0.1:3121
source C:/COSMOS_KJH/CosmosPlus_Cluster/CosmosPlus_DFTL_Cluster_DTRIM/CDTRIM/Build/CDTRIM/system_hw_platform_0/ps7_init.tcl
targets -set -nocase -filter {name =~"APU*" && jtag_cable_name =~ "Digilent JTAG-SMT2 210251A543E7"} -index 0
rst -system
after 3000
targets -set -filter {jtag_cable_name =~ "Digilent JTAG-SMT2 210251A543E7" && level==0} -index 1
fpga -file C:/COSMOS_KJH/CosmosPlus_Cluster/CosmosPlus_DFTL_Cluster_DTRIM/CDTRIM/Build/CDTRIM/system_hw_platform_0/OpenSSD2.bit
targets -set -nocase -filter {name =~"APU*" && jtag_cable_name =~ "Digilent JTAG-SMT2 210251A543E7"} -index 0
loadhw -hw C:/COSMOS_KJH/CosmosPlus_Cluster/CosmosPlus_DFTL_Cluster_DTRIM/CDTRIM/Build/CDTRIM/system_hw_platform_0/system.hdf -mem-ranges [list {0x40000000 0xbfffffff}]
configparams force-mem-access 1
targets -set -nocase -filter {name =~"APU*" && jtag_cable_name =~ "Digilent JTAG-SMT2 210251A543E7"} -index 0
ps7_init
ps7_post_config
targets -set -nocase -filter {name =~ "ARM*#0" && jtag_cable_name =~ "Digilent JTAG-SMT2 210251A543E7"} -index 0
dow C:/COSMOS_KJH/CosmosPlus_Cluster/CosmosPlus_DFTL_Cluster_DTRIM/CDTRIM/Build/CDTRIM/CDTRIM_CACHE/Debug/CDTRIM_CACHE.elf
configparams force-mem-access 0
----------------End of Script----------------

23:20:01 INFO  : Memory regions updated for context APU
23:20:01 INFO  : Context for processor 'ps7_cortexa9_0' is selected.
23:20:01 INFO  : 'con' command is executed.
23:20:01 INFO  : ----------------XSDB Script (After Launch)----------------
targets -set -nocase -filter {name =~ "ARM*#0" && jtag_cable_name =~ "Digilent JTAG-SMT2 210251A543E7"} -index 0
con
----------------End of Script----------------

23:20:01 INFO  : Launch script is exported to file 'C:\COSMOS_KJH\CosmosPlus_Cluster\CosmosPlus_DFTL_Cluster_DTRIM\CDTRIM\Build\CDTRIM\.sdk\launch_scripts\xilinx_c-c++_application_(system_debugger)\system_debugger_using_debug_cdtrim_cache.elf_on_local.tcl'
23:41:54 INFO  : Disconnected from the channel tcfchan#21.
23:41:55 INFO  : Connected to target on host '127.0.0.1' and port '3121'.
23:41:55 INFO  : Jtag cable 'Digilent JTAG-SMT2 210251A543E7' is selected.
23:41:55 INFO  : 'jtag frequency' command is executed.
23:41:55 INFO  : Sourcing of 'C:/COSMOS_KJH/CosmosPlus_Cluster/CosmosPlus_DFTL_Cluster_DTRIM/CDTRIM/Build/CDTRIM/system_hw_platform_0/ps7_init.tcl' is done.
23:41:56 INFO  : Context for 'APU' is selected.
23:41:56 INFO  : System reset is completed.
23:41:59 INFO  : 'after 3000' command is executed.
23:41:59 INFO  : 'targets -set -filter {jtag_cable_name =~ "Digilent JTAG-SMT2 210251A543E7" && level==0} -index 1' command is executed.
23:42:06 INFO  : FPGA configured successfully with bitstream "C:/COSMOS_KJH/CosmosPlus_Cluster/CosmosPlus_DFTL_Cluster_DTRIM/CDTRIM/Build/CDTRIM/system_hw_platform_0/OpenSSD2.bit"
23:42:06 INFO  : Context for 'APU' is selected.
23:42:11 INFO  : Hardware design information is loaded from 'C:/COSMOS_KJH/CosmosPlus_Cluster/CosmosPlus_DFTL_Cluster_DTRIM/CDTRIM/Build/CDTRIM/system_hw_platform_0/system.hdf'.
23:42:12 INFO  : 'configparams force-mem-access 1' command is executed.
23:42:12 INFO  : Context for 'APU' is selected.
23:42:12 INFO  : 'ps7_init' command is executed.
23:42:12 INFO  : 'ps7_post_config' command is executed.
23:42:12 INFO  : Context for processor 'ps7_cortexa9_0' is selected.
23:42:13 INFO  : The application 'C:/COSMOS_KJH/CosmosPlus_Cluster/CosmosPlus_DFTL_Cluster_DTRIM/CDTRIM/Build/CDTRIM/CDTRIM_CACHE/Debug/CDTRIM_CACHE.elf' is downloaded to processor 'ps7_cortexa9_0'.
23:42:13 INFO  : 'configparams force-mem-access 0' command is executed.
23:42:13 INFO  : ----------------XSDB Script----------------
connect -url tcp:127.0.0.1:3121
source C:/COSMOS_KJH/CosmosPlus_Cluster/CosmosPlus_DFTL_Cluster_DTRIM/CDTRIM/Build/CDTRIM/system_hw_platform_0/ps7_init.tcl
targets -set -nocase -filter {name =~"APU*" && jtag_cable_name =~ "Digilent JTAG-SMT2 210251A543E7"} -index 0
rst -system
after 3000
targets -set -filter {jtag_cable_name =~ "Digilent JTAG-SMT2 210251A543E7" && level==0} -index 1
fpga -file C:/COSMOS_KJH/CosmosPlus_Cluster/CosmosPlus_DFTL_Cluster_DTRIM/CDTRIM/Build/CDTRIM/system_hw_platform_0/OpenSSD2.bit
targets -set -nocase -filter {name =~"APU*" && jtag_cable_name =~ "Digilent JTAG-SMT2 210251A543E7"} -index 0
loadhw -hw C:/COSMOS_KJH/CosmosPlus_Cluster/CosmosPlus_DFTL_Cluster_DTRIM/CDTRIM/Build/CDTRIM/system_hw_platform_0/system.hdf -mem-ranges [list {0x40000000 0xbfffffff}]
configparams force-mem-access 1
targets -set -nocase -filter {name =~"APU*" && jtag_cable_name =~ "Digilent JTAG-SMT2 210251A543E7"} -index 0
ps7_init
ps7_post_config
targets -set -nocase -filter {name =~ "ARM*#0" && jtag_cable_name =~ "Digilent JTAG-SMT2 210251A543E7"} -index 0
dow C:/COSMOS_KJH/CosmosPlus_Cluster/CosmosPlus_DFTL_Cluster_DTRIM/CDTRIM/Build/CDTRIM/CDTRIM_CACHE/Debug/CDTRIM_CACHE.elf
configparams force-mem-access 0
----------------End of Script----------------

23:42:13 INFO  : Memory regions updated for context APU
23:42:13 INFO  : Context for processor 'ps7_cortexa9_0' is selected.
23:42:13 INFO  : 'con' command is executed.
23:42:13 INFO  : ----------------XSDB Script (After Launch)----------------
targets -set -nocase -filter {name =~ "ARM*#0" && jtag_cable_name =~ "Digilent JTAG-SMT2 210251A543E7"} -index 0
con
----------------End of Script----------------

23:42:13 INFO  : Launch script is exported to file 'C:\COSMOS_KJH\CosmosPlus_Cluster\CosmosPlus_DFTL_Cluster_DTRIM\CDTRIM\Build\CDTRIM\.sdk\launch_scripts\xilinx_c-c++_application_(system_debugger)\system_debugger_using_debug_cdtrim_cache.elf_on_local.tcl'
19:18:50 INFO  : Registering command handlers for SDK TCF services
19:18:51 INFO  : Launching XSCT server: xsct.bat -interactive C:\COSMOS_KJH\CosmosPlus_Cluster\CosmosPlus_DFTL_Cluster_DTRIM\CDTRIM\Build\CDTRIM\temp_xsdb_launch_script.tcl
19:18:55 INFO  : XSCT server has started successfully.
19:18:55 INFO  : Successfully done setting XSCT server connection channel  
19:19:00 INFO  : Successfully done setting SDK workspace  
19:25:34 INFO  : Connected to target on host '127.0.0.1' and port '3121'.
19:25:35 INFO  : Jtag cable 'Digilent JTAG-SMT2 210251A543E7' is selected.
19:25:35 INFO  : 'jtag frequency' command is executed.
19:25:35 INFO  : Sourcing of 'C:/COSMOS_KJH/CosmosPlus_Cluster/CosmosPlus_DFTL_Cluster_DTRIM/CDTRIM/Build/CDTRIM/system_hw_platform_0/ps7_init.tcl' is done.
19:25:35 INFO  : Context for 'APU' is selected.
19:25:35 INFO  : System reset is completed.
19:25:38 INFO  : 'after 3000' command is executed.
19:25:38 INFO  : 'targets -set -filter {jtag_cable_name =~ "Digilent JTAG-SMT2 210251A543E7" && level==0} -index 1' command is executed.
19:25:46 INFO  : FPGA configured successfully with bitstream "C:/COSMOS_KJH/CosmosPlus_Cluster/CosmosPlus_DFTL_Cluster_DTRIM/CDTRIM/Build/CDTRIM/system_hw_platform_0/OpenSSD2.bit"
19:25:46 INFO  : Context for 'APU' is selected.
19:25:46 INFO  : Hardware design information is loaded from 'C:/COSMOS_KJH/CosmosPlus_Cluster/CosmosPlus_DFTL_Cluster_DTRIM/CDTRIM/Build/CDTRIM/system_hw_platform_0/system.hdf'.
19:25:46 INFO  : 'configparams force-mem-access 1' command is executed.
19:25:46 INFO  : Context for 'APU' is selected.
19:25:46 INFO  : 'ps7_init' command is executed.
19:25:46 INFO  : 'ps7_post_config' command is executed.
19:25:46 INFO  : Context for processor 'ps7_cortexa9_0' is selected.
19:25:47 INFO  : The application 'C:/COSMOS_KJH/CosmosPlus_Cluster/CosmosPlus_DFTL_Cluster_DTRIM/CDTRIM/Build/CDTRIM/CDTRIM_CACHE/Debug/CDTRIM_CACHE.elf' is downloaded to processor 'ps7_cortexa9_0'.
19:25:47 INFO  : 'configparams force-mem-access 0' command is executed.
19:25:47 INFO  : ----------------XSDB Script----------------
connect -url tcp:127.0.0.1:3121
source C:/COSMOS_KJH/CosmosPlus_Cluster/CosmosPlus_DFTL_Cluster_DTRIM/CDTRIM/Build/CDTRIM/system_hw_platform_0/ps7_init.tcl
targets -set -nocase -filter {name =~"APU*" && jtag_cable_name =~ "Digilent JTAG-SMT2 210251A543E7"} -index 0
rst -system
after 3000
targets -set -filter {jtag_cable_name =~ "Digilent JTAG-SMT2 210251A543E7" && level==0} -index 1
fpga -file C:/COSMOS_KJH/CosmosPlus_Cluster/CosmosPlus_DFTL_Cluster_DTRIM/CDTRIM/Build/CDTRIM/system_hw_platform_0/OpenSSD2.bit
targets -set -nocase -filter {name =~"APU*" && jtag_cable_name =~ "Digilent JTAG-SMT2 210251A543E7"} -index 0
loadhw -hw C:/COSMOS_KJH/CosmosPlus_Cluster/CosmosPlus_DFTL_Cluster_DTRIM/CDTRIM/Build/CDTRIM/system_hw_platform_0/system.hdf -mem-ranges [list {0x40000000 0xbfffffff}]
configparams force-mem-access 1
targets -set -nocase -filter {name =~"APU*" && jtag_cable_name =~ "Digilent JTAG-SMT2 210251A543E7"} -index 0
ps7_init
ps7_post_config
targets -set -nocase -filter {name =~ "ARM*#0" && jtag_cable_name =~ "Digilent JTAG-SMT2 210251A543E7"} -index 0
dow C:/COSMOS_KJH/CosmosPlus_Cluster/CosmosPlus_DFTL_Cluster_DTRIM/CDTRIM/Build/CDTRIM/CDTRIM_CACHE/Debug/CDTRIM_CACHE.elf
configparams force-mem-access 0
----------------End of Script----------------

19:25:47 INFO  : Memory regions updated for context APU
19:25:47 INFO  : Context for processor 'ps7_cortexa9_0' is selected.
19:25:47 INFO  : 'con' command is executed.
19:25:47 INFO  : ----------------XSDB Script (After Launch)----------------
targets -set -nocase -filter {name =~ "ARM*#0" && jtag_cable_name =~ "Digilent JTAG-SMT2 210251A543E7"} -index 0
con
----------------End of Script----------------

19:25:47 INFO  : Launch script is exported to file 'C:\COSMOS_KJH\CosmosPlus_Cluster\CosmosPlus_DFTL_Cluster_DTRIM\CDTRIM\Build\CDTRIM\.sdk\launch_scripts\xilinx_c-c++_application_(system_debugger)\system_debugger_using_debug_cdtrim_cache.elf_on_local.tcl'
20:13:53 INFO  : Disconnected from the channel tcfchan#1.
20:13:54 INFO  : Connected to target on host '127.0.0.1' and port '3121'.
20:13:54 INFO  : Jtag cable 'Digilent JTAG-SMT2 210251A543E7' is selected.
20:13:54 INFO  : 'jtag frequency' command is executed.
20:13:54 INFO  : Sourcing of 'C:/COSMOS_KJH/CosmosPlus_Cluster/CosmosPlus_DFTL_Cluster_DTRIM/CDTRIM/Build/CDTRIM/system_hw_platform_0/ps7_init.tcl' is done.
20:13:54 INFO  : Context for 'APU' is selected.
20:13:54 INFO  : System reset is completed.
20:13:57 INFO  : 'after 3000' command is executed.
20:13:57 INFO  : 'targets -set -filter {jtag_cable_name =~ "Digilent JTAG-SMT2 210251A543E7" && level==0} -index 1' command is executed.
20:13:59 ERROR : 'fpga -file C:/COSMOS_KJH/CosmosPlus_Cluster/CosmosPlus_DFTL_Cluster_DTRIM/CDTRIM/Build/CDTRIM/system_hw_platform_0/OpenSSD2.bit' is cancelled.
20:13:59 INFO  : Issued abort command to xsdb.
20:13:59 ERROR : Exception occured while running Program FPGA.
java.lang.RuntimeException: 'fpga -file C:/COSMOS_KJH/CosmosPlus_Cluster/CosmosPlus_DFTL_Cluster_DTRIM/CDTRIM/Build/CDTRIM/system_hw_platform_0/OpenSSD2.bit' is cancelled.
20:13:59 INFO  : ----------------XSDB Script----------------
connect -url tcp:127.0.0.1:3121
source C:/COSMOS_KJH/CosmosPlus_Cluster/CosmosPlus_DFTL_Cluster_DTRIM/CDTRIM/Build/CDTRIM/system_hw_platform_0/ps7_init.tcl
targets -set -nocase -filter {name =~"APU*" && jtag_cable_name =~ "Digilent JTAG-SMT2 210251A543E7"} -index 0
rst -system
after 3000
----------------End of Script----------------

20:14:36 INFO  : Connected to target on host '127.0.0.1' and port '3121'.
20:14:36 INFO  : Jtag cable 'Digilent JTAG-SMT2 210251A543E7' is selected.
20:14:36 INFO  : 'jtag frequency' command is executed.
20:14:36 INFO  : Sourcing of 'C:/COSMOS_KJH/CosmosPlus_Cluster/CosmosPlus_DFTL_Cluster_DTRIM/CDTRIM/Build/CDTRIM/system_hw_platform_0/ps7_init.tcl' is done.
20:14:36 INFO  : Context for 'APU' is selected.
20:14:36 INFO  : System reset is completed.
20:14:39 INFO  : 'after 3000' command is executed.
20:14:39 INFO  : 'targets -set -filter {jtag_cable_name =~ "Digilent JTAG-SMT2 210251A543E7" && level==0} -index 1' command is executed.
20:14:47 INFO  : FPGA configured successfully with bitstream "C:/COSMOS_KJH/CosmosPlus_Cluster/CosmosPlus_DFTL_Cluster_DTRIM/CDTRIM/Build/CDTRIM/system_hw_platform_0/OpenSSD2.bit"
20:14:47 INFO  : Context for 'APU' is selected.
20:14:47 INFO  : Hardware design information is loaded from 'C:/COSMOS_KJH/CosmosPlus_Cluster/CosmosPlus_DFTL_Cluster_DTRIM/CDTRIM/Build/CDTRIM/system_hw_platform_0/system.hdf'.
20:14:47 INFO  : 'configparams force-mem-access 1' command is executed.
20:14:47 INFO  : Context for 'APU' is selected.
20:14:47 INFO  : 'ps7_init' command is executed.
20:14:47 INFO  : 'ps7_post_config' command is executed.
20:14:47 INFO  : Context for processor 'ps7_cortexa9_0' is selected.
20:14:48 INFO  : The application 'C:/COSMOS_KJH/CosmosPlus_Cluster/CosmosPlus_DFTL_Cluster_DTRIM/CDTRIM/Build/CDTRIM/CDTRIM_CACHE/Debug/CDTRIM_CACHE.elf' is downloaded to processor 'ps7_cortexa9_0'.
20:14:48 INFO  : 'configparams force-mem-access 0' command is executed.
20:14:48 INFO  : ----------------XSDB Script----------------
connect -url tcp:127.0.0.1:3121
source C:/COSMOS_KJH/CosmosPlus_Cluster/CosmosPlus_DFTL_Cluster_DTRIM/CDTRIM/Build/CDTRIM/system_hw_platform_0/ps7_init.tcl
targets -set -nocase -filter {name =~"APU*" && jtag_cable_name =~ "Digilent JTAG-SMT2 210251A543E7"} -index 0
rst -system
after 3000
targets -set -filter {jtag_cable_name =~ "Digilent JTAG-SMT2 210251A543E7" && level==0} -index 1
fpga -file C:/COSMOS_KJH/CosmosPlus_Cluster/CosmosPlus_DFTL_Cluster_DTRIM/CDTRIM/Build/CDTRIM/system_hw_platform_0/OpenSSD2.bit
targets -set -nocase -filter {name =~"APU*" && jtag_cable_name =~ "Digilent JTAG-SMT2 210251A543E7"} -index 0
loadhw -hw C:/COSMOS_KJH/CosmosPlus_Cluster/CosmosPlus_DFTL_Cluster_DTRIM/CDTRIM/Build/CDTRIM/system_hw_platform_0/system.hdf -mem-ranges [list {0x40000000 0xbfffffff}]
configparams force-mem-access 1
targets -set -nocase -filter {name =~"APU*" && jtag_cable_name =~ "Digilent JTAG-SMT2 210251A543E7"} -index 0
ps7_init
ps7_post_config
targets -set -nocase -filter {name =~ "ARM*#0" && jtag_cable_name =~ "Digilent JTAG-SMT2 210251A543E7"} -index 0
dow C:/COSMOS_KJH/CosmosPlus_Cluster/CosmosPlus_DFTL_Cluster_DTRIM/CDTRIM/Build/CDTRIM/CDTRIM_CACHE/Debug/CDTRIM_CACHE.elf
configparams force-mem-access 0
----------------End of Script----------------

20:14:48 INFO  : Memory regions updated for context APU
20:14:48 INFO  : Context for processor 'ps7_cortexa9_0' is selected.
20:14:48 INFO  : 'con' command is executed.
20:14:48 INFO  : ----------------XSDB Script (After Launch)----------------
targets -set -nocase -filter {name =~ "ARM*#0" && jtag_cable_name =~ "Digilent JTAG-SMT2 210251A543E7"} -index 0
con
----------------End of Script----------------

20:14:48 INFO  : Launch script is exported to file 'C:\COSMOS_KJH\CosmosPlus_Cluster\CosmosPlus_DFTL_Cluster_DTRIM\CDTRIM\Build\CDTRIM\.sdk\launch_scripts\xilinx_c-c++_application_(system_debugger)\system_debugger_using_debug_cdtrim_cache.elf_on_local.tcl'
20:48:17 INFO  : Disconnected from the channel tcfchan#2.
20:48:18 INFO  : Connected to target on host '127.0.0.1' and port '3121'.
20:48:19 INFO  : Jtag cable 'Digilent JTAG-SMT2 210251A543E7' is selected.
20:48:19 INFO  : 'jtag frequency' command is executed.
20:48:19 INFO  : Sourcing of 'C:/COSMOS_KJH/CosmosPlus_Cluster/CosmosPlus_DFTL_Cluster_DTRIM/CDTRIM/Build/CDTRIM/system_hw_platform_0/ps7_init.tcl' is done.
20:48:19 INFO  : Context for 'APU' is selected.
20:48:19 INFO  : System reset is completed.
20:48:22 INFO  : 'after 3000' command is executed.
20:48:22 INFO  : 'targets -set -filter {jtag_cable_name =~ "Digilent JTAG-SMT2 210251A543E7" && level==0} -index 1' command is executed.
20:48:29 INFO  : FPGA configured successfully with bitstream "C:/COSMOS_KJH/CosmosPlus_Cluster/CosmosPlus_DFTL_Cluster_DTRIM/CDTRIM/Build/CDTRIM/system_hw_platform_0/OpenSSD2.bit"
20:48:29 INFO  : Context for 'APU' is selected.
20:48:34 INFO  : Hardware design information is loaded from 'C:/COSMOS_KJH/CosmosPlus_Cluster/CosmosPlus_DFTL_Cluster_DTRIM/CDTRIM/Build/CDTRIM/system_hw_platform_0/system.hdf'.
20:48:34 INFO  : 'configparams force-mem-access 1' command is executed.
20:48:34 INFO  : Context for 'APU' is selected.
20:48:35 INFO  : 'ps7_init' command is executed.
20:48:35 INFO  : 'ps7_post_config' command is executed.
20:48:35 INFO  : Context for processor 'ps7_cortexa9_0' is selected.
20:48:35 INFO  : The application 'C:/COSMOS_KJH/CosmosPlus_Cluster/CosmosPlus_DFTL_Cluster_DTRIM/CDTRIM/Build/CDTRIM/CDTRIM_CACHE/Debug/CDTRIM_CACHE.elf' is downloaded to processor 'ps7_cortexa9_0'.
20:48:35 INFO  : 'configparams force-mem-access 0' command is executed.
20:48:35 INFO  : ----------------XSDB Script----------------
connect -url tcp:127.0.0.1:3121
source C:/COSMOS_KJH/CosmosPlus_Cluster/CosmosPlus_DFTL_Cluster_DTRIM/CDTRIM/Build/CDTRIM/system_hw_platform_0/ps7_init.tcl
targets -set -nocase -filter {name =~"APU*" && jtag_cable_name =~ "Digilent JTAG-SMT2 210251A543E7"} -index 0
rst -system
after 3000
targets -set -filter {jtag_cable_name =~ "Digilent JTAG-SMT2 210251A543E7" && level==0} -index 1
fpga -file C:/COSMOS_KJH/CosmosPlus_Cluster/CosmosPlus_DFTL_Cluster_DTRIM/CDTRIM/Build/CDTRIM/system_hw_platform_0/OpenSSD2.bit
targets -set -nocase -filter {name =~"APU*" && jtag_cable_name =~ "Digilent JTAG-SMT2 210251A543E7"} -index 0
loadhw -hw C:/COSMOS_KJH/CosmosPlus_Cluster/CosmosPlus_DFTL_Cluster_DTRIM/CDTRIM/Build/CDTRIM/system_hw_platform_0/system.hdf -mem-ranges [list {0x40000000 0xbfffffff}]
configparams force-mem-access 1
targets -set -nocase -filter {name =~"APU*" && jtag_cable_name =~ "Digilent JTAG-SMT2 210251A543E7"} -index 0
ps7_init
ps7_post_config
targets -set -nocase -filter {name =~ "ARM*#0" && jtag_cable_name =~ "Digilent JTAG-SMT2 210251A543E7"} -index 0
dow C:/COSMOS_KJH/CosmosPlus_Cluster/CosmosPlus_DFTL_Cluster_DTRIM/CDTRIM/Build/CDTRIM/CDTRIM_CACHE/Debug/CDTRIM_CACHE.elf
configparams force-mem-access 0
----------------End of Script----------------

20:48:35 INFO  : Memory regions updated for context APU
20:48:35 INFO  : Context for processor 'ps7_cortexa9_0' is selected.
20:48:35 INFO  : 'con' command is executed.
20:48:35 INFO  : ----------------XSDB Script (After Launch)----------------
targets -set -nocase -filter {name =~ "ARM*#0" && jtag_cable_name =~ "Digilent JTAG-SMT2 210251A543E7"} -index 0
con
----------------End of Script----------------

20:48:35 INFO  : Launch script is exported to file 'C:\COSMOS_KJH\CosmosPlus_Cluster\CosmosPlus_DFTL_Cluster_DTRIM\CDTRIM\Build\CDTRIM\.sdk\launch_scripts\xilinx_c-c++_application_(system_debugger)\system_debugger_using_debug_cdtrim_cache.elf_on_local.tcl'
21:27:46 INFO  : Disconnected from the channel tcfchan#3.
21:27:47 INFO  : Connected to target on host '127.0.0.1' and port '3121'.
21:27:47 INFO  : Jtag cable 'Digilent JTAG-SMT2 210251A543E7' is selected.
21:27:47 INFO  : 'jtag frequency' command is executed.
21:27:47 INFO  : Sourcing of 'C:/COSMOS_KJH/CosmosPlus_Cluster/CosmosPlus_DFTL_Cluster_DTRIM/CDTRIM/Build/CDTRIM/system_hw_platform_0/ps7_init.tcl' is done.
21:27:47 INFO  : Context for 'APU' is selected.
21:27:47 INFO  : System reset is completed.
21:27:50 INFO  : 'after 3000' command is executed.
21:27:50 INFO  : 'targets -set -filter {jtag_cable_name =~ "Digilent JTAG-SMT2 210251A543E7" && level==0} -index 1' command is executed.
21:27:58 INFO  : FPGA configured successfully with bitstream "C:/COSMOS_KJH/CosmosPlus_Cluster/CosmosPlus_DFTL_Cluster_DTRIM/CDTRIM/Build/CDTRIM/system_hw_platform_0/OpenSSD2.bit"
21:27:58 INFO  : Context for 'APU' is selected.
21:28:02 INFO  : Hardware design information is loaded from 'C:/COSMOS_KJH/CosmosPlus_Cluster/CosmosPlus_DFTL_Cluster_DTRIM/CDTRIM/Build/CDTRIM/system_hw_platform_0/system.hdf'.
21:28:02 INFO  : 'configparams force-mem-access 1' command is executed.
21:28:02 INFO  : Context for 'APU' is selected.
21:28:03 INFO  : 'ps7_init' command is executed.
21:28:03 INFO  : 'ps7_post_config' command is executed.
21:28:03 INFO  : Context for processor 'ps7_cortexa9_0' is selected.
21:28:03 INFO  : The application 'C:/COSMOS_KJH/CosmosPlus_Cluster/CosmosPlus_DFTL_Cluster_DTRIM/CDTRIM/Build/CDTRIM/CDTRIM_CACHE/Debug/CDTRIM_CACHE.elf' is downloaded to processor 'ps7_cortexa9_0'.
21:28:03 INFO  : 'configparams force-mem-access 0' command is executed.
21:28:03 INFO  : ----------------XSDB Script----------------
connect -url tcp:127.0.0.1:3121
source C:/COSMOS_KJH/CosmosPlus_Cluster/CosmosPlus_DFTL_Cluster_DTRIM/CDTRIM/Build/CDTRIM/system_hw_platform_0/ps7_init.tcl
targets -set -nocase -filter {name =~"APU*" && jtag_cable_name =~ "Digilent JTAG-SMT2 210251A543E7"} -index 0
rst -system
after 3000
targets -set -filter {jtag_cable_name =~ "Digilent JTAG-SMT2 210251A543E7" && level==0} -index 1
fpga -file C:/COSMOS_KJH/CosmosPlus_Cluster/CosmosPlus_DFTL_Cluster_DTRIM/CDTRIM/Build/CDTRIM/system_hw_platform_0/OpenSSD2.bit
targets -set -nocase -filter {name =~"APU*" && jtag_cable_name =~ "Digilent JTAG-SMT2 210251A543E7"} -index 0
loadhw -hw C:/COSMOS_KJH/CosmosPlus_Cluster/CosmosPlus_DFTL_Cluster_DTRIM/CDTRIM/Build/CDTRIM/system_hw_platform_0/system.hdf -mem-ranges [list {0x40000000 0xbfffffff}]
configparams force-mem-access 1
targets -set -nocase -filter {name =~"APU*" && jtag_cable_name =~ "Digilent JTAG-SMT2 210251A543E7"} -index 0
ps7_init
ps7_post_config
targets -set -nocase -filter {name =~ "ARM*#0" && jtag_cable_name =~ "Digilent JTAG-SMT2 210251A543E7"} -index 0
dow C:/COSMOS_KJH/CosmosPlus_Cluster/CosmosPlus_DFTL_Cluster_DTRIM/CDTRIM/Build/CDTRIM/CDTRIM_CACHE/Debug/CDTRIM_CACHE.elf
configparams force-mem-access 0
----------------End of Script----------------

21:28:03 INFO  : Memory regions updated for context APU
21:28:03 INFO  : Context for processor 'ps7_cortexa9_0' is selected.
21:28:03 INFO  : 'con' command is executed.
21:28:03 INFO  : ----------------XSDB Script (After Launch)----------------
targets -set -nocase -filter {name =~ "ARM*#0" && jtag_cable_name =~ "Digilent JTAG-SMT2 210251A543E7"} -index 0
con
----------------End of Script----------------

21:28:03 INFO  : Launch script is exported to file 'C:\COSMOS_KJH\CosmosPlus_Cluster\CosmosPlus_DFTL_Cluster_DTRIM\CDTRIM\Build\CDTRIM\.sdk\launch_scripts\xilinx_c-c++_application_(system_debugger)\system_debugger_using_debug_cdtrim_cache.elf_on_local.tcl'
22:08:48 INFO  : Disconnected from the channel tcfchan#4.
11:36:46 INFO  : Registering command handlers for SDK TCF services
11:36:47 INFO  : Launching XSCT server: xsct.bat -interactive C:\COSMOS_KJH\CosmosPlus_Cluster\CosmosPlus_DFTL_Cluster_DTRIM\CDTRIM\Build\CDTRIM\temp_xsdb_launch_script.tcl
11:36:49 INFO  : XSCT server has started successfully.
11:36:49 INFO  : Successfully done setting XSCT server connection channel  
11:36:49 INFO  : Successfully done setting SDK workspace  
13:12:49 INFO  : Connected to target on host '127.0.0.1' and port '3121'.
13:12:49 INFO  : Jtag cable 'Digilent JTAG-SMT2 210251A543E7' is selected.
13:12:49 INFO  : 'jtag frequency' command is executed.
13:12:49 INFO  : Sourcing of 'C:/COSMOS_KJH/CosmosPlus_Cluster/CosmosPlus_DFTL_Cluster_DTRIM/CDTRIM/Build/CDTRIM/system_hw_platform_0/ps7_init.tcl' is done.
13:12:49 INFO  : Context for 'APU' is selected.
13:12:50 INFO  : System reset is completed.
13:12:53 INFO  : 'after 3000' command is executed.
13:12:53 INFO  : 'targets -set -filter {jtag_cable_name =~ "Digilent JTAG-SMT2 210251A543E7" && level==0} -index 1' command is executed.
13:13:00 INFO  : FPGA configured successfully with bitstream "C:/COSMOS_KJH/CosmosPlus_Cluster/CosmosPlus_DFTL_Cluster_DTRIM/CDTRIM/Build/CDTRIM/system_hw_platform_0/OpenSSD2.bit"
13:13:00 INFO  : Context for 'APU' is selected.
13:13:00 INFO  : Hardware design information is loaded from 'C:/COSMOS_KJH/CosmosPlus_Cluster/CosmosPlus_DFTL_Cluster_DTRIM/CDTRIM/Build/CDTRIM/system_hw_platform_0/system.hdf'.
13:13:00 INFO  : 'configparams force-mem-access 1' command is executed.
13:13:00 INFO  : Context for 'APU' is selected.
13:13:01 INFO  : 'ps7_init' command is executed.
13:13:01 INFO  : 'ps7_post_config' command is executed.
13:13:01 INFO  : Context for processor 'ps7_cortexa9_0' is selected.
13:13:01 INFO  : The application 'C:/COSMOS_KJH/CosmosPlus_Cluster/CosmosPlus_DFTL_Cluster_DTRIM/CDTRIM/Build/CDTRIM/CDTRIM_CACHE/Debug/CDTRIM_CACHE.elf' is downloaded to processor 'ps7_cortexa9_0'.
13:13:01 INFO  : 'configparams force-mem-access 0' command is executed.
13:13:01 INFO  : ----------------XSDB Script----------------
connect -url tcp:127.0.0.1:3121
source C:/COSMOS_KJH/CosmosPlus_Cluster/CosmosPlus_DFTL_Cluster_DTRIM/CDTRIM/Build/CDTRIM/system_hw_platform_0/ps7_init.tcl
targets -set -nocase -filter {name =~"APU*" && jtag_cable_name =~ "Digilent JTAG-SMT2 210251A543E7"} -index 0
rst -system
after 3000
targets -set -filter {jtag_cable_name =~ "Digilent JTAG-SMT2 210251A543E7" && level==0} -index 1
fpga -file C:/COSMOS_KJH/CosmosPlus_Cluster/CosmosPlus_DFTL_Cluster_DTRIM/CDTRIM/Build/CDTRIM/system_hw_platform_0/OpenSSD2.bit
targets -set -nocase -filter {name =~"APU*" && jtag_cable_name =~ "Digilent JTAG-SMT2 210251A543E7"} -index 0
loadhw -hw C:/COSMOS_KJH/CosmosPlus_Cluster/CosmosPlus_DFTL_Cluster_DTRIM/CDTRIM/Build/CDTRIM/system_hw_platform_0/system.hdf -mem-ranges [list {0x40000000 0xbfffffff}]
configparams force-mem-access 1
targets -set -nocase -filter {name =~"APU*" && jtag_cable_name =~ "Digilent JTAG-SMT2 210251A543E7"} -index 0
ps7_init
ps7_post_config
targets -set -nocase -filter {name =~ "ARM*#0" && jtag_cable_name =~ "Digilent JTAG-SMT2 210251A543E7"} -index 0
dow C:/COSMOS_KJH/CosmosPlus_Cluster/CosmosPlus_DFTL_Cluster_DTRIM/CDTRIM/Build/CDTRIM/CDTRIM_CACHE/Debug/CDTRIM_CACHE.elf
configparams force-mem-access 0
----------------End of Script----------------

13:13:02 INFO  : Memory regions updated for context APU
13:13:02 INFO  : Context for processor 'ps7_cortexa9_0' is selected.
13:13:02 INFO  : 'con' command is executed.
13:13:02 INFO  : ----------------XSDB Script (After Launch)----------------
targets -set -nocase -filter {name =~ "ARM*#0" && jtag_cable_name =~ "Digilent JTAG-SMT2 210251A543E7"} -index 0
con
----------------End of Script----------------

13:13:02 INFO  : Launch script is exported to file 'C:\COSMOS_KJH\CosmosPlus_Cluster\CosmosPlus_DFTL_Cluster_DTRIM\CDTRIM\Build\CDTRIM\.sdk\launch_scripts\xilinx_c-c++_application_(system_debugger)\system_debugger_using_debug_cdtrim_cache.elf_on_local.tcl'
13:48:24 INFO  : Disconnected from the channel tcfchan#1.
13:48:25 INFO  : Connected to target on host '127.0.0.1' and port '3121'.
13:48:25 INFO  : Jtag cable 'Digilent JTAG-SMT2 210251A543E7' is selected.
13:48:25 INFO  : 'jtag frequency' command is executed.
13:48:26 INFO  : Sourcing of 'C:/COSMOS_KJH/CosmosPlus_Cluster/CosmosPlus_DFTL_Cluster_DTRIM/CDTRIM/Build/CDTRIM/system_hw_platform_0/ps7_init.tcl' is done.
13:48:26 INFO  : Context for 'APU' is selected.
13:48:26 INFO  : System reset is completed.
13:48:29 INFO  : 'after 3000' command is executed.
13:48:29 INFO  : 'targets -set -filter {jtag_cable_name =~ "Digilent JTAG-SMT2 210251A543E7" && level==0} -index 1' command is executed.
13:48:36 INFO  : FPGA configured successfully with bitstream "C:/COSMOS_KJH/CosmosPlus_Cluster/CosmosPlus_DFTL_Cluster_DTRIM/CDTRIM/Build/CDTRIM/system_hw_platform_0/OpenSSD2.bit"
13:48:36 INFO  : Context for 'APU' is selected.
13:48:41 INFO  : Hardware design information is loaded from 'C:/COSMOS_KJH/CosmosPlus_Cluster/CosmosPlus_DFTL_Cluster_DTRIM/CDTRIM/Build/CDTRIM/system_hw_platform_0/system.hdf'.
13:48:41 INFO  : 'configparams force-mem-access 1' command is executed.
13:48:41 INFO  : Context for 'APU' is selected.
13:48:42 INFO  : 'ps7_init' command is executed.
13:48:42 INFO  : 'ps7_post_config' command is executed.
13:48:42 INFO  : Context for processor 'ps7_cortexa9_0' is selected.
13:48:42 INFO  : The application 'C:/COSMOS_KJH/CosmosPlus_Cluster/CosmosPlus_DFTL_Cluster_DTRIM/CDTRIM/Build/CDTRIM/CDTRIM_CACHE/Debug/CDTRIM_CACHE.elf' is downloaded to processor 'ps7_cortexa9_0'.
13:48:42 INFO  : 'configparams force-mem-access 0' command is executed.
13:48:42 INFO  : ----------------XSDB Script----------------
connect -url tcp:127.0.0.1:3121
source C:/COSMOS_KJH/CosmosPlus_Cluster/CosmosPlus_DFTL_Cluster_DTRIM/CDTRIM/Build/CDTRIM/system_hw_platform_0/ps7_init.tcl
targets -set -nocase -filter {name =~"APU*" && jtag_cable_name =~ "Digilent JTAG-SMT2 210251A543E7"} -index 0
rst -system
after 3000
targets -set -filter {jtag_cable_name =~ "Digilent JTAG-SMT2 210251A543E7" && level==0} -index 1
fpga -file C:/COSMOS_KJH/CosmosPlus_Cluster/CosmosPlus_DFTL_Cluster_DTRIM/CDTRIM/Build/CDTRIM/system_hw_platform_0/OpenSSD2.bit
targets -set -nocase -filter {name =~"APU*" && jtag_cable_name =~ "Digilent JTAG-SMT2 210251A543E7"} -index 0
loadhw -hw C:/COSMOS_KJH/CosmosPlus_Cluster/CosmosPlus_DFTL_Cluster_DTRIM/CDTRIM/Build/CDTRIM/system_hw_platform_0/system.hdf -mem-ranges [list {0x40000000 0xbfffffff}]
configparams force-mem-access 1
targets -set -nocase -filter {name =~"APU*" && jtag_cable_name =~ "Digilent JTAG-SMT2 210251A543E7"} -index 0
ps7_init
ps7_post_config
targets -set -nocase -filter {name =~ "ARM*#0" && jtag_cable_name =~ "Digilent JTAG-SMT2 210251A543E7"} -index 0
dow C:/COSMOS_KJH/CosmosPlus_Cluster/CosmosPlus_DFTL_Cluster_DTRIM/CDTRIM/Build/CDTRIM/CDTRIM_CACHE/Debug/CDTRIM_CACHE.elf
configparams force-mem-access 0
----------------End of Script----------------

13:48:42 INFO  : Memory regions updated for context APU
13:48:42 INFO  : Context for processor 'ps7_cortexa9_0' is selected.
13:48:42 INFO  : 'con' command is executed.
13:48:42 INFO  : ----------------XSDB Script (After Launch)----------------
targets -set -nocase -filter {name =~ "ARM*#0" && jtag_cable_name =~ "Digilent JTAG-SMT2 210251A543E7"} -index 0
con
----------------End of Script----------------

13:48:42 INFO  : Launch script is exported to file 'C:\COSMOS_KJH\CosmosPlus_Cluster\CosmosPlus_DFTL_Cluster_DTRIM\CDTRIM\Build\CDTRIM\.sdk\launch_scripts\xilinx_c-c++_application_(system_debugger)\system_debugger_using_debug_cdtrim_cache.elf_on_local.tcl'
15:26:18 INFO  : Disconnected from the channel tcfchan#2.
15:26:19 INFO  : Connected to target on host '127.0.0.1' and port '3121'.
15:26:19 INFO  : Jtag cable 'Digilent JTAG-SMT2 210251A543E7' is selected.
15:26:19 INFO  : 'jtag frequency' command is executed.
15:26:19 INFO  : Sourcing of 'C:/COSMOS_KJH/CosmosPlus_Cluster/CosmosPlus_DFTL_Cluster_DTRIM/CDTRIM/Build/CDTRIM/system_hw_platform_0/ps7_init.tcl' is done.
15:26:19 INFO  : Context for 'APU' is selected.
15:26:19 INFO  : System reset is completed.
15:26:22 INFO  : 'after 3000' command is executed.
15:26:22 INFO  : 'targets -set -filter {jtag_cable_name =~ "Digilent JTAG-SMT2 210251A543E7" && level==0} -index 1' command is executed.
15:26:30 INFO  : FPGA configured successfully with bitstream "C:/COSMOS_KJH/CosmosPlus_Cluster/CosmosPlus_DFTL_Cluster_DTRIM/CDTRIM/Build/CDTRIM/system_hw_platform_0/OpenSSD2.bit"
15:26:30 INFO  : Context for 'APU' is selected.
15:26:35 INFO  : Hardware design information is loaded from 'C:/COSMOS_KJH/CosmosPlus_Cluster/CosmosPlus_DFTL_Cluster_DTRIM/CDTRIM/Build/CDTRIM/system_hw_platform_0/system.hdf'.
15:26:35 INFO  : 'configparams force-mem-access 1' command is executed.
15:26:35 INFO  : Context for 'APU' is selected.
15:26:35 INFO  : 'ps7_init' command is executed.
15:26:35 INFO  : 'ps7_post_config' command is executed.
15:26:35 INFO  : Context for processor 'ps7_cortexa9_0' is selected.
15:26:36 INFO  : The application 'C:/COSMOS_KJH/CosmosPlus_Cluster/CosmosPlus_DFTL_Cluster_DTRIM/CDTRIM/Build/CDTRIM/CDTRIM_CACHE/Debug/CDTRIM_CACHE.elf' is downloaded to processor 'ps7_cortexa9_0'.
15:26:36 INFO  : 'configparams force-mem-access 0' command is executed.
15:26:36 INFO  : ----------------XSDB Script----------------
connect -url tcp:127.0.0.1:3121
source C:/COSMOS_KJH/CosmosPlus_Cluster/CosmosPlus_DFTL_Cluster_DTRIM/CDTRIM/Build/CDTRIM/system_hw_platform_0/ps7_init.tcl
targets -set -nocase -filter {name =~"APU*" && jtag_cable_name =~ "Digilent JTAG-SMT2 210251A543E7"} -index 0
rst -system
after 3000
targets -set -filter {jtag_cable_name =~ "Digilent JTAG-SMT2 210251A543E7" && level==0} -index 1
fpga -file C:/COSMOS_KJH/CosmosPlus_Cluster/CosmosPlus_DFTL_Cluster_DTRIM/CDTRIM/Build/CDTRIM/system_hw_platform_0/OpenSSD2.bit
targets -set -nocase -filter {name =~"APU*" && jtag_cable_name =~ "Digilent JTAG-SMT2 210251A543E7"} -index 0
loadhw -hw C:/COSMOS_KJH/CosmosPlus_Cluster/CosmosPlus_DFTL_Cluster_DTRIM/CDTRIM/Build/CDTRIM/system_hw_platform_0/system.hdf -mem-ranges [list {0x40000000 0xbfffffff}]
configparams force-mem-access 1
targets -set -nocase -filter {name =~"APU*" && jtag_cable_name =~ "Digilent JTAG-SMT2 210251A543E7"} -index 0
ps7_init
ps7_post_config
targets -set -nocase -filter {name =~ "ARM*#0" && jtag_cable_name =~ "Digilent JTAG-SMT2 210251A543E7"} -index 0
dow C:/COSMOS_KJH/CosmosPlus_Cluster/CosmosPlus_DFTL_Cluster_DTRIM/CDTRIM/Build/CDTRIM/CDTRIM_CACHE/Debug/CDTRIM_CACHE.elf
configparams force-mem-access 0
----------------End of Script----------------

15:26:36 INFO  : Memory regions updated for context APU
15:26:36 INFO  : Context for processor 'ps7_cortexa9_0' is selected.
15:26:36 INFO  : 'con' command is executed.
15:26:36 INFO  : ----------------XSDB Script (After Launch)----------------
targets -set -nocase -filter {name =~ "ARM*#0" && jtag_cable_name =~ "Digilent JTAG-SMT2 210251A543E7"} -index 0
con
----------------End of Script----------------

15:26:36 INFO  : Launch script is exported to file 'C:\COSMOS_KJH\CosmosPlus_Cluster\CosmosPlus_DFTL_Cluster_DTRIM\CDTRIM\Build\CDTRIM\.sdk\launch_scripts\xilinx_c-c++_application_(system_debugger)\system_debugger_using_debug_cdtrim_cache.elf_on_local.tcl'
16:01:58 INFO  : Disconnected from the channel tcfchan#3.
19:09:31 INFO  : Registering command handlers for SDK TCF services
19:09:31 INFO  : Launching XSCT server: xsct.bat -interactive C:\COSMOS_KJH\CosmosPlus_Cluster\CosmosPlus_DFTL_Cluster_DTRIM_Cache\CDTRIM\Build\CDTRIM\temp_xsdb_launch_script.tcl
19:09:34 INFO  : XSCT server has started successfully.
19:09:34 INFO  : Successfully done setting XSCT server connection channel  
19:09:34 INFO  : Successfully done setting SDK workspace  
19:59:28 INFO  : Connected to target on host '127.0.0.1' and port '3121'.
19:59:30 INFO  : Jtag cable 'Digilent JTAG-SMT2 210251A543E7' is selected.
19:59:30 INFO  : 'jtag frequency' command is executed.
19:59:30 INFO  : Sourcing of 'C:/COSMOS_KJH/CosmosPlus_Cluster/CosmosPlus_DFTL_Cluster_DTRIM_Cache/CDTRIM/Build/CDTRIM/system_hw_platform_0/ps7_init.tcl' is done.
19:59:30 INFO  : Context for 'APU' is selected.
19:59:30 INFO  : System reset is completed.
19:59:33 INFO  : 'after 3000' command is executed.
19:59:33 INFO  : 'targets -set -filter {jtag_cable_name =~ "Digilent JTAG-SMT2 210251A543E7" && level==0} -index 1' command is executed.
19:59:41 INFO  : FPGA configured successfully with bitstream "C:/COSMOS_KJH/CosmosPlus_Cluster/CosmosPlus_DFTL_Cluster_DTRIM_Cache/CDTRIM/Build/CDTRIM/system_hw_platform_0/OpenSSD2.bit"
19:59:41 INFO  : Context for 'APU' is selected.
19:59:41 INFO  : Hardware design information is loaded from 'C:/COSMOS_KJH/CosmosPlus_Cluster/CosmosPlus_DFTL_Cluster_DTRIM_Cache/CDTRIM/Build/CDTRIM/system_hw_platform_0/system.hdf'.
19:59:41 INFO  : 'configparams force-mem-access 1' command is executed.
19:59:41 INFO  : Context for 'APU' is selected.
19:59:41 INFO  : 'ps7_init' command is executed.
19:59:41 INFO  : 'ps7_post_config' command is executed.
19:59:41 INFO  : Context for processor 'ps7_cortexa9_0' is selected.
19:59:42 INFO  : The application 'C:/COSMOS_KJH/CosmosPlus_Cluster/CosmosPlus_DFTL_Cluster_DTRIM_Cache/CDTRIM/Build/CDTRIM/CDTRIM_CACHE/Debug/CDTRIM_CACHE.elf' is downloaded to processor 'ps7_cortexa9_0'.
19:59:42 INFO  : 'configparams force-mem-access 0' command is executed.
19:59:42 INFO  : ----------------XSDB Script----------------
connect -url tcp:127.0.0.1:3121
source C:/COSMOS_KJH/CosmosPlus_Cluster/CosmosPlus_DFTL_Cluster_DTRIM_Cache/CDTRIM/Build/CDTRIM/system_hw_platform_0/ps7_init.tcl
targets -set -nocase -filter {name =~"APU*" && jtag_cable_name =~ "Digilent JTAG-SMT2 210251A543E7"} -index 0
rst -system
after 3000
targets -set -filter {jtag_cable_name =~ "Digilent JTAG-SMT2 210251A543E7" && level==0} -index 1
fpga -file C:/COSMOS_KJH/CosmosPlus_Cluster/CosmosPlus_DFTL_Cluster_DTRIM_Cache/CDTRIM/Build/CDTRIM/system_hw_platform_0/OpenSSD2.bit
targets -set -nocase -filter {name =~"APU*" && jtag_cable_name =~ "Digilent JTAG-SMT2 210251A543E7"} -index 0
loadhw -hw C:/COSMOS_KJH/CosmosPlus_Cluster/CosmosPlus_DFTL_Cluster_DTRIM_Cache/CDTRIM/Build/CDTRIM/system_hw_platform_0/system.hdf -mem-ranges [list {0x40000000 0xbfffffff}]
configparams force-mem-access 1
targets -set -nocase -filter {name =~"APU*" && jtag_cable_name =~ "Digilent JTAG-SMT2 210251A543E7"} -index 0
ps7_init
ps7_post_config
targets -set -nocase -filter {name =~ "ARM*#0" && jtag_cable_name =~ "Digilent JTAG-SMT2 210251A543E7"} -index 0
dow C:/COSMOS_KJH/CosmosPlus_Cluster/CosmosPlus_DFTL_Cluster_DTRIM_Cache/CDTRIM/Build/CDTRIM/CDTRIM_CACHE/Debug/CDTRIM_CACHE.elf
configparams force-mem-access 0
----------------End of Script----------------

19:59:42 INFO  : Memory regions updated for context APU
19:59:42 INFO  : Context for processor 'ps7_cortexa9_0' is selected.
19:59:42 INFO  : 'con' command is executed.
19:59:42 INFO  : ----------------XSDB Script (After Launch)----------------
targets -set -nocase -filter {name =~ "ARM*#0" && jtag_cable_name =~ "Digilent JTAG-SMT2 210251A543E7"} -index 0
con
----------------End of Script----------------

19:59:42 INFO  : Launch script is exported to file 'C:\COSMOS_KJH\CosmosPlus_Cluster\CosmosPlus_DFTL_Cluster_DTRIM_Cache\CDTRIM\Build\CDTRIM\.sdk\launch_scripts\xilinx_c-c++_application_(system_debugger)\system_debugger_using_debug_cdtrim_cache.elf_on_local.tcl'
20:38:13 INFO  : Disconnected from the channel tcfchan#1.
20:38:14 INFO  : Connected to target on host '127.0.0.1' and port '3121'.
20:38:15 INFO  : Jtag cable 'Digilent JTAG-SMT2 210251A543E7' is selected.
20:38:15 INFO  : 'jtag frequency' command is executed.
20:38:15 INFO  : Sourcing of 'C:/COSMOS_KJH/CosmosPlus_Cluster/CosmosPlus_DFTL_Cluster_DTRIM_Cache/CDTRIM/Build/CDTRIM/system_hw_platform_0/ps7_init.tcl' is done.
20:38:15 INFO  : Context for 'APU' is selected.
20:38:15 INFO  : System reset is completed.
20:38:18 INFO  : 'after 3000' command is executed.
20:38:18 INFO  : 'targets -set -filter {jtag_cable_name =~ "Digilent JTAG-SMT2 210251A543E7" && level==0} -index 1' command is executed.
20:38:25 INFO  : FPGA configured successfully with bitstream "C:/COSMOS_KJH/CosmosPlus_Cluster/CosmosPlus_DFTL_Cluster_DTRIM_Cache/CDTRIM/Build/CDTRIM/system_hw_platform_0/OpenSSD2.bit"
20:38:25 INFO  : Context for 'APU' is selected.
20:38:31 INFO  : Hardware design information is loaded from 'C:/COSMOS_KJH/CosmosPlus_Cluster/CosmosPlus_DFTL_Cluster_DTRIM_Cache/CDTRIM/Build/CDTRIM/system_hw_platform_0/system.hdf'.
20:38:31 INFO  : 'configparams force-mem-access 1' command is executed.
20:38:31 INFO  : Context for 'APU' is selected.
20:38:31 INFO  : 'ps7_init' command is executed.
20:38:31 INFO  : 'ps7_post_config' command is executed.
20:38:31 INFO  : Context for processor 'ps7_cortexa9_0' is selected.
20:38:32 INFO  : The application 'C:/COSMOS_KJH/CosmosPlus_Cluster/CosmosPlus_DFTL_Cluster_DTRIM_Cache/CDTRIM/Build/CDTRIM/CDTRIM_CACHE/Debug/CDTRIM_CACHE.elf' is downloaded to processor 'ps7_cortexa9_0'.
20:38:32 INFO  : 'configparams force-mem-access 0' command is executed.
20:38:32 INFO  : ----------------XSDB Script----------------
connect -url tcp:127.0.0.1:3121
source C:/COSMOS_KJH/CosmosPlus_Cluster/CosmosPlus_DFTL_Cluster_DTRIM_Cache/CDTRIM/Build/CDTRIM/system_hw_platform_0/ps7_init.tcl
targets -set -nocase -filter {name =~"APU*" && jtag_cable_name =~ "Digilent JTAG-SMT2 210251A543E7"} -index 0
rst -system
after 3000
targets -set -filter {jtag_cable_name =~ "Digilent JTAG-SMT2 210251A543E7" && level==0} -index 1
fpga -file C:/COSMOS_KJH/CosmosPlus_Cluster/CosmosPlus_DFTL_Cluster_DTRIM_Cache/CDTRIM/Build/CDTRIM/system_hw_platform_0/OpenSSD2.bit
targets -set -nocase -filter {name =~"APU*" && jtag_cable_name =~ "Digilent JTAG-SMT2 210251A543E7"} -index 0
loadhw -hw C:/COSMOS_KJH/CosmosPlus_Cluster/CosmosPlus_DFTL_Cluster_DTRIM_Cache/CDTRIM/Build/CDTRIM/system_hw_platform_0/system.hdf -mem-ranges [list {0x40000000 0xbfffffff}]
configparams force-mem-access 1
targets -set -nocase -filter {name =~"APU*" && jtag_cable_name =~ "Digilent JTAG-SMT2 210251A543E7"} -index 0
ps7_init
ps7_post_config
targets -set -nocase -filter {name =~ "ARM*#0" && jtag_cable_name =~ "Digilent JTAG-SMT2 210251A543E7"} -index 0
dow C:/COSMOS_KJH/CosmosPlus_Cluster/CosmosPlus_DFTL_Cluster_DTRIM_Cache/CDTRIM/Build/CDTRIM/CDTRIM_CACHE/Debug/CDTRIM_CACHE.elf
configparams force-mem-access 0
----------------End of Script----------------

20:38:32 INFO  : Memory regions updated for context APU
20:38:32 INFO  : Context for processor 'ps7_cortexa9_0' is selected.
20:38:32 INFO  : 'con' command is executed.
20:38:32 INFO  : ----------------XSDB Script (After Launch)----------------
targets -set -nocase -filter {name =~ "ARM*#0" && jtag_cable_name =~ "Digilent JTAG-SMT2 210251A543E7"} -index 0
con
----------------End of Script----------------

20:38:32 INFO  : Launch script is exported to file 'C:\COSMOS_KJH\CosmosPlus_Cluster\CosmosPlus_DFTL_Cluster_DTRIM_Cache\CDTRIM\Build\CDTRIM\.sdk\launch_scripts\xilinx_c-c++_application_(system_debugger)\system_debugger_using_debug_cdtrim_cache.elf_on_local.tcl'
21:20:46 INFO  : Disconnected from the channel tcfchan#2.
21:20:47 INFO  : Connected to target on host '127.0.0.1' and port '3121'.
21:20:47 INFO  : Jtag cable 'Digilent JTAG-SMT2 210251A543E7' is selected.
21:20:47 INFO  : 'jtag frequency' command is executed.
21:20:47 INFO  : Sourcing of 'C:/COSMOS_KJH/CosmosPlus_Cluster/CosmosPlus_DFTL_Cluster_DTRIM_Cache/CDTRIM/Build/CDTRIM/system_hw_platform_0/ps7_init.tcl' is done.
21:20:47 INFO  : Context for 'APU' is selected.
21:20:47 INFO  : System reset is completed.
21:20:50 INFO  : 'after 3000' command is executed.
21:20:50 INFO  : 'targets -set -filter {jtag_cable_name =~ "Digilent JTAG-SMT2 210251A543E7" && level==0} -index 1' command is executed.
21:20:58 INFO  : FPGA configured successfully with bitstream "C:/COSMOS_KJH/CosmosPlus_Cluster/CosmosPlus_DFTL_Cluster_DTRIM_Cache/CDTRIM/Build/CDTRIM/system_hw_platform_0/OpenSSD2.bit"
21:20:58 INFO  : Context for 'APU' is selected.
21:21:02 INFO  : Hardware design information is loaded from 'C:/COSMOS_KJH/CosmosPlus_Cluster/CosmosPlus_DFTL_Cluster_DTRIM_Cache/CDTRIM/Build/CDTRIM/system_hw_platform_0/system.hdf'.
21:21:02 INFO  : 'configparams force-mem-access 1' command is executed.
21:21:02 INFO  : Context for 'APU' is selected.
21:21:03 INFO  : 'ps7_init' command is executed.
21:21:03 INFO  : 'ps7_post_config' command is executed.
21:21:03 INFO  : Context for processor 'ps7_cortexa9_0' is selected.
21:21:03 INFO  : The application 'C:/COSMOS_KJH/CosmosPlus_Cluster/CosmosPlus_DFTL_Cluster_DTRIM_Cache/CDTRIM/Build/CDTRIM/CDTRIM_CACHE/Debug/CDTRIM_CACHE.elf' is downloaded to processor 'ps7_cortexa9_0'.
21:21:03 INFO  : 'configparams force-mem-access 0' command is executed.
21:21:03 INFO  : ----------------XSDB Script----------------
connect -url tcp:127.0.0.1:3121
source C:/COSMOS_KJH/CosmosPlus_Cluster/CosmosPlus_DFTL_Cluster_DTRIM_Cache/CDTRIM/Build/CDTRIM/system_hw_platform_0/ps7_init.tcl
targets -set -nocase -filter {name =~"APU*" && jtag_cable_name =~ "Digilent JTAG-SMT2 210251A543E7"} -index 0
rst -system
after 3000
targets -set -filter {jtag_cable_name =~ "Digilent JTAG-SMT2 210251A543E7" && level==0} -index 1
fpga -file C:/COSMOS_KJH/CosmosPlus_Cluster/CosmosPlus_DFTL_Cluster_DTRIM_Cache/CDTRIM/Build/CDTRIM/system_hw_platform_0/OpenSSD2.bit
targets -set -nocase -filter {name =~"APU*" && jtag_cable_name =~ "Digilent JTAG-SMT2 210251A543E7"} -index 0
loadhw -hw C:/COSMOS_KJH/CosmosPlus_Cluster/CosmosPlus_DFTL_Cluster_DTRIM_Cache/CDTRIM/Build/CDTRIM/system_hw_platform_0/system.hdf -mem-ranges [list {0x40000000 0xbfffffff}]
configparams force-mem-access 1
targets -set -nocase -filter {name =~"APU*" && jtag_cable_name =~ "Digilent JTAG-SMT2 210251A543E7"} -index 0
ps7_init
ps7_post_config
targets -set -nocase -filter {name =~ "ARM*#0" && jtag_cable_name =~ "Digilent JTAG-SMT2 210251A543E7"} -index 0
dow C:/COSMOS_KJH/CosmosPlus_Cluster/CosmosPlus_DFTL_Cluster_DTRIM_Cache/CDTRIM/Build/CDTRIM/CDTRIM_CACHE/Debug/CDTRIM_CACHE.elf
configparams force-mem-access 0
----------------End of Script----------------

21:21:04 INFO  : Memory regions updated for context APU
21:21:04 INFO  : Context for processor 'ps7_cortexa9_0' is selected.
21:21:04 INFO  : 'con' command is executed.
21:21:04 INFO  : ----------------XSDB Script (After Launch)----------------
targets -set -nocase -filter {name =~ "ARM*#0" && jtag_cable_name =~ "Digilent JTAG-SMT2 210251A543E7"} -index 0
con
----------------End of Script----------------

21:21:04 INFO  : Launch script is exported to file 'C:\COSMOS_KJH\CosmosPlus_Cluster\CosmosPlus_DFTL_Cluster_DTRIM_Cache\CDTRIM\Build\CDTRIM\.sdk\launch_scripts\xilinx_c-c++_application_(system_debugger)\system_debugger_using_debug_cdtrim_cache.elf_on_local.tcl'
21:58:21 INFO  : Disconnected from the channel tcfchan#3.
21:58:22 INFO  : Connected to target on host '127.0.0.1' and port '3121'.
21:58:23 INFO  : Jtag cable 'Digilent JTAG-SMT2 210251A543E7' is selected.
21:58:23 INFO  : 'jtag frequency' command is executed.
21:58:23 INFO  : Sourcing of 'C:/COSMOS_KJH/CosmosPlus_Cluster/CosmosPlus_DFTL_Cluster_DTRIM_Cache/CDTRIM/Build/CDTRIM/system_hw_platform_0/ps7_init.tcl' is done.
21:58:23 INFO  : Context for 'APU' is selected.
21:58:23 INFO  : System reset is completed.
21:58:26 INFO  : 'after 3000' command is executed.
21:58:26 INFO  : 'targets -set -filter {jtag_cable_name =~ "Digilent JTAG-SMT2 210251A543E7" && level==0} -index 1' command is executed.
21:58:33 INFO  : FPGA configured successfully with bitstream "C:/COSMOS_KJH/CosmosPlus_Cluster/CosmosPlus_DFTL_Cluster_DTRIM_Cache/CDTRIM/Build/CDTRIM/system_hw_platform_0/OpenSSD2.bit"
21:58:34 INFO  : Context for 'APU' is selected.
21:58:39 INFO  : Hardware design information is loaded from 'C:/COSMOS_KJH/CosmosPlus_Cluster/CosmosPlus_DFTL_Cluster_DTRIM_Cache/CDTRIM/Build/CDTRIM/system_hw_platform_0/system.hdf'.
21:58:39 INFO  : 'configparams force-mem-access 1' command is executed.
21:58:39 INFO  : Context for 'APU' is selected.
21:58:39 INFO  : 'ps7_init' command is executed.
21:58:39 INFO  : 'ps7_post_config' command is executed.
21:58:39 INFO  : Context for processor 'ps7_cortexa9_0' is selected.
21:58:40 INFO  : The application 'C:/COSMOS_KJH/CosmosPlus_Cluster/CosmosPlus_DFTL_Cluster_DTRIM_Cache/CDTRIM/Build/CDTRIM/CDTRIM_CACHE/Debug/CDTRIM_CACHE.elf' is downloaded to processor 'ps7_cortexa9_0'.
21:58:40 INFO  : 'configparams force-mem-access 0' command is executed.
21:58:40 INFO  : ----------------XSDB Script----------------
connect -url tcp:127.0.0.1:3121
source C:/COSMOS_KJH/CosmosPlus_Cluster/CosmosPlus_DFTL_Cluster_DTRIM_Cache/CDTRIM/Build/CDTRIM/system_hw_platform_0/ps7_init.tcl
targets -set -nocase -filter {name =~"APU*" && jtag_cable_name =~ "Digilent JTAG-SMT2 210251A543E7"} -index 0
rst -system
after 3000
targets -set -filter {jtag_cable_name =~ "Digilent JTAG-SMT2 210251A543E7" && level==0} -index 1
fpga -file C:/COSMOS_KJH/CosmosPlus_Cluster/CosmosPlus_DFTL_Cluster_DTRIM_Cache/CDTRIM/Build/CDTRIM/system_hw_platform_0/OpenSSD2.bit
targets -set -nocase -filter {name =~"APU*" && jtag_cable_name =~ "Digilent JTAG-SMT2 210251A543E7"} -index 0
loadhw -hw C:/COSMOS_KJH/CosmosPlus_Cluster/CosmosPlus_DFTL_Cluster_DTRIM_Cache/CDTRIM/Build/CDTRIM/system_hw_platform_0/system.hdf -mem-ranges [list {0x40000000 0xbfffffff}]
configparams force-mem-access 1
targets -set -nocase -filter {name =~"APU*" && jtag_cable_name =~ "Digilent JTAG-SMT2 210251A543E7"} -index 0
ps7_init
ps7_post_config
targets -set -nocase -filter {name =~ "ARM*#0" && jtag_cable_name =~ "Digilent JTAG-SMT2 210251A543E7"} -index 0
dow C:/COSMOS_KJH/CosmosPlus_Cluster/CosmosPlus_DFTL_Cluster_DTRIM_Cache/CDTRIM/Build/CDTRIM/CDTRIM_CACHE/Debug/CDTRIM_CACHE.elf
configparams force-mem-access 0
----------------End of Script----------------

21:58:40 INFO  : Memory regions updated for context APU
21:58:40 INFO  : Context for processor 'ps7_cortexa9_0' is selected.
21:58:40 INFO  : 'con' command is executed.
21:58:40 INFO  : ----------------XSDB Script (After Launch)----------------
targets -set -nocase -filter {name =~ "ARM*#0" && jtag_cable_name =~ "Digilent JTAG-SMT2 210251A543E7"} -index 0
con
----------------End of Script----------------

21:58:40 INFO  : Launch script is exported to file 'C:\COSMOS_KJH\CosmosPlus_Cluster\CosmosPlus_DFTL_Cluster_DTRIM_Cache\CDTRIM\Build\CDTRIM\.sdk\launch_scripts\xilinx_c-c++_application_(system_debugger)\system_debugger_using_debug_cdtrim_cache.elf_on_local.tcl'
22:44:28 INFO  : Disconnected from the channel tcfchan#4.
10:20:41 INFO  : Registering command handlers for SDK TCF services
10:20:42 INFO  : Launching XSCT server: xsct.bat -interactive C:\COSMOS_KJH\CosmosPlus_Cluster\CosmosPlus_DFTL_Cluster_DTRIM_Cache\CDTRIM\Build\CDTRIM\temp_xsdb_launch_script.tcl
10:20:45 INFO  : XSCT server has started successfully.
10:20:50 INFO  : Successfully done setting XSCT server connection channel  
10:20:50 INFO  : Successfully done setting SDK workspace  
10:35:59 INFO  : Connected to target on host '127.0.0.1' and port '3121'.
10:36:00 INFO  : Jtag cable 'Digilent JTAG-SMT2 210251A543E7' is selected.
10:36:00 INFO  : 'jtag frequency' command is executed.
10:36:00 INFO  : Sourcing of 'C:/COSMOS_KJH/CosmosPlus_Cluster/CosmosPlus_DFTL_Cluster_DTRIM_Cache/CDTRIM/Build/CDTRIM/system_hw_platform_0/ps7_init.tcl' is done.
10:36:00 INFO  : Context for 'APU' is selected.
10:36:00 INFO  : System reset is completed.
10:36:03 INFO  : 'after 3000' command is executed.
10:36:03 INFO  : 'targets -set -filter {jtag_cable_name =~ "Digilent JTAG-SMT2 210251A543E7" && level==0} -index 1' command is executed.
10:36:11 INFO  : FPGA configured successfully with bitstream "C:/COSMOS_KJH/CosmosPlus_Cluster/CosmosPlus_DFTL_Cluster_DTRIM_Cache/CDTRIM/Build/CDTRIM/system_hw_platform_0/OpenSSD2.bit"
10:36:11 INFO  : Context for 'APU' is selected.
10:36:11 INFO  : Hardware design information is loaded from 'C:/COSMOS_KJH/CosmosPlus_Cluster/CosmosPlus_DFTL_Cluster_DTRIM_Cache/CDTRIM/Build/CDTRIM/system_hw_platform_0/system.hdf'.
10:36:11 INFO  : 'configparams force-mem-access 1' command is executed.
10:36:11 INFO  : Context for 'APU' is selected.
10:36:11 INFO  : 'ps7_init' command is executed.
10:36:11 INFO  : 'ps7_post_config' command is executed.
10:36:11 INFO  : Context for processor 'ps7_cortexa9_0' is selected.
10:36:12 INFO  : The application 'C:/COSMOS_KJH/CosmosPlus_Cluster/CosmosPlus_DFTL_Cluster_DTRIM_Cache/CDTRIM/Build/CDTRIM/CDTRIM_CACHE/Debug/CDTRIM_CACHE.elf' is downloaded to processor 'ps7_cortexa9_0'.
10:36:12 INFO  : 'configparams force-mem-access 0' command is executed.
10:36:12 INFO  : ----------------XSDB Script----------------
connect -url tcp:127.0.0.1:3121
source C:/COSMOS_KJH/CosmosPlus_Cluster/CosmosPlus_DFTL_Cluster_DTRIM_Cache/CDTRIM/Build/CDTRIM/system_hw_platform_0/ps7_init.tcl
targets -set -nocase -filter {name =~"APU*" && jtag_cable_name =~ "Digilent JTAG-SMT2 210251A543E7"} -index 0
rst -system
after 3000
targets -set -filter {jtag_cable_name =~ "Digilent JTAG-SMT2 210251A543E7" && level==0} -index 1
fpga -file C:/COSMOS_KJH/CosmosPlus_Cluster/CosmosPlus_DFTL_Cluster_DTRIM_Cache/CDTRIM/Build/CDTRIM/system_hw_platform_0/OpenSSD2.bit
targets -set -nocase -filter {name =~"APU*" && jtag_cable_name =~ "Digilent JTAG-SMT2 210251A543E7"} -index 0
loadhw -hw C:/COSMOS_KJH/CosmosPlus_Cluster/CosmosPlus_DFTL_Cluster_DTRIM_Cache/CDTRIM/Build/CDTRIM/system_hw_platform_0/system.hdf -mem-ranges [list {0x40000000 0xbfffffff}]
configparams force-mem-access 1
targets -set -nocase -filter {name =~"APU*" && jtag_cable_name =~ "Digilent JTAG-SMT2 210251A543E7"} -index 0
ps7_init
ps7_post_config
targets -set -nocase -filter {name =~ "ARM*#0" && jtag_cable_name =~ "Digilent JTAG-SMT2 210251A543E7"} -index 0
dow C:/COSMOS_KJH/CosmosPlus_Cluster/CosmosPlus_DFTL_Cluster_DTRIM_Cache/CDTRIM/Build/CDTRIM/CDTRIM_CACHE/Debug/CDTRIM_CACHE.elf
configparams force-mem-access 0
----------------End of Script----------------

10:36:12 INFO  : Memory regions updated for context APU
10:36:12 INFO  : Context for processor 'ps7_cortexa9_0' is selected.
10:36:12 INFO  : 'con' command is executed.
10:36:12 INFO  : ----------------XSDB Script (After Launch)----------------
targets -set -nocase -filter {name =~ "ARM*#0" && jtag_cable_name =~ "Digilent JTAG-SMT2 210251A543E7"} -index 0
con
----------------End of Script----------------

10:36:12 INFO  : Launch script is exported to file 'C:\COSMOS_KJH\CosmosPlus_Cluster\CosmosPlus_DFTL_Cluster_DTRIM_Cache\CDTRIM\Build\CDTRIM\.sdk\launch_scripts\xilinx_c-c++_application_(system_debugger)\system_debugger_using_debug_cdtrim_cache.elf_on_local.tcl'
11:16:04 INFO  : Disconnected from the channel tcfchan#1.
11:16:05 INFO  : Connected to target on host '127.0.0.1' and port '3121'.
11:16:05 INFO  : Jtag cable 'Digilent JTAG-SMT2 210251A543E7' is selected.
11:16:05 INFO  : 'jtag frequency' command is executed.
11:16:05 INFO  : Sourcing of 'C:/COSMOS_KJH/CosmosPlus_Cluster/CosmosPlus_DFTL_Cluster_DTRIM_Cache/CDTRIM/Build/CDTRIM/system_hw_platform_0/ps7_init.tcl' is done.
11:16:05 INFO  : Context for 'APU' is selected.
11:16:05 INFO  : System reset is completed.
11:16:08 INFO  : 'after 3000' command is executed.
11:16:08 INFO  : 'targets -set -filter {jtag_cable_name =~ "Digilent JTAG-SMT2 210251A543E7" && level==0} -index 1' command is executed.
11:16:16 INFO  : FPGA configured successfully with bitstream "C:/COSMOS_KJH/CosmosPlus_Cluster/CosmosPlus_DFTL_Cluster_DTRIM_Cache/CDTRIM/Build/CDTRIM/system_hw_platform_0/OpenSSD2.bit"
11:16:16 INFO  : Context for 'APU' is selected.
11:16:21 INFO  : Hardware design information is loaded from 'C:/COSMOS_KJH/CosmosPlus_Cluster/CosmosPlus_DFTL_Cluster_DTRIM_Cache/CDTRIM/Build/CDTRIM/system_hw_platform_0/system.hdf'.
11:16:21 INFO  : 'configparams force-mem-access 1' command is executed.
11:16:21 INFO  : Context for 'APU' is selected.
11:16:21 INFO  : 'ps7_init' command is executed.
11:16:21 INFO  : 'ps7_post_config' command is executed.
11:16:21 INFO  : Context for processor 'ps7_cortexa9_0' is selected.
11:16:22 INFO  : The application 'C:/COSMOS_KJH/CosmosPlus_Cluster/CosmosPlus_DFTL_Cluster_DTRIM_Cache/CDTRIM/Build/CDTRIM/CDTRIM_CACHE/Debug/CDTRIM_CACHE.elf' is downloaded to processor 'ps7_cortexa9_0'.
11:16:22 INFO  : 'configparams force-mem-access 0' command is executed.
11:16:22 INFO  : ----------------XSDB Script----------------
connect -url tcp:127.0.0.1:3121
source C:/COSMOS_KJH/CosmosPlus_Cluster/CosmosPlus_DFTL_Cluster_DTRIM_Cache/CDTRIM/Build/CDTRIM/system_hw_platform_0/ps7_init.tcl
targets -set -nocase -filter {name =~"APU*" && jtag_cable_name =~ "Digilent JTAG-SMT2 210251A543E7"} -index 0
rst -system
after 3000
targets -set -filter {jtag_cable_name =~ "Digilent JTAG-SMT2 210251A543E7" && level==0} -index 1
fpga -file C:/COSMOS_KJH/CosmosPlus_Cluster/CosmosPlus_DFTL_Cluster_DTRIM_Cache/CDTRIM/Build/CDTRIM/system_hw_platform_0/OpenSSD2.bit
targets -set -nocase -filter {name =~"APU*" && jtag_cable_name =~ "Digilent JTAG-SMT2 210251A543E7"} -index 0
loadhw -hw C:/COSMOS_KJH/CosmosPlus_Cluster/CosmosPlus_DFTL_Cluster_DTRIM_Cache/CDTRIM/Build/CDTRIM/system_hw_platform_0/system.hdf -mem-ranges [list {0x40000000 0xbfffffff}]
configparams force-mem-access 1
targets -set -nocase -filter {name =~"APU*" && jtag_cable_name =~ "Digilent JTAG-SMT2 210251A543E7"} -index 0
ps7_init
ps7_post_config
targets -set -nocase -filter {name =~ "ARM*#0" && jtag_cable_name =~ "Digilent JTAG-SMT2 210251A543E7"} -index 0
dow C:/COSMOS_KJH/CosmosPlus_Cluster/CosmosPlus_DFTL_Cluster_DTRIM_Cache/CDTRIM/Build/CDTRIM/CDTRIM_CACHE/Debug/CDTRIM_CACHE.elf
configparams force-mem-access 0
----------------End of Script----------------

11:16:22 INFO  : Memory regions updated for context APU
11:16:22 INFO  : Context for processor 'ps7_cortexa9_0' is selected.
11:16:22 INFO  : 'con' command is executed.
11:16:22 INFO  : ----------------XSDB Script (After Launch)----------------
targets -set -nocase -filter {name =~ "ARM*#0" && jtag_cable_name =~ "Digilent JTAG-SMT2 210251A543E7"} -index 0
con
----------------End of Script----------------

11:16:22 INFO  : Launch script is exported to file 'C:\COSMOS_KJH\CosmosPlus_Cluster\CosmosPlus_DFTL_Cluster_DTRIM_Cache\CDTRIM\Build\CDTRIM\.sdk\launch_scripts\xilinx_c-c++_application_(system_debugger)\system_debugger_using_debug_cdtrim_cache.elf_on_local.tcl'
12:31:18 INFO  : Disconnected from the channel tcfchan#2.
12:31:19 INFO  : Connected to target on host '127.0.0.1' and port '3121'.
12:31:20 INFO  : Jtag cable 'Digilent JTAG-SMT2 210251A543E7' is selected.
12:31:20 INFO  : 'jtag frequency' command is executed.
12:31:20 INFO  : Sourcing of 'C:/COSMOS_KJH/CosmosPlus_Cluster/CosmosPlus_DFTL_Cluster_DTRIM_Cache/CDTRIM/Build/CDTRIM/system_hw_platform_0/ps7_init.tcl' is done.
12:31:20 INFO  : Context for 'APU' is selected.
12:31:20 INFO  : System reset is completed.
12:31:23 INFO  : 'after 3000' command is executed.
12:31:23 INFO  : 'targets -set -filter {jtag_cable_name =~ "Digilent JTAG-SMT2 210251A543E7" && level==0} -index 1' command is executed.
12:31:30 INFO  : FPGA configured successfully with bitstream "C:/COSMOS_KJH/CosmosPlus_Cluster/CosmosPlus_DFTL_Cluster_DTRIM_Cache/CDTRIM/Build/CDTRIM/system_hw_platform_0/OpenSSD2.bit"
12:31:30 INFO  : Context for 'APU' is selected.
12:31:35 INFO  : Hardware design information is loaded from 'C:/COSMOS_KJH/CosmosPlus_Cluster/CosmosPlus_DFTL_Cluster_DTRIM_Cache/CDTRIM/Build/CDTRIM/system_hw_platform_0/system.hdf'.
12:31:35 INFO  : 'configparams force-mem-access 1' command is executed.
12:31:35 INFO  : Context for 'APU' is selected.
12:31:35 INFO  : 'ps7_init' command is executed.
12:31:35 INFO  : 'ps7_post_config' command is executed.
12:31:35 INFO  : Context for processor 'ps7_cortexa9_0' is selected.
12:31:36 INFO  : The application 'C:/COSMOS_KJH/CosmosPlus_Cluster/CosmosPlus_DFTL_Cluster_DTRIM_Cache/CDTRIM/Build/CDTRIM/CDTRIM_CACHE/Debug/CDTRIM_CACHE.elf' is downloaded to processor 'ps7_cortexa9_0'.
12:31:36 INFO  : 'configparams force-mem-access 0' command is executed.
12:31:36 INFO  : ----------------XSDB Script----------------
connect -url tcp:127.0.0.1:3121
source C:/COSMOS_KJH/CosmosPlus_Cluster/CosmosPlus_DFTL_Cluster_DTRIM_Cache/CDTRIM/Build/CDTRIM/system_hw_platform_0/ps7_init.tcl
targets -set -nocase -filter {name =~"APU*" && jtag_cable_name =~ "Digilent JTAG-SMT2 210251A543E7"} -index 0
rst -system
after 3000
targets -set -filter {jtag_cable_name =~ "Digilent JTAG-SMT2 210251A543E7" && level==0} -index 1
fpga -file C:/COSMOS_KJH/CosmosPlus_Cluster/CosmosPlus_DFTL_Cluster_DTRIM_Cache/CDTRIM/Build/CDTRIM/system_hw_platform_0/OpenSSD2.bit
targets -set -nocase -filter {name =~"APU*" && jtag_cable_name =~ "Digilent JTAG-SMT2 210251A543E7"} -index 0
loadhw -hw C:/COSMOS_KJH/CosmosPlus_Cluster/CosmosPlus_DFTL_Cluster_DTRIM_Cache/CDTRIM/Build/CDTRIM/system_hw_platform_0/system.hdf -mem-ranges [list {0x40000000 0xbfffffff}]
configparams force-mem-access 1
targets -set -nocase -filter {name =~"APU*" && jtag_cable_name =~ "Digilent JTAG-SMT2 210251A543E7"} -index 0
ps7_init
ps7_post_config
targets -set -nocase -filter {name =~ "ARM*#0" && jtag_cable_name =~ "Digilent JTAG-SMT2 210251A543E7"} -index 0
dow C:/COSMOS_KJH/CosmosPlus_Cluster/CosmosPlus_DFTL_Cluster_DTRIM_Cache/CDTRIM/Build/CDTRIM/CDTRIM_CACHE/Debug/CDTRIM_CACHE.elf
configparams force-mem-access 0
----------------End of Script----------------

12:31:36 INFO  : Memory regions updated for context APU
12:31:36 INFO  : Context for processor 'ps7_cortexa9_0' is selected.
12:31:36 INFO  : 'con' command is executed.
12:31:36 INFO  : ----------------XSDB Script (After Launch)----------------
targets -set -nocase -filter {name =~ "ARM*#0" && jtag_cable_name =~ "Digilent JTAG-SMT2 210251A543E7"} -index 0
con
----------------End of Script----------------

12:31:36 INFO  : Launch script is exported to file 'C:\COSMOS_KJH\CosmosPlus_Cluster\CosmosPlus_DFTL_Cluster_DTRIM_Cache\CDTRIM\Build\CDTRIM\.sdk\launch_scripts\xilinx_c-c++_application_(system_debugger)\system_debugger_using_debug_cdtrim_cache.elf_on_local.tcl'
13:13:47 INFO  : Disconnected from the channel tcfchan#3.
13:13:48 INFO  : Connected to target on host '127.0.0.1' and port '3121'.
13:13:49 INFO  : Jtag cable 'Digilent JTAG-SMT2 210251A543E7' is selected.
13:13:49 INFO  : 'jtag frequency' command is executed.
13:13:49 INFO  : Sourcing of 'C:/COSMOS_KJH/CosmosPlus_Cluster/CosmosPlus_DFTL_Cluster_DTRIM_Cache/CDTRIM/Build/CDTRIM/system_hw_platform_0/ps7_init.tcl' is done.
13:13:49 INFO  : Context for 'APU' is selected.
13:13:49 INFO  : System reset is completed.
13:13:52 INFO  : 'after 3000' command is executed.
13:13:52 INFO  : 'targets -set -filter {jtag_cable_name =~ "Digilent JTAG-SMT2 210251A543E7" && level==0} -index 1' command is executed.
13:14:00 INFO  : FPGA configured successfully with bitstream "C:/COSMOS_KJH/CosmosPlus_Cluster/CosmosPlus_DFTL_Cluster_DTRIM_Cache/CDTRIM/Build/CDTRIM/system_hw_platform_0/OpenSSD2.bit"
13:14:00 INFO  : Context for 'APU' is selected.
13:14:05 INFO  : Hardware design information is loaded from 'C:/COSMOS_KJH/CosmosPlus_Cluster/CosmosPlus_DFTL_Cluster_DTRIM_Cache/CDTRIM/Build/CDTRIM/system_hw_platform_0/system.hdf'.
13:14:05 INFO  : 'configparams force-mem-access 1' command is executed.
13:14:05 INFO  : Context for 'APU' is selected.
13:14:05 INFO  : 'ps7_init' command is executed.
13:14:05 INFO  : 'ps7_post_config' command is executed.
13:14:05 INFO  : Context for processor 'ps7_cortexa9_0' is selected.
13:14:06 INFO  : The application 'C:/COSMOS_KJH/CosmosPlus_Cluster/CosmosPlus_DFTL_Cluster_DTRIM_Cache/CDTRIM/Build/CDTRIM/CDTRIM_CACHE/Debug/CDTRIM_CACHE.elf' is downloaded to processor 'ps7_cortexa9_0'.
13:14:06 INFO  : 'configparams force-mem-access 0' command is executed.
13:14:06 INFO  : ----------------XSDB Script----------------
connect -url tcp:127.0.0.1:3121
source C:/COSMOS_KJH/CosmosPlus_Cluster/CosmosPlus_DFTL_Cluster_DTRIM_Cache/CDTRIM/Build/CDTRIM/system_hw_platform_0/ps7_init.tcl
targets -set -nocase -filter {name =~"APU*" && jtag_cable_name =~ "Digilent JTAG-SMT2 210251A543E7"} -index 0
rst -system
after 3000
targets -set -filter {jtag_cable_name =~ "Digilent JTAG-SMT2 210251A543E7" && level==0} -index 1
fpga -file C:/COSMOS_KJH/CosmosPlus_Cluster/CosmosPlus_DFTL_Cluster_DTRIM_Cache/CDTRIM/Build/CDTRIM/system_hw_platform_0/OpenSSD2.bit
targets -set -nocase -filter {name =~"APU*" && jtag_cable_name =~ "Digilent JTAG-SMT2 210251A543E7"} -index 0
loadhw -hw C:/COSMOS_KJH/CosmosPlus_Cluster/CosmosPlus_DFTL_Cluster_DTRIM_Cache/CDTRIM/Build/CDTRIM/system_hw_platform_0/system.hdf -mem-ranges [list {0x40000000 0xbfffffff}]
configparams force-mem-access 1
targets -set -nocase -filter {name =~"APU*" && jtag_cable_name =~ "Digilent JTAG-SMT2 210251A543E7"} -index 0
ps7_init
ps7_post_config
targets -set -nocase -filter {name =~ "ARM*#0" && jtag_cable_name =~ "Digilent JTAG-SMT2 210251A543E7"} -index 0
dow C:/COSMOS_KJH/CosmosPlus_Cluster/CosmosPlus_DFTL_Cluster_DTRIM_Cache/CDTRIM/Build/CDTRIM/CDTRIM_CACHE/Debug/CDTRIM_CACHE.elf
configparams force-mem-access 0
----------------End of Script----------------

13:14:06 INFO  : Memory regions updated for context APU
13:14:06 INFO  : Context for processor 'ps7_cortexa9_0' is selected.
13:14:06 INFO  : 'con' command is executed.
13:14:06 INFO  : ----------------XSDB Script (After Launch)----------------
targets -set -nocase -filter {name =~ "ARM*#0" && jtag_cable_name =~ "Digilent JTAG-SMT2 210251A543E7"} -index 0
con
----------------End of Script----------------

13:14:06 INFO  : Launch script is exported to file 'C:\COSMOS_KJH\CosmosPlus_Cluster\CosmosPlus_DFTL_Cluster_DTRIM_Cache\CDTRIM\Build\CDTRIM\.sdk\launch_scripts\xilinx_c-c++_application_(system_debugger)\system_debugger_using_debug_cdtrim_cache.elf_on_local.tcl'
13:48:48 INFO  : Disconnected from the channel tcfchan#4.
13:48:49 INFO  : Connected to target on host '127.0.0.1' and port '3121'.
13:48:49 INFO  : Jtag cable 'Digilent JTAG-SMT2 210251A543E7' is selected.
13:48:49 INFO  : 'jtag frequency' command is executed.
13:48:49 INFO  : Sourcing of 'C:/COSMOS_KJH/CosmosPlus_Cluster/CosmosPlus_DFTL_Cluster_DTRIM_Cache/CDTRIM/Build/CDTRIM/system_hw_platform_0/ps7_init.tcl' is done.
13:48:49 INFO  : Context for 'APU' is selected.
13:48:50 INFO  : System reset is completed.
13:48:53 INFO  : 'after 3000' command is executed.
13:48:53 INFO  : 'targets -set -filter {jtag_cable_name =~ "Digilent JTAG-SMT2 210251A543E7" && level==0} -index 1' command is executed.
13:49:00 INFO  : FPGA configured successfully with bitstream "C:/COSMOS_KJH/CosmosPlus_Cluster/CosmosPlus_DFTL_Cluster_DTRIM_Cache/CDTRIM/Build/CDTRIM/system_hw_platform_0/OpenSSD2.bit"
13:49:00 INFO  : Context for 'APU' is selected.
13:49:05 INFO  : Hardware design information is loaded from 'C:/COSMOS_KJH/CosmosPlus_Cluster/CosmosPlus_DFTL_Cluster_DTRIM_Cache/CDTRIM/Build/CDTRIM/system_hw_platform_0/system.hdf'.
13:49:05 INFO  : 'configparams force-mem-access 1' command is executed.
13:49:05 INFO  : Context for 'APU' is selected.
13:49:06 INFO  : 'ps7_init' command is executed.
13:49:06 INFO  : 'ps7_post_config' command is executed.
13:49:06 INFO  : Context for processor 'ps7_cortexa9_0' is selected.
13:49:06 INFO  : The application 'C:/COSMOS_KJH/CosmosPlus_Cluster/CosmosPlus_DFTL_Cluster_DTRIM_Cache/CDTRIM/Build/CDTRIM/CDTRIM_CACHE/Debug/CDTRIM_CACHE.elf' is downloaded to processor 'ps7_cortexa9_0'.
13:49:06 INFO  : 'configparams force-mem-access 0' command is executed.
13:49:06 INFO  : ----------------XSDB Script----------------
connect -url tcp:127.0.0.1:3121
source C:/COSMOS_KJH/CosmosPlus_Cluster/CosmosPlus_DFTL_Cluster_DTRIM_Cache/CDTRIM/Build/CDTRIM/system_hw_platform_0/ps7_init.tcl
targets -set -nocase -filter {name =~"APU*" && jtag_cable_name =~ "Digilent JTAG-SMT2 210251A543E7"} -index 0
rst -system
after 3000
targets -set -filter {jtag_cable_name =~ "Digilent JTAG-SMT2 210251A543E7" && level==0} -index 1
fpga -file C:/COSMOS_KJH/CosmosPlus_Cluster/CosmosPlus_DFTL_Cluster_DTRIM_Cache/CDTRIM/Build/CDTRIM/system_hw_platform_0/OpenSSD2.bit
targets -set -nocase -filter {name =~"APU*" && jtag_cable_name =~ "Digilent JTAG-SMT2 210251A543E7"} -index 0
loadhw -hw C:/COSMOS_KJH/CosmosPlus_Cluster/CosmosPlus_DFTL_Cluster_DTRIM_Cache/CDTRIM/Build/CDTRIM/system_hw_platform_0/system.hdf -mem-ranges [list {0x40000000 0xbfffffff}]
configparams force-mem-access 1
targets -set -nocase -filter {name =~"APU*" && jtag_cable_name =~ "Digilent JTAG-SMT2 210251A543E7"} -index 0
ps7_init
ps7_post_config
targets -set -nocase -filter {name =~ "ARM*#0" && jtag_cable_name =~ "Digilent JTAG-SMT2 210251A543E7"} -index 0
dow C:/COSMOS_KJH/CosmosPlus_Cluster/CosmosPlus_DFTL_Cluster_DTRIM_Cache/CDTRIM/Build/CDTRIM/CDTRIM_CACHE/Debug/CDTRIM_CACHE.elf
configparams force-mem-access 0
----------------End of Script----------------

13:49:06 INFO  : Memory regions updated for context APU
13:49:06 INFO  : Context for processor 'ps7_cortexa9_0' is selected.
13:49:06 INFO  : 'con' command is executed.
13:49:06 INFO  : ----------------XSDB Script (After Launch)----------------
targets -set -nocase -filter {name =~ "ARM*#0" && jtag_cable_name =~ "Digilent JTAG-SMT2 210251A543E7"} -index 0
con
----------------End of Script----------------

13:49:06 INFO  : Launch script is exported to file 'C:\COSMOS_KJH\CosmosPlus_Cluster\CosmosPlus_DFTL_Cluster_DTRIM_Cache\CDTRIM\Build\CDTRIM\.sdk\launch_scripts\xilinx_c-c++_application_(system_debugger)\system_debugger_using_debug_cdtrim_cache.elf_on_local.tcl'
14:36:31 INFO  : Disconnected from the channel tcfchan#5.
14:36:32 INFO  : Connected to target on host '127.0.0.1' and port '3121'.
14:36:32 INFO  : Jtag cable 'Digilent JTAG-SMT2 210251A543E7' is selected.
14:36:32 INFO  : 'jtag frequency' command is executed.
14:36:32 INFO  : Sourcing of 'C:/COSMOS_KJH/CosmosPlus_Cluster/CosmosPlus_DFTL_Cluster_DTRIM_Cache/CDTRIM/Build/CDTRIM/system_hw_platform_0/ps7_init.tcl' is done.
14:36:32 INFO  : Context for 'APU' is selected.
14:36:32 INFO  : System reset is completed.
14:36:35 INFO  : 'after 3000' command is executed.
14:36:35 INFO  : 'targets -set -filter {jtag_cable_name =~ "Digilent JTAG-SMT2 210251A543E7" && level==0} -index 1' command is executed.
14:36:43 INFO  : FPGA configured successfully with bitstream "C:/COSMOS_KJH/CosmosPlus_Cluster/CosmosPlus_DFTL_Cluster_DTRIM_Cache/CDTRIM/Build/CDTRIM/system_hw_platform_0/OpenSSD2.bit"
14:36:43 INFO  : Context for 'APU' is selected.
14:36:48 INFO  : Hardware design information is loaded from 'C:/COSMOS_KJH/CosmosPlus_Cluster/CosmosPlus_DFTL_Cluster_DTRIM_Cache/CDTRIM/Build/CDTRIM/system_hw_platform_0/system.hdf'.
14:36:48 INFO  : 'configparams force-mem-access 1' command is executed.
14:36:48 INFO  : Context for 'APU' is selected.
14:36:48 INFO  : 'ps7_init' command is executed.
14:36:48 INFO  : 'ps7_post_config' command is executed.
14:36:48 INFO  : Context for processor 'ps7_cortexa9_0' is selected.
14:36:49 INFO  : The application 'C:/COSMOS_KJH/CosmosPlus_Cluster/CosmosPlus_DFTL_Cluster_DTRIM_Cache/CDTRIM/Build/CDTRIM/CDTRIM_CACHE/Debug/CDTRIM_CACHE.elf' is downloaded to processor 'ps7_cortexa9_0'.
14:36:49 INFO  : 'configparams force-mem-access 0' command is executed.
14:36:49 INFO  : ----------------XSDB Script----------------
connect -url tcp:127.0.0.1:3121
source C:/COSMOS_KJH/CosmosPlus_Cluster/CosmosPlus_DFTL_Cluster_DTRIM_Cache/CDTRIM/Build/CDTRIM/system_hw_platform_0/ps7_init.tcl
targets -set -nocase -filter {name =~"APU*" && jtag_cable_name =~ "Digilent JTAG-SMT2 210251A543E7"} -index 0
rst -system
after 3000
targets -set -filter {jtag_cable_name =~ "Digilent JTAG-SMT2 210251A543E7" && level==0} -index 1
fpga -file C:/COSMOS_KJH/CosmosPlus_Cluster/CosmosPlus_DFTL_Cluster_DTRIM_Cache/CDTRIM/Build/CDTRIM/system_hw_platform_0/OpenSSD2.bit
targets -set -nocase -filter {name =~"APU*" && jtag_cable_name =~ "Digilent JTAG-SMT2 210251A543E7"} -index 0
loadhw -hw C:/COSMOS_KJH/CosmosPlus_Cluster/CosmosPlus_DFTL_Cluster_DTRIM_Cache/CDTRIM/Build/CDTRIM/system_hw_platform_0/system.hdf -mem-ranges [list {0x40000000 0xbfffffff}]
configparams force-mem-access 1
targets -set -nocase -filter {name =~"APU*" && jtag_cable_name =~ "Digilent JTAG-SMT2 210251A543E7"} -index 0
ps7_init
ps7_post_config
targets -set -nocase -filter {name =~ "ARM*#0" && jtag_cable_name =~ "Digilent JTAG-SMT2 210251A543E7"} -index 0
dow C:/COSMOS_KJH/CosmosPlus_Cluster/CosmosPlus_DFTL_Cluster_DTRIM_Cache/CDTRIM/Build/CDTRIM/CDTRIM_CACHE/Debug/CDTRIM_CACHE.elf
configparams force-mem-access 0
----------------End of Script----------------

14:36:49 INFO  : Memory regions updated for context APU
14:36:49 INFO  : Context for processor 'ps7_cortexa9_0' is selected.
14:36:49 INFO  : 'con' command is executed.
14:36:49 INFO  : ----------------XSDB Script (After Launch)----------------
targets -set -nocase -filter {name =~ "ARM*#0" && jtag_cable_name =~ "Digilent JTAG-SMT2 210251A543E7"} -index 0
con
----------------End of Script----------------

14:36:49 INFO  : Launch script is exported to file 'C:\COSMOS_KJH\CosmosPlus_Cluster\CosmosPlus_DFTL_Cluster_DTRIM_Cache\CDTRIM\Build\CDTRIM\.sdk\launch_scripts\xilinx_c-c++_application_(system_debugger)\system_debugger_using_debug_cdtrim_cache.elf_on_local.tcl'
15:19:43 INFO  : Disconnected from the channel tcfchan#6.
15:19:44 INFO  : Connected to target on host '127.0.0.1' and port '3121'.
15:19:44 INFO  : Jtag cable 'Digilent JTAG-SMT2 210251A543E7' is selected.
15:19:44 INFO  : 'jtag frequency' command is executed.
15:19:44 INFO  : Sourcing of 'C:/COSMOS_KJH/CosmosPlus_Cluster/CosmosPlus_DFTL_Cluster_DTRIM_Cache/CDTRIM/Build/CDTRIM/system_hw_platform_0/ps7_init.tcl' is done.
15:19:44 INFO  : Context for 'APU' is selected.
15:19:45 INFO  : System reset is completed.
15:19:48 INFO  : 'after 3000' command is executed.
15:19:48 INFO  : 'targets -set -filter {jtag_cable_name =~ "Digilent JTAG-SMT2 210251A543E7" && level==0} -index 1' command is executed.
15:19:55 INFO  : FPGA configured successfully with bitstream "C:/COSMOS_KJH/CosmosPlus_Cluster/CosmosPlus_DFTL_Cluster_DTRIM_Cache/CDTRIM/Build/CDTRIM/system_hw_platform_0/OpenSSD2.bit"
15:19:55 INFO  : Context for 'APU' is selected.
15:20:00 INFO  : Hardware design information is loaded from 'C:/COSMOS_KJH/CosmosPlus_Cluster/CosmosPlus_DFTL_Cluster_DTRIM_Cache/CDTRIM/Build/CDTRIM/system_hw_platform_0/system.hdf'.
15:20:00 INFO  : 'configparams force-mem-access 1' command is executed.
15:20:00 INFO  : Context for 'APU' is selected.
15:20:01 INFO  : 'ps7_init' command is executed.
15:20:01 INFO  : 'ps7_post_config' command is executed.
15:20:01 INFO  : Context for processor 'ps7_cortexa9_0' is selected.
15:20:01 INFO  : The application 'C:/COSMOS_KJH/CosmosPlus_Cluster/CosmosPlus_DFTL_Cluster_DTRIM_Cache/CDTRIM/Build/CDTRIM/CDTRIM_CACHE/Debug/CDTRIM_CACHE.elf' is downloaded to processor 'ps7_cortexa9_0'.
15:20:01 INFO  : 'configparams force-mem-access 0' command is executed.
15:20:01 INFO  : ----------------XSDB Script----------------
connect -url tcp:127.0.0.1:3121
source C:/COSMOS_KJH/CosmosPlus_Cluster/CosmosPlus_DFTL_Cluster_DTRIM_Cache/CDTRIM/Build/CDTRIM/system_hw_platform_0/ps7_init.tcl
targets -set -nocase -filter {name =~"APU*" && jtag_cable_name =~ "Digilent JTAG-SMT2 210251A543E7"} -index 0
rst -system
after 3000
targets -set -filter {jtag_cable_name =~ "Digilent JTAG-SMT2 210251A543E7" && level==0} -index 1
fpga -file C:/COSMOS_KJH/CosmosPlus_Cluster/CosmosPlus_DFTL_Cluster_DTRIM_Cache/CDTRIM/Build/CDTRIM/system_hw_platform_0/OpenSSD2.bit
targets -set -nocase -filter {name =~"APU*" && jtag_cable_name =~ "Digilent JTAG-SMT2 210251A543E7"} -index 0
loadhw -hw C:/COSMOS_KJH/CosmosPlus_Cluster/CosmosPlus_DFTL_Cluster_DTRIM_Cache/CDTRIM/Build/CDTRIM/system_hw_platform_0/system.hdf -mem-ranges [list {0x40000000 0xbfffffff}]
configparams force-mem-access 1
targets -set -nocase -filter {name =~"APU*" && jtag_cable_name =~ "Digilent JTAG-SMT2 210251A543E7"} -index 0
ps7_init
ps7_post_config
targets -set -nocase -filter {name =~ "ARM*#0" && jtag_cable_name =~ "Digilent JTAG-SMT2 210251A543E7"} -index 0
dow C:/COSMOS_KJH/CosmosPlus_Cluster/CosmosPlus_DFTL_Cluster_DTRIM_Cache/CDTRIM/Build/CDTRIM/CDTRIM_CACHE/Debug/CDTRIM_CACHE.elf
configparams force-mem-access 0
----------------End of Script----------------

15:20:01 INFO  : Memory regions updated for context APU
15:20:01 INFO  : Context for processor 'ps7_cortexa9_0' is selected.
15:20:01 INFO  : 'con' command is executed.
15:20:01 INFO  : ----------------XSDB Script (After Launch)----------------
targets -set -nocase -filter {name =~ "ARM*#0" && jtag_cable_name =~ "Digilent JTAG-SMT2 210251A543E7"} -index 0
con
----------------End of Script----------------

15:20:01 INFO  : Launch script is exported to file 'C:\COSMOS_KJH\CosmosPlus_Cluster\CosmosPlus_DFTL_Cluster_DTRIM_Cache\CDTRIM\Build\CDTRIM\.sdk\launch_scripts\xilinx_c-c++_application_(system_debugger)\system_debugger_using_debug_cdtrim_cache.elf_on_local.tcl'
17:13:57 INFO  : Disconnected from the channel tcfchan#7.
17:13:58 INFO  : Connected to target on host '127.0.0.1' and port '3121'.
17:13:58 INFO  : Jtag cable 'Digilent JTAG-SMT2 210251A543E7' is selected.
17:13:58 INFO  : 'jtag frequency' command is executed.
17:13:58 INFO  : Sourcing of 'C:/COSMOS_KJH/CosmosPlus_Cluster/CosmosPlus_DFTL_Cluster_DTRIM_Cache/CDTRIM/Build/CDTRIM/system_hw_platform_0/ps7_init.tcl' is done.
17:13:58 INFO  : Context for 'APU' is selected.
17:13:58 INFO  : System reset is completed.
17:14:01 INFO  : 'after 3000' command is executed.
17:14:01 INFO  : 'targets -set -filter {jtag_cable_name =~ "Digilent JTAG-SMT2 210251A543E7" && level==0} -index 1' command is executed.
17:14:09 INFO  : FPGA configured successfully with bitstream "C:/COSMOS_KJH/CosmosPlus_Cluster/CosmosPlus_DFTL_Cluster_DTRIM_Cache/CDTRIM/Build/CDTRIM/system_hw_platform_0/OpenSSD2.bit"
17:14:09 INFO  : Context for 'APU' is selected.
17:14:15 INFO  : Hardware design information is loaded from 'C:/COSMOS_KJH/CosmosPlus_Cluster/CosmosPlus_DFTL_Cluster_DTRIM_Cache/CDTRIM/Build/CDTRIM/system_hw_platform_0/system.hdf'.
17:14:15 INFO  : 'configparams force-mem-access 1' command is executed.
17:14:15 INFO  : Context for 'APU' is selected.
17:14:15 INFO  : 'ps7_init' command is executed.
17:14:15 INFO  : 'ps7_post_config' command is executed.
17:14:15 INFO  : Context for processor 'ps7_cortexa9_0' is selected.
17:14:16 INFO  : The application 'C:/COSMOS_KJH/CosmosPlus_Cluster/CosmosPlus_DFTL_Cluster_DTRIM_Cache/CDTRIM/Build/CDTRIM/CDTRIM_CACHE/Debug/CDTRIM_CACHE.elf' is downloaded to processor 'ps7_cortexa9_0'.
17:14:16 INFO  : 'configparams force-mem-access 0' command is executed.
17:14:16 INFO  : ----------------XSDB Script----------------
connect -url tcp:127.0.0.1:3121
source C:/COSMOS_KJH/CosmosPlus_Cluster/CosmosPlus_DFTL_Cluster_DTRIM_Cache/CDTRIM/Build/CDTRIM/system_hw_platform_0/ps7_init.tcl
targets -set -nocase -filter {name =~"APU*" && jtag_cable_name =~ "Digilent JTAG-SMT2 210251A543E7"} -index 0
rst -system
after 3000
targets -set -filter {jtag_cable_name =~ "Digilent JTAG-SMT2 210251A543E7" && level==0} -index 1
fpga -file C:/COSMOS_KJH/CosmosPlus_Cluster/CosmosPlus_DFTL_Cluster_DTRIM_Cache/CDTRIM/Build/CDTRIM/system_hw_platform_0/OpenSSD2.bit
targets -set -nocase -filter {name =~"APU*" && jtag_cable_name =~ "Digilent JTAG-SMT2 210251A543E7"} -index 0
loadhw -hw C:/COSMOS_KJH/CosmosPlus_Cluster/CosmosPlus_DFTL_Cluster_DTRIM_Cache/CDTRIM/Build/CDTRIM/system_hw_platform_0/system.hdf -mem-ranges [list {0x40000000 0xbfffffff}]
configparams force-mem-access 1
targets -set -nocase -filter {name =~"APU*" && jtag_cable_name =~ "Digilent JTAG-SMT2 210251A543E7"} -index 0
ps7_init
ps7_post_config
targets -set -nocase -filter {name =~ "ARM*#0" && jtag_cable_name =~ "Digilent JTAG-SMT2 210251A543E7"} -index 0
dow C:/COSMOS_KJH/CosmosPlus_Cluster/CosmosPlus_DFTL_Cluster_DTRIM_Cache/CDTRIM/Build/CDTRIM/CDTRIM_CACHE/Debug/CDTRIM_CACHE.elf
configparams force-mem-access 0
----------------End of Script----------------

17:14:16 INFO  : Memory regions updated for context APU
17:14:16 INFO  : Context for processor 'ps7_cortexa9_0' is selected.
17:14:16 INFO  : 'con' command is executed.
17:14:16 INFO  : ----------------XSDB Script (After Launch)----------------
targets -set -nocase -filter {name =~ "ARM*#0" && jtag_cable_name =~ "Digilent JTAG-SMT2 210251A543E7"} -index 0
con
----------------End of Script----------------

17:14:16 INFO  : Launch script is exported to file 'C:\COSMOS_KJH\CosmosPlus_Cluster\CosmosPlus_DFTL_Cluster_DTRIM_Cache\CDTRIM\Build\CDTRIM\.sdk\launch_scripts\xilinx_c-c++_application_(system_debugger)\system_debugger_using_debug_cdtrim_cache.elf_on_local.tcl'
19:40:25 INFO  : Disconnected from the channel tcfchan#8.
19:40:26 INFO  : Connected to target on host '127.0.0.1' and port '3121'.
19:40:27 INFO  : Jtag cable 'Digilent JTAG-SMT2 210251A543E7' is selected.
19:40:27 INFO  : 'jtag frequency' command is executed.
19:40:27 INFO  : Sourcing of 'C:/COSMOS_KJH/CosmosPlus_Cluster/CosmosPlus_DFTL_Cluster_DTRIM_Cache/CDTRIM/Build/CDTRIM/system_hw_platform_0/ps7_init.tcl' is done.
19:40:27 INFO  : Context for 'APU' is selected.
19:40:27 INFO  : System reset is completed.
19:40:30 INFO  : 'after 3000' command is executed.
19:40:30 INFO  : 'targets -set -filter {jtag_cable_name =~ "Digilent JTAG-SMT2 210251A543E7" && level==0} -index 1' command is executed.
19:40:38 INFO  : FPGA configured successfully with bitstream "C:/COSMOS_KJH/CosmosPlus_Cluster/CosmosPlus_DFTL_Cluster_DTRIM_Cache/CDTRIM/Build/CDTRIM/system_hw_platform_0/OpenSSD2.bit"
19:40:38 INFO  : Context for 'APU' is selected.
19:40:43 INFO  : Hardware design information is loaded from 'C:/COSMOS_KJH/CosmosPlus_Cluster/CosmosPlus_DFTL_Cluster_DTRIM_Cache/CDTRIM/Build/CDTRIM/system_hw_platform_0/system.hdf'.
19:40:43 INFO  : 'configparams force-mem-access 1' command is executed.
19:40:43 INFO  : Context for 'APU' is selected.
19:40:43 INFO  : 'ps7_init' command is executed.
19:40:43 INFO  : 'ps7_post_config' command is executed.
19:40:43 INFO  : Context for processor 'ps7_cortexa9_0' is selected.
19:40:44 INFO  : The application 'C:/COSMOS_KJH/CosmosPlus_Cluster/CosmosPlus_DFTL_Cluster_DTRIM_Cache/CDTRIM/Build/CDTRIM/CDTRIM_CACHE/Debug/CDTRIM_CACHE.elf' is downloaded to processor 'ps7_cortexa9_0'.
19:40:44 INFO  : 'configparams force-mem-access 0' command is executed.
19:40:44 INFO  : ----------------XSDB Script----------------
connect -url tcp:127.0.0.1:3121
source C:/COSMOS_KJH/CosmosPlus_Cluster/CosmosPlus_DFTL_Cluster_DTRIM_Cache/CDTRIM/Build/CDTRIM/system_hw_platform_0/ps7_init.tcl
targets -set -nocase -filter {name =~"APU*" && jtag_cable_name =~ "Digilent JTAG-SMT2 210251A543E7"} -index 0
rst -system
after 3000
targets -set -filter {jtag_cable_name =~ "Digilent JTAG-SMT2 210251A543E7" && level==0} -index 1
fpga -file C:/COSMOS_KJH/CosmosPlus_Cluster/CosmosPlus_DFTL_Cluster_DTRIM_Cache/CDTRIM/Build/CDTRIM/system_hw_platform_0/OpenSSD2.bit
targets -set -nocase -filter {name =~"APU*" && jtag_cable_name =~ "Digilent JTAG-SMT2 210251A543E7"} -index 0
loadhw -hw C:/COSMOS_KJH/CosmosPlus_Cluster/CosmosPlus_DFTL_Cluster_DTRIM_Cache/CDTRIM/Build/CDTRIM/system_hw_platform_0/system.hdf -mem-ranges [list {0x40000000 0xbfffffff}]
configparams force-mem-access 1
targets -set -nocase -filter {name =~"APU*" && jtag_cable_name =~ "Digilent JTAG-SMT2 210251A543E7"} -index 0
ps7_init
ps7_post_config
targets -set -nocase -filter {name =~ "ARM*#0" && jtag_cable_name =~ "Digilent JTAG-SMT2 210251A543E7"} -index 0
dow C:/COSMOS_KJH/CosmosPlus_Cluster/CosmosPlus_DFTL_Cluster_DTRIM_Cache/CDTRIM/Build/CDTRIM/CDTRIM_CACHE/Debug/CDTRIM_CACHE.elf
configparams force-mem-access 0
----------------End of Script----------------

19:40:44 INFO  : Memory regions updated for context APU
19:40:44 INFO  : Context for processor 'ps7_cortexa9_0' is selected.
19:40:44 INFO  : 'con' command is executed.
19:40:44 INFO  : ----------------XSDB Script (After Launch)----------------
targets -set -nocase -filter {name =~ "ARM*#0" && jtag_cable_name =~ "Digilent JTAG-SMT2 210251A543E7"} -index 0
con
----------------End of Script----------------

19:40:44 INFO  : Launch script is exported to file 'C:\COSMOS_KJH\CosmosPlus_Cluster\CosmosPlus_DFTL_Cluster_DTRIM_Cache\CDTRIM\Build\CDTRIM\.sdk\launch_scripts\xilinx_c-c++_application_(system_debugger)\system_debugger_using_debug_cdtrim_cache.elf_on_local.tcl'
20:28:03 INFO  : Disconnected from the channel tcfchan#9.
20:28:04 INFO  : Connected to target on host '127.0.0.1' and port '3121'.
20:28:04 INFO  : Jtag cable 'Digilent JTAG-SMT2 210251A543E7' is selected.
20:28:04 INFO  : 'jtag frequency' command is executed.
20:28:04 INFO  : Sourcing of 'C:/COSMOS_KJH/CosmosPlus_Cluster/CosmosPlus_DFTL_Cluster_DTRIM_Cache/CDTRIM/Build/CDTRIM/system_hw_platform_0/ps7_init.tcl' is done.
20:28:04 INFO  : Context for 'APU' is selected.
20:28:04 INFO  : System reset is completed.
20:28:07 INFO  : 'after 3000' command is executed.
20:28:07 INFO  : 'targets -set -filter {jtag_cable_name =~ "Digilent JTAG-SMT2 210251A543E7" && level==0} -index 1' command is executed.
20:28:15 INFO  : FPGA configured successfully with bitstream "C:/COSMOS_KJH/CosmosPlus_Cluster/CosmosPlus_DFTL_Cluster_DTRIM_Cache/CDTRIM/Build/CDTRIM/system_hw_platform_0/OpenSSD2.bit"
20:28:15 INFO  : Context for 'APU' is selected.
20:28:20 INFO  : Hardware design information is loaded from 'C:/COSMOS_KJH/CosmosPlus_Cluster/CosmosPlus_DFTL_Cluster_DTRIM_Cache/CDTRIM/Build/CDTRIM/system_hw_platform_0/system.hdf'.
20:28:20 INFO  : 'configparams force-mem-access 1' command is executed.
20:28:20 INFO  : Context for 'APU' is selected.
20:28:20 INFO  : 'ps7_init' command is executed.
20:28:20 INFO  : 'ps7_post_config' command is executed.
20:28:20 INFO  : Context for processor 'ps7_cortexa9_0' is selected.
20:28:20 INFO  : The application 'C:/COSMOS_KJH/CosmosPlus_Cluster/CosmosPlus_DFTL_Cluster_DTRIM_Cache/CDTRIM/Build/CDTRIM/CDTRIM_CACHE/Debug/CDTRIM_CACHE.elf' is downloaded to processor 'ps7_cortexa9_0'.
20:28:20 INFO  : 'configparams force-mem-access 0' command is executed.
20:28:20 INFO  : ----------------XSDB Script----------------
connect -url tcp:127.0.0.1:3121
source C:/COSMOS_KJH/CosmosPlus_Cluster/CosmosPlus_DFTL_Cluster_DTRIM_Cache/CDTRIM/Build/CDTRIM/system_hw_platform_0/ps7_init.tcl
targets -set -nocase -filter {name =~"APU*" && jtag_cable_name =~ "Digilent JTAG-SMT2 210251A543E7"} -index 0
rst -system
after 3000
targets -set -filter {jtag_cable_name =~ "Digilent JTAG-SMT2 210251A543E7" && level==0} -index 1
fpga -file C:/COSMOS_KJH/CosmosPlus_Cluster/CosmosPlus_DFTL_Cluster_DTRIM_Cache/CDTRIM/Build/CDTRIM/system_hw_platform_0/OpenSSD2.bit
targets -set -nocase -filter {name =~"APU*" && jtag_cable_name =~ "Digilent JTAG-SMT2 210251A543E7"} -index 0
loadhw -hw C:/COSMOS_KJH/CosmosPlus_Cluster/CosmosPlus_DFTL_Cluster_DTRIM_Cache/CDTRIM/Build/CDTRIM/system_hw_platform_0/system.hdf -mem-ranges [list {0x40000000 0xbfffffff}]
configparams force-mem-access 1
targets -set -nocase -filter {name =~"APU*" && jtag_cable_name =~ "Digilent JTAG-SMT2 210251A543E7"} -index 0
ps7_init
ps7_post_config
targets -set -nocase -filter {name =~ "ARM*#0" && jtag_cable_name =~ "Digilent JTAG-SMT2 210251A543E7"} -index 0
dow C:/COSMOS_KJH/CosmosPlus_Cluster/CosmosPlus_DFTL_Cluster_DTRIM_Cache/CDTRIM/Build/CDTRIM/CDTRIM_CACHE/Debug/CDTRIM_CACHE.elf
configparams force-mem-access 0
----------------End of Script----------------

20:28:21 INFO  : Memory regions updated for context APU
20:28:21 INFO  : Context for processor 'ps7_cortexa9_0' is selected.
20:28:21 INFO  : 'con' command is executed.
20:28:21 INFO  : ----------------XSDB Script (After Launch)----------------
targets -set -nocase -filter {name =~ "ARM*#0" && jtag_cable_name =~ "Digilent JTAG-SMT2 210251A543E7"} -index 0
con
----------------End of Script----------------

20:28:21 INFO  : Launch script is exported to file 'C:\COSMOS_KJH\CosmosPlus_Cluster\CosmosPlus_DFTL_Cluster_DTRIM_Cache\CDTRIM\Build\CDTRIM\.sdk\launch_scripts\xilinx_c-c++_application_(system_debugger)\system_debugger_using_debug_cdtrim_cache.elf_on_local.tcl'
21:25:50 INFO  : Disconnected from the channel tcfchan#10.
13:43:31 INFO  : Registering command handlers for SDK TCF services
13:43:32 INFO  : Launching XSCT server: xsct.bat -interactive C:\COSMOS_KJH\CosmosPlus_Cluster\CosmosPlus_DFTL_Cluster_DTRIM_Cache\CDTRIM\Build\CDTRIM\temp_xsdb_launch_script.tcl
13:43:36 INFO  : XSCT server has started successfully.
13:43:41 INFO  : Successfully done setting XSCT server connection channel  
13:43:41 INFO  : Successfully done setting SDK workspace  
13:44:52 INFO  : Connected to target on host '127.0.0.1' and port '3121'.
13:44:53 INFO  : Jtag cable 'Digilent JTAG-SMT2 210251A543E7' is selected.
13:44:53 INFO  : 'jtag frequency' command is executed.
13:44:53 INFO  : Sourcing of 'C:/COSMOS_KJH/CosmosPlus_Cluster/CosmosPlus_DFTL_Cluster_DTRIM_Cache/CDTRIM/Build/CDTRIM/system_hw_platform_0/ps7_init.tcl' is done.
13:44:53 INFO  : Context for 'APU' is selected.
13:44:53 INFO  : System reset is completed.
13:44:56 INFO  : 'after 3000' command is executed.
13:44:56 INFO  : 'targets -set -filter {jtag_cable_name =~ "Digilent JTAG-SMT2 210251A543E7" && level==0} -index 1' command is executed.
13:45:04 INFO  : FPGA configured successfully with bitstream "C:/COSMOS_KJH/CosmosPlus_Cluster/CosmosPlus_DFTL_Cluster_DTRIM_Cache/CDTRIM/Build/CDTRIM/system_hw_platform_0/OpenSSD2.bit"
13:45:04 INFO  : Context for 'APU' is selected.
13:45:04 INFO  : Hardware design information is loaded from 'C:/COSMOS_KJH/CosmosPlus_Cluster/CosmosPlus_DFTL_Cluster_DTRIM_Cache/CDTRIM/Build/CDTRIM/system_hw_platform_0/system.hdf'.
13:45:04 INFO  : 'configparams force-mem-access 1' command is executed.
13:45:04 INFO  : Context for 'APU' is selected.
13:45:04 INFO  : 'ps7_init' command is executed.
13:45:04 INFO  : 'ps7_post_config' command is executed.
13:45:04 INFO  : Context for processor 'ps7_cortexa9_0' is selected.
13:45:05 INFO  : The application 'C:/COSMOS_KJH/CosmosPlus_Cluster/CosmosPlus_DFTL_Cluster_DTRIM_Cache/CDTRIM/Build/CDTRIM/CDTRIM_CACHE/Debug/CDTRIM_CACHE.elf' is downloaded to processor 'ps7_cortexa9_0'.
13:45:05 INFO  : 'configparams force-mem-access 0' command is executed.
13:45:05 INFO  : ----------------XSDB Script----------------
connect -url tcp:127.0.0.1:3121
source C:/COSMOS_KJH/CosmosPlus_Cluster/CosmosPlus_DFTL_Cluster_DTRIM_Cache/CDTRIM/Build/CDTRIM/system_hw_platform_0/ps7_init.tcl
targets -set -nocase -filter {name =~"APU*" && jtag_cable_name =~ "Digilent JTAG-SMT2 210251A543E7"} -index 0
rst -system
after 3000
targets -set -filter {jtag_cable_name =~ "Digilent JTAG-SMT2 210251A543E7" && level==0} -index 1
fpga -file C:/COSMOS_KJH/CosmosPlus_Cluster/CosmosPlus_DFTL_Cluster_DTRIM_Cache/CDTRIM/Build/CDTRIM/system_hw_platform_0/OpenSSD2.bit
targets -set -nocase -filter {name =~"APU*" && jtag_cable_name =~ "Digilent JTAG-SMT2 210251A543E7"} -index 0
loadhw -hw C:/COSMOS_KJH/CosmosPlus_Cluster/CosmosPlus_DFTL_Cluster_DTRIM_Cache/CDTRIM/Build/CDTRIM/system_hw_platform_0/system.hdf -mem-ranges [list {0x40000000 0xbfffffff}]
configparams force-mem-access 1
targets -set -nocase -filter {name =~"APU*" && jtag_cable_name =~ "Digilent JTAG-SMT2 210251A543E7"} -index 0
ps7_init
ps7_post_config
targets -set -nocase -filter {name =~ "ARM*#0" && jtag_cable_name =~ "Digilent JTAG-SMT2 210251A543E7"} -index 0
dow C:/COSMOS_KJH/CosmosPlus_Cluster/CosmosPlus_DFTL_Cluster_DTRIM_Cache/CDTRIM/Build/CDTRIM/CDTRIM_CACHE/Debug/CDTRIM_CACHE.elf
configparams force-mem-access 0
----------------End of Script----------------

13:45:05 INFO  : Memory regions updated for context APU
13:45:05 INFO  : Context for processor 'ps7_cortexa9_0' is selected.
13:45:05 INFO  : 'con' command is executed.
13:45:05 INFO  : ----------------XSDB Script (After Launch)----------------
targets -set -nocase -filter {name =~ "ARM*#0" && jtag_cable_name =~ "Digilent JTAG-SMT2 210251A543E7"} -index 0
con
----------------End of Script----------------

13:45:05 INFO  : Launch script is exported to file 'C:\COSMOS_KJH\CosmosPlus_Cluster\CosmosPlus_DFTL_Cluster_DTRIM_Cache\CDTRIM\Build\CDTRIM\.sdk\launch_scripts\xilinx_c-c++_application_(system_debugger)\system_debugger_using_debug_cdtrim_cache.elf_on_local.tcl'
14:20:42 INFO  : Disconnected from the channel tcfchan#1.
14:20:43 INFO  : Connected to target on host '127.0.0.1' and port '3121'.
14:20:43 INFO  : Jtag cable 'Digilent JTAG-SMT2 210251A543E7' is selected.
14:20:43 INFO  : 'jtag frequency' command is executed.
14:20:43 INFO  : Sourcing of 'C:/COSMOS_KJH/CosmosPlus_Cluster/CosmosPlus_DFTL_Cluster_DTRIM_Cache/CDTRIM/Build/CDTRIM/system_hw_platform_0/ps7_init.tcl' is done.
14:20:43 INFO  : Context for 'APU' is selected.
14:20:44 INFO  : System reset is completed.
14:20:47 INFO  : 'after 3000' command is executed.
14:20:47 INFO  : 'targets -set -filter {jtag_cable_name =~ "Digilent JTAG-SMT2 210251A543E7" && level==0} -index 1' command is executed.
14:20:54 INFO  : FPGA configured successfully with bitstream "C:/COSMOS_KJH/CosmosPlus_Cluster/CosmosPlus_DFTL_Cluster_DTRIM_Cache/CDTRIM/Build/CDTRIM/system_hw_platform_0/OpenSSD2.bit"
14:20:54 INFO  : Context for 'APU' is selected.
14:20:59 INFO  : Hardware design information is loaded from 'C:/COSMOS_KJH/CosmosPlus_Cluster/CosmosPlus_DFTL_Cluster_DTRIM_Cache/CDTRIM/Build/CDTRIM/system_hw_platform_0/system.hdf'.
14:20:59 INFO  : 'configparams force-mem-access 1' command is executed.
14:20:59 INFO  : Context for 'APU' is selected.
14:21:00 INFO  : 'ps7_init' command is executed.
14:21:00 INFO  : 'ps7_post_config' command is executed.
14:21:00 INFO  : Context for processor 'ps7_cortexa9_0' is selected.
14:21:00 INFO  : The application 'C:/COSMOS_KJH/CosmosPlus_Cluster/CosmosPlus_DFTL_Cluster_DTRIM_Cache/CDTRIM/Build/CDTRIM/CDTRIM_CACHE/Debug/CDTRIM_CACHE.elf' is downloaded to processor 'ps7_cortexa9_0'.
14:21:00 INFO  : 'configparams force-mem-access 0' command is executed.
14:21:00 INFO  : ----------------XSDB Script----------------
connect -url tcp:127.0.0.1:3121
source C:/COSMOS_KJH/CosmosPlus_Cluster/CosmosPlus_DFTL_Cluster_DTRIM_Cache/CDTRIM/Build/CDTRIM/system_hw_platform_0/ps7_init.tcl
targets -set -nocase -filter {name =~"APU*" && jtag_cable_name =~ "Digilent JTAG-SMT2 210251A543E7"} -index 0
rst -system
after 3000
targets -set -filter {jtag_cable_name =~ "Digilent JTAG-SMT2 210251A543E7" && level==0} -index 1
fpga -file C:/COSMOS_KJH/CosmosPlus_Cluster/CosmosPlus_DFTL_Cluster_DTRIM_Cache/CDTRIM/Build/CDTRIM/system_hw_platform_0/OpenSSD2.bit
targets -set -nocase -filter {name =~"APU*" && jtag_cable_name =~ "Digilent JTAG-SMT2 210251A543E7"} -index 0
loadhw -hw C:/COSMOS_KJH/CosmosPlus_Cluster/CosmosPlus_DFTL_Cluster_DTRIM_Cache/CDTRIM/Build/CDTRIM/system_hw_platform_0/system.hdf -mem-ranges [list {0x40000000 0xbfffffff}]
configparams force-mem-access 1
targets -set -nocase -filter {name =~"APU*" && jtag_cable_name =~ "Digilent JTAG-SMT2 210251A543E7"} -index 0
ps7_init
ps7_post_config
targets -set -nocase -filter {name =~ "ARM*#0" && jtag_cable_name =~ "Digilent JTAG-SMT2 210251A543E7"} -index 0
dow C:/COSMOS_KJH/CosmosPlus_Cluster/CosmosPlus_DFTL_Cluster_DTRIM_Cache/CDTRIM/Build/CDTRIM/CDTRIM_CACHE/Debug/CDTRIM_CACHE.elf
configparams force-mem-access 0
----------------End of Script----------------

14:21:01 INFO  : Memory regions updated for context APU
14:21:01 INFO  : Context for processor 'ps7_cortexa9_0' is selected.
14:21:01 INFO  : 'con' command is executed.
14:21:01 INFO  : ----------------XSDB Script (After Launch)----------------
targets -set -nocase -filter {name =~ "ARM*#0" && jtag_cable_name =~ "Digilent JTAG-SMT2 210251A543E7"} -index 0
con
----------------End of Script----------------

14:21:01 INFO  : Launch script is exported to file 'C:\COSMOS_KJH\CosmosPlus_Cluster\CosmosPlus_DFTL_Cluster_DTRIM_Cache\CDTRIM\Build\CDTRIM\.sdk\launch_scripts\xilinx_c-c++_application_(system_debugger)\system_debugger_using_debug_cdtrim_cache.elf_on_local.tcl'
20:29:31 INFO  : Disconnected from the channel tcfchan#2.
20:29:32 INFO  : Connected to target on host '127.0.0.1' and port '3121'.
20:29:32 INFO  : Jtag cable 'Digilent JTAG-SMT2 210251A543E7' is selected.
20:29:32 INFO  : 'jtag frequency' command is executed.
20:29:32 INFO  : Sourcing of 'C:/COSMOS_KJH/CosmosPlus_Cluster/CosmosPlus_DFTL_Cluster_DTRIM_Cache/CDTRIM/Build/CDTRIM/system_hw_platform_0/ps7_init.tcl' is done.
20:29:32 INFO  : Context for 'APU' is selected.
20:29:32 INFO  : System reset is completed.
20:29:35 INFO  : 'after 3000' command is executed.
20:29:35 INFO  : 'targets -set -filter {jtag_cable_name =~ "Digilent JTAG-SMT2 210251A543E7" && level==0} -index 1' command is executed.
20:29:43 INFO  : FPGA configured successfully with bitstream "C:/COSMOS_KJH/CosmosPlus_Cluster/CosmosPlus_DFTL_Cluster_DTRIM_Cache/CDTRIM/Build/CDTRIM/system_hw_platform_0/OpenSSD2.bit"
20:29:43 INFO  : Context for 'APU' is selected.
20:29:50 INFO  : Hardware design information is loaded from 'C:/COSMOS_KJH/CosmosPlus_Cluster/CosmosPlus_DFTL_Cluster_DTRIM_Cache/CDTRIM/Build/CDTRIM/system_hw_platform_0/system.hdf'.
20:29:50 INFO  : 'configparams force-mem-access 1' command is executed.
20:29:50 INFO  : Context for 'APU' is selected.
20:29:51 INFO  : 'ps7_init' command is executed.
20:29:51 INFO  : 'ps7_post_config' command is executed.
20:29:51 INFO  : Context for processor 'ps7_cortexa9_0' is selected.
20:29:51 INFO  : The application 'C:/COSMOS_KJH/CosmosPlus_Cluster/CosmosPlus_DFTL_Cluster_DTRIM_Cache/CDTRIM/Build/CDTRIM/CDTRIM_CACHE/Debug/CDTRIM_CACHE.elf' is downloaded to processor 'ps7_cortexa9_0'.
20:29:51 INFO  : 'configparams force-mem-access 0' command is executed.
20:29:51 INFO  : ----------------XSDB Script----------------
connect -url tcp:127.0.0.1:3121
source C:/COSMOS_KJH/CosmosPlus_Cluster/CosmosPlus_DFTL_Cluster_DTRIM_Cache/CDTRIM/Build/CDTRIM/system_hw_platform_0/ps7_init.tcl
targets -set -nocase -filter {name =~"APU*" && jtag_cable_name =~ "Digilent JTAG-SMT2 210251A543E7"} -index 0
rst -system
after 3000
targets -set -filter {jtag_cable_name =~ "Digilent JTAG-SMT2 210251A543E7" && level==0} -index 1
fpga -file C:/COSMOS_KJH/CosmosPlus_Cluster/CosmosPlus_DFTL_Cluster_DTRIM_Cache/CDTRIM/Build/CDTRIM/system_hw_platform_0/OpenSSD2.bit
targets -set -nocase -filter {name =~"APU*" && jtag_cable_name =~ "Digilent JTAG-SMT2 210251A543E7"} -index 0
loadhw -hw C:/COSMOS_KJH/CosmosPlus_Cluster/CosmosPlus_DFTL_Cluster_DTRIM_Cache/CDTRIM/Build/CDTRIM/system_hw_platform_0/system.hdf -mem-ranges [list {0x40000000 0xbfffffff}]
configparams force-mem-access 1
targets -set -nocase -filter {name =~"APU*" && jtag_cable_name =~ "Digilent JTAG-SMT2 210251A543E7"} -index 0
ps7_init
ps7_post_config
targets -set -nocase -filter {name =~ "ARM*#0" && jtag_cable_name =~ "Digilent JTAG-SMT2 210251A543E7"} -index 0
dow C:/COSMOS_KJH/CosmosPlus_Cluster/CosmosPlus_DFTL_Cluster_DTRIM_Cache/CDTRIM/Build/CDTRIM/CDTRIM_CACHE/Debug/CDTRIM_CACHE.elf
configparams force-mem-access 0
----------------End of Script----------------

20:29:52 INFO  : Memory regions updated for context APU
20:29:52 INFO  : Context for processor 'ps7_cortexa9_0' is selected.
20:29:52 INFO  : 'con' command is executed.
20:29:52 INFO  : ----------------XSDB Script (After Launch)----------------
targets -set -nocase -filter {name =~ "ARM*#0" && jtag_cable_name =~ "Digilent JTAG-SMT2 210251A543E7"} -index 0
con
----------------End of Script----------------

20:29:52 INFO  : Launch script is exported to file 'C:\COSMOS_KJH\CosmosPlus_Cluster\CosmosPlus_DFTL_Cluster_DTRIM_Cache\CDTRIM\Build\CDTRIM\.sdk\launch_scripts\xilinx_c-c++_application_(system_debugger)\system_debugger_using_debug_cdtrim_cache.elf_on_local.tcl'
21:04:53 INFO  : Disconnected from the channel tcfchan#3.
21:04:54 INFO  : Connected to target on host '127.0.0.1' and port '3121'.
21:04:54 INFO  : Jtag cable 'Digilent JTAG-SMT2 210251A543E7' is selected.
21:04:54 INFO  : 'jtag frequency' command is executed.
21:04:54 INFO  : Sourcing of 'C:/COSMOS_KJH/CosmosPlus_Cluster/CosmosPlus_DFTL_Cluster_DTRIM_Cache/CDTRIM/Build/CDTRIM/system_hw_platform_0/ps7_init.tcl' is done.
21:04:55 INFO  : Context for 'APU' is selected.
21:04:55 INFO  : System reset is completed.
21:04:58 INFO  : 'after 3000' command is executed.
21:04:58 INFO  : 'targets -set -filter {jtag_cable_name =~ "Digilent JTAG-SMT2 210251A543E7" && level==0} -index 1' command is executed.
21:05:05 INFO  : FPGA configured successfully with bitstream "C:/COSMOS_KJH/CosmosPlus_Cluster/CosmosPlus_DFTL_Cluster_DTRIM_Cache/CDTRIM/Build/CDTRIM/system_hw_platform_0/OpenSSD2.bit"
21:05:05 INFO  : Context for 'APU' is selected.
21:05:10 INFO  : Hardware design information is loaded from 'C:/COSMOS_KJH/CosmosPlus_Cluster/CosmosPlus_DFTL_Cluster_DTRIM_Cache/CDTRIM/Build/CDTRIM/system_hw_platform_0/system.hdf'.
21:05:10 INFO  : 'configparams force-mem-access 1' command is executed.
21:05:10 INFO  : Context for 'APU' is selected.
21:05:10 INFO  : 'ps7_init' command is executed.
21:05:10 INFO  : 'ps7_post_config' command is executed.
21:05:10 INFO  : Context for processor 'ps7_cortexa9_0' is selected.
21:05:11 INFO  : The application 'C:/COSMOS_KJH/CosmosPlus_Cluster/CosmosPlus_DFTL_Cluster_DTRIM_Cache/CDTRIM/Build/CDTRIM/CDTRIM_CACHE/Debug/CDTRIM_CACHE.elf' is downloaded to processor 'ps7_cortexa9_0'.
21:05:11 INFO  : 'configparams force-mem-access 0' command is executed.
21:05:11 INFO  : ----------------XSDB Script----------------
connect -url tcp:127.0.0.1:3121
source C:/COSMOS_KJH/CosmosPlus_Cluster/CosmosPlus_DFTL_Cluster_DTRIM_Cache/CDTRIM/Build/CDTRIM/system_hw_platform_0/ps7_init.tcl
targets -set -nocase -filter {name =~"APU*" && jtag_cable_name =~ "Digilent JTAG-SMT2 210251A543E7"} -index 0
rst -system
after 3000
targets -set -filter {jtag_cable_name =~ "Digilent JTAG-SMT2 210251A543E7" && level==0} -index 1
fpga -file C:/COSMOS_KJH/CosmosPlus_Cluster/CosmosPlus_DFTL_Cluster_DTRIM_Cache/CDTRIM/Build/CDTRIM/system_hw_platform_0/OpenSSD2.bit
targets -set -nocase -filter {name =~"APU*" && jtag_cable_name =~ "Digilent JTAG-SMT2 210251A543E7"} -index 0
loadhw -hw C:/COSMOS_KJH/CosmosPlus_Cluster/CosmosPlus_DFTL_Cluster_DTRIM_Cache/CDTRIM/Build/CDTRIM/system_hw_platform_0/system.hdf -mem-ranges [list {0x40000000 0xbfffffff}]
configparams force-mem-access 1
targets -set -nocase -filter {name =~"APU*" && jtag_cable_name =~ "Digilent JTAG-SMT2 210251A543E7"} -index 0
ps7_init
ps7_post_config
targets -set -nocase -filter {name =~ "ARM*#0" && jtag_cable_name =~ "Digilent JTAG-SMT2 210251A543E7"} -index 0
dow C:/COSMOS_KJH/CosmosPlus_Cluster/CosmosPlus_DFTL_Cluster_DTRIM_Cache/CDTRIM/Build/CDTRIM/CDTRIM_CACHE/Debug/CDTRIM_CACHE.elf
configparams force-mem-access 0
----------------End of Script----------------

21:05:11 INFO  : Memory regions updated for context APU
21:05:11 INFO  : Context for processor 'ps7_cortexa9_0' is selected.
21:05:11 INFO  : 'con' command is executed.
21:05:11 INFO  : ----------------XSDB Script (After Launch)----------------
targets -set -nocase -filter {name =~ "ARM*#0" && jtag_cable_name =~ "Digilent JTAG-SMT2 210251A543E7"} -index 0
con
----------------End of Script----------------

21:05:11 INFO  : Launch script is exported to file 'C:\COSMOS_KJH\CosmosPlus_Cluster\CosmosPlus_DFTL_Cluster_DTRIM_Cache\CDTRIM\Build\CDTRIM\.sdk\launch_scripts\xilinx_c-c++_application_(system_debugger)\system_debugger_using_debug_cdtrim_cache.elf_on_local.tcl'
21:41:42 INFO  : Disconnected from the channel tcfchan#4.
21:41:43 INFO  : Connected to target on host '127.0.0.1' and port '3121'.
21:41:44 INFO  : Jtag cable 'Digilent JTAG-SMT2 210251A543E7' is selected.
21:41:44 INFO  : 'jtag frequency' command is executed.
21:41:44 INFO  : Sourcing of 'C:/COSMOS_KJH/CosmosPlus_Cluster/CosmosPlus_DFTL_Cluster_DTRIM_Cache/CDTRIM/Build/CDTRIM/system_hw_platform_0/ps7_init.tcl' is done.
21:41:44 INFO  : Context for 'APU' is selected.
21:41:44 INFO  : System reset is completed.
21:41:47 INFO  : 'after 3000' command is executed.
21:41:47 INFO  : 'targets -set -filter {jtag_cable_name =~ "Digilent JTAG-SMT2 210251A543E7" && level==0} -index 1' command is executed.
21:41:55 INFO  : FPGA configured successfully with bitstream "C:/COSMOS_KJH/CosmosPlus_Cluster/CosmosPlus_DFTL_Cluster_DTRIM_Cache/CDTRIM/Build/CDTRIM/system_hw_platform_0/OpenSSD2.bit"
21:41:55 INFO  : Context for 'APU' is selected.
21:42:00 INFO  : Hardware design information is loaded from 'C:/COSMOS_KJH/CosmosPlus_Cluster/CosmosPlus_DFTL_Cluster_DTRIM_Cache/CDTRIM/Build/CDTRIM/system_hw_platform_0/system.hdf'.
21:42:00 INFO  : 'configparams force-mem-access 1' command is executed.
21:42:00 INFO  : Context for 'APU' is selected.
21:42:00 INFO  : 'ps7_init' command is executed.
21:42:00 INFO  : 'ps7_post_config' command is executed.
21:42:00 INFO  : Context for processor 'ps7_cortexa9_0' is selected.
21:42:00 INFO  : The application 'C:/COSMOS_KJH/CosmosPlus_Cluster/CosmosPlus_DFTL_Cluster_DTRIM_Cache/CDTRIM/Build/CDTRIM/CDTRIM_CACHE/Debug/CDTRIM_CACHE.elf' is downloaded to processor 'ps7_cortexa9_0'.
21:42:00 INFO  : 'configparams force-mem-access 0' command is executed.
21:42:00 INFO  : ----------------XSDB Script----------------
connect -url tcp:127.0.0.1:3121
source C:/COSMOS_KJH/CosmosPlus_Cluster/CosmosPlus_DFTL_Cluster_DTRIM_Cache/CDTRIM/Build/CDTRIM/system_hw_platform_0/ps7_init.tcl
targets -set -nocase -filter {name =~"APU*" && jtag_cable_name =~ "Digilent JTAG-SMT2 210251A543E7"} -index 0
rst -system
after 3000
targets -set -filter {jtag_cable_name =~ "Digilent JTAG-SMT2 210251A543E7" && level==0} -index 1
fpga -file C:/COSMOS_KJH/CosmosPlus_Cluster/CosmosPlus_DFTL_Cluster_DTRIM_Cache/CDTRIM/Build/CDTRIM/system_hw_platform_0/OpenSSD2.bit
targets -set -nocase -filter {name =~"APU*" && jtag_cable_name =~ "Digilent JTAG-SMT2 210251A543E7"} -index 0
loadhw -hw C:/COSMOS_KJH/CosmosPlus_Cluster/CosmosPlus_DFTL_Cluster_DTRIM_Cache/CDTRIM/Build/CDTRIM/system_hw_platform_0/system.hdf -mem-ranges [list {0x40000000 0xbfffffff}]
configparams force-mem-access 1
targets -set -nocase -filter {name =~"APU*" && jtag_cable_name =~ "Digilent JTAG-SMT2 210251A543E7"} -index 0
ps7_init
ps7_post_config
targets -set -nocase -filter {name =~ "ARM*#0" && jtag_cable_name =~ "Digilent JTAG-SMT2 210251A543E7"} -index 0
dow C:/COSMOS_KJH/CosmosPlus_Cluster/CosmosPlus_DFTL_Cluster_DTRIM_Cache/CDTRIM/Build/CDTRIM/CDTRIM_CACHE/Debug/CDTRIM_CACHE.elf
configparams force-mem-access 0
----------------End of Script----------------

21:42:01 INFO  : Memory regions updated for context APU
21:42:01 INFO  : Context for processor 'ps7_cortexa9_0' is selected.
21:42:01 INFO  : 'con' command is executed.
21:42:01 INFO  : ----------------XSDB Script (After Launch)----------------
targets -set -nocase -filter {name =~ "ARM*#0" && jtag_cable_name =~ "Digilent JTAG-SMT2 210251A543E7"} -index 0
con
----------------End of Script----------------

21:42:01 INFO  : Launch script is exported to file 'C:\COSMOS_KJH\CosmosPlus_Cluster\CosmosPlus_DFTL_Cluster_DTRIM_Cache\CDTRIM\Build\CDTRIM\.sdk\launch_scripts\xilinx_c-c++_application_(system_debugger)\system_debugger_using_debug_cdtrim_cache.elf_on_local.tcl'
22:16:13 INFO  : Disconnected from the channel tcfchan#5.
22:16:14 INFO  : Connected to target on host '127.0.0.1' and port '3121'.
22:16:14 INFO  : Jtag cable 'Digilent JTAG-SMT2 210251A543E7' is selected.
22:16:14 INFO  : 'jtag frequency' command is executed.
22:16:14 INFO  : Sourcing of 'C:/COSMOS_KJH/CosmosPlus_Cluster/CosmosPlus_DFTL_Cluster_DTRIM_Cache/CDTRIM/Build/CDTRIM/system_hw_platform_0/ps7_init.tcl' is done.
22:16:14 INFO  : Context for 'APU' is selected.
22:16:14 INFO  : System reset is completed.
22:16:17 INFO  : 'after 3000' command is executed.
22:16:17 INFO  : 'targets -set -filter {jtag_cable_name =~ "Digilent JTAG-SMT2 210251A543E7" && level==0} -index 1' command is executed.
22:16:25 INFO  : FPGA configured successfully with bitstream "C:/COSMOS_KJH/CosmosPlus_Cluster/CosmosPlus_DFTL_Cluster_DTRIM_Cache/CDTRIM/Build/CDTRIM/system_hw_platform_0/OpenSSD2.bit"
22:16:25 INFO  : Context for 'APU' is selected.
22:16:30 INFO  : Hardware design information is loaded from 'C:/COSMOS_KJH/CosmosPlus_Cluster/CosmosPlus_DFTL_Cluster_DTRIM_Cache/CDTRIM/Build/CDTRIM/system_hw_platform_0/system.hdf'.
22:16:31 INFO  : 'configparams force-mem-access 1' command is executed.
22:16:31 INFO  : Context for 'APU' is selected.
22:16:31 INFO  : 'ps7_init' command is executed.
22:16:31 INFO  : 'ps7_post_config' command is executed.
22:16:31 INFO  : Context for processor 'ps7_cortexa9_0' is selected.
22:16:31 INFO  : The application 'C:/COSMOS_KJH/CosmosPlus_Cluster/CosmosPlus_DFTL_Cluster_DTRIM_Cache/CDTRIM/Build/CDTRIM/CDTRIM_CACHE/Debug/CDTRIM_CACHE.elf' is downloaded to processor 'ps7_cortexa9_0'.
22:16:32 INFO  : 'configparams force-mem-access 0' command is executed.
22:16:32 INFO  : ----------------XSDB Script----------------
connect -url tcp:127.0.0.1:3121
source C:/COSMOS_KJH/CosmosPlus_Cluster/CosmosPlus_DFTL_Cluster_DTRIM_Cache/CDTRIM/Build/CDTRIM/system_hw_platform_0/ps7_init.tcl
targets -set -nocase -filter {name =~"APU*" && jtag_cable_name =~ "Digilent JTAG-SMT2 210251A543E7"} -index 0
rst -system
after 3000
targets -set -filter {jtag_cable_name =~ "Digilent JTAG-SMT2 210251A543E7" && level==0} -index 1
fpga -file C:/COSMOS_KJH/CosmosPlus_Cluster/CosmosPlus_DFTL_Cluster_DTRIM_Cache/CDTRIM/Build/CDTRIM/system_hw_platform_0/OpenSSD2.bit
targets -set -nocase -filter {name =~"APU*" && jtag_cable_name =~ "Digilent JTAG-SMT2 210251A543E7"} -index 0
loadhw -hw C:/COSMOS_KJH/CosmosPlus_Cluster/CosmosPlus_DFTL_Cluster_DTRIM_Cache/CDTRIM/Build/CDTRIM/system_hw_platform_0/system.hdf -mem-ranges [list {0x40000000 0xbfffffff}]
configparams force-mem-access 1
targets -set -nocase -filter {name =~"APU*" && jtag_cable_name =~ "Digilent JTAG-SMT2 210251A543E7"} -index 0
ps7_init
ps7_post_config
targets -set -nocase -filter {name =~ "ARM*#0" && jtag_cable_name =~ "Digilent JTAG-SMT2 210251A543E7"} -index 0
dow C:/COSMOS_KJH/CosmosPlus_Cluster/CosmosPlus_DFTL_Cluster_DTRIM_Cache/CDTRIM/Build/CDTRIM/CDTRIM_CACHE/Debug/CDTRIM_CACHE.elf
configparams force-mem-access 0
----------------End of Script----------------

22:16:32 INFO  : Memory regions updated for context APU
22:16:32 INFO  : Context for processor 'ps7_cortexa9_0' is selected.
22:16:32 INFO  : 'con' command is executed.
22:16:32 INFO  : ----------------XSDB Script (After Launch)----------------
targets -set -nocase -filter {name =~ "ARM*#0" && jtag_cable_name =~ "Digilent JTAG-SMT2 210251A543E7"} -index 0
con
----------------End of Script----------------

22:16:32 INFO  : Launch script is exported to file 'C:\COSMOS_KJH\CosmosPlus_Cluster\CosmosPlus_DFTL_Cluster_DTRIM_Cache\CDTRIM\Build\CDTRIM\.sdk\launch_scripts\xilinx_c-c++_application_(system_debugger)\system_debugger_using_debug_cdtrim_cache.elf_on_local.tcl'
15:00:08 INFO  : Disconnected from the channel tcfchan#6.
15:00:09 INFO  : Connected to target on host '127.0.0.1' and port '3121'.
15:00:09 INFO  : Jtag cable 'Digilent JTAG-SMT2 210251A543E7' is selected.
15:00:09 INFO  : 'jtag frequency' command is executed.
15:00:09 INFO  : Sourcing of 'C:/COSMOS_KJH/CosmosPlus_Cluster/CosmosPlus_DFTL_Cluster_DTRIM_Cache/CDTRIM/Build/CDTRIM/system_hw_platform_0/ps7_init.tcl' is done.
15:00:09 INFO  : Context for 'APU' is selected.
15:00:09 INFO  : System reset is completed.
15:00:12 INFO  : 'after 3000' command is executed.
15:00:12 INFO  : 'targets -set -filter {jtag_cable_name =~ "Digilent JTAG-SMT2 210251A543E7" && level==0} -index 1' command is executed.
15:00:20 INFO  : FPGA configured successfully with bitstream "C:/COSMOS_KJH/CosmosPlus_Cluster/CosmosPlus_DFTL_Cluster_DTRIM_Cache/CDTRIM/Build/CDTRIM/system_hw_platform_0/OpenSSD2.bit"
15:00:20 INFO  : Context for 'APU' is selected.
15:00:24 INFO  : Hardware design information is loaded from 'C:/COSMOS_KJH/CosmosPlus_Cluster/CosmosPlus_DFTL_Cluster_DTRIM_Cache/CDTRIM/Build/CDTRIM/system_hw_platform_0/system.hdf'.
15:00:24 INFO  : 'configparams force-mem-access 1' command is executed.
15:00:24 INFO  : Context for 'APU' is selected.
15:00:25 INFO  : 'ps7_init' command is executed.
15:00:25 INFO  : 'ps7_post_config' command is executed.
15:00:25 INFO  : Context for processor 'ps7_cortexa9_0' is selected.
15:00:25 INFO  : The application 'C:/COSMOS_KJH/CosmosPlus_Cluster/CosmosPlus_DFTL_Cluster_DTRIM_Cache/CDTRIM/Build/CDTRIM/CDTRIM_CACHE/Debug/CDTRIM_CACHE.elf' is downloaded to processor 'ps7_cortexa9_0'.
15:00:25 INFO  : 'configparams force-mem-access 0' command is executed.
15:00:25 INFO  : ----------------XSDB Script----------------
connect -url tcp:127.0.0.1:3121
source C:/COSMOS_KJH/CosmosPlus_Cluster/CosmosPlus_DFTL_Cluster_DTRIM_Cache/CDTRIM/Build/CDTRIM/system_hw_platform_0/ps7_init.tcl
targets -set -nocase -filter {name =~"APU*" && jtag_cable_name =~ "Digilent JTAG-SMT2 210251A543E7"} -index 0
rst -system
after 3000
targets -set -filter {jtag_cable_name =~ "Digilent JTAG-SMT2 210251A543E7" && level==0} -index 1
fpga -file C:/COSMOS_KJH/CosmosPlus_Cluster/CosmosPlus_DFTL_Cluster_DTRIM_Cache/CDTRIM/Build/CDTRIM/system_hw_platform_0/OpenSSD2.bit
targets -set -nocase -filter {name =~"APU*" && jtag_cable_name =~ "Digilent JTAG-SMT2 210251A543E7"} -index 0
loadhw -hw C:/COSMOS_KJH/CosmosPlus_Cluster/CosmosPlus_DFTL_Cluster_DTRIM_Cache/CDTRIM/Build/CDTRIM/system_hw_platform_0/system.hdf -mem-ranges [list {0x40000000 0xbfffffff}]
configparams force-mem-access 1
targets -set -nocase -filter {name =~"APU*" && jtag_cable_name =~ "Digilent JTAG-SMT2 210251A543E7"} -index 0
ps7_init
ps7_post_config
targets -set -nocase -filter {name =~ "ARM*#0" && jtag_cable_name =~ "Digilent JTAG-SMT2 210251A543E7"} -index 0
dow C:/COSMOS_KJH/CosmosPlus_Cluster/CosmosPlus_DFTL_Cluster_DTRIM_Cache/CDTRIM/Build/CDTRIM/CDTRIM_CACHE/Debug/CDTRIM_CACHE.elf
configparams force-mem-access 0
----------------End of Script----------------

15:00:25 INFO  : Memory regions updated for context APU
15:00:25 INFO  : Context for processor 'ps7_cortexa9_0' is selected.
15:00:25 INFO  : 'con' command is executed.
15:00:25 INFO  : ----------------XSDB Script (After Launch)----------------
targets -set -nocase -filter {name =~ "ARM*#0" && jtag_cable_name =~ "Digilent JTAG-SMT2 210251A543E7"} -index 0
con
----------------End of Script----------------

15:00:25 INFO  : Launch script is exported to file 'C:\COSMOS_KJH\CosmosPlus_Cluster\CosmosPlus_DFTL_Cluster_DTRIM_Cache\CDTRIM\Build\CDTRIM\.sdk\launch_scripts\xilinx_c-c++_application_(system_debugger)\system_debugger_using_debug_cdtrim_cache.elf_on_local.tcl'
15:39:28 INFO  : Disconnected from the channel tcfchan#7.
15:39:29 INFO  : Connected to target on host '127.0.0.1' and port '3121'.
15:39:29 INFO  : Jtag cable 'Digilent JTAG-SMT2 210251A543E7' is selected.
15:39:29 INFO  : 'jtag frequency' command is executed.
15:39:29 INFO  : Sourcing of 'C:/COSMOS_KJH/CosmosPlus_Cluster/CosmosPlus_DFTL_Cluster_DTRIM_Cache/CDTRIM/Build/CDTRIM/system_hw_platform_0/ps7_init.tcl' is done.
15:39:29 INFO  : Context for 'APU' is selected.
15:39:29 INFO  : System reset is completed.
15:39:32 INFO  : 'after 3000' command is executed.
15:39:32 INFO  : 'targets -set -filter {jtag_cable_name =~ "Digilent JTAG-SMT2 210251A543E7" && level==0} -index 1' command is executed.
15:39:40 INFO  : FPGA configured successfully with bitstream "C:/COSMOS_KJH/CosmosPlus_Cluster/CosmosPlus_DFTL_Cluster_DTRIM_Cache/CDTRIM/Build/CDTRIM/system_hw_platform_0/OpenSSD2.bit"
15:39:40 INFO  : Context for 'APU' is selected.
15:39:45 INFO  : Hardware design information is loaded from 'C:/COSMOS_KJH/CosmosPlus_Cluster/CosmosPlus_DFTL_Cluster_DTRIM_Cache/CDTRIM/Build/CDTRIM/system_hw_platform_0/system.hdf'.
15:39:45 INFO  : 'configparams force-mem-access 1' command is executed.
15:39:45 INFO  : Context for 'APU' is selected.
15:39:45 INFO  : 'ps7_init' command is executed.
15:39:45 INFO  : 'ps7_post_config' command is executed.
15:39:45 INFO  : Context for processor 'ps7_cortexa9_0' is selected.
15:39:46 INFO  : The application 'C:/COSMOS_KJH/CosmosPlus_Cluster/CosmosPlus_DFTL_Cluster_DTRIM_Cache/CDTRIM/Build/CDTRIM/CDTRIM_CACHE/Debug/CDTRIM_CACHE.elf' is downloaded to processor 'ps7_cortexa9_0'.
15:39:46 INFO  : 'configparams force-mem-access 0' command is executed.
15:39:46 INFO  : ----------------XSDB Script----------------
connect -url tcp:127.0.0.1:3121
source C:/COSMOS_KJH/CosmosPlus_Cluster/CosmosPlus_DFTL_Cluster_DTRIM_Cache/CDTRIM/Build/CDTRIM/system_hw_platform_0/ps7_init.tcl
targets -set -nocase -filter {name =~"APU*" && jtag_cable_name =~ "Digilent JTAG-SMT2 210251A543E7"} -index 0
rst -system
after 3000
targets -set -filter {jtag_cable_name =~ "Digilent JTAG-SMT2 210251A543E7" && level==0} -index 1
fpga -file C:/COSMOS_KJH/CosmosPlus_Cluster/CosmosPlus_DFTL_Cluster_DTRIM_Cache/CDTRIM/Build/CDTRIM/system_hw_platform_0/OpenSSD2.bit
targets -set -nocase -filter {name =~"APU*" && jtag_cable_name =~ "Digilent JTAG-SMT2 210251A543E7"} -index 0
loadhw -hw C:/COSMOS_KJH/CosmosPlus_Cluster/CosmosPlus_DFTL_Cluster_DTRIM_Cache/CDTRIM/Build/CDTRIM/system_hw_platform_0/system.hdf -mem-ranges [list {0x40000000 0xbfffffff}]
configparams force-mem-access 1
targets -set -nocase -filter {name =~"APU*" && jtag_cable_name =~ "Digilent JTAG-SMT2 210251A543E7"} -index 0
ps7_init
ps7_post_config
targets -set -nocase -filter {name =~ "ARM*#0" && jtag_cable_name =~ "Digilent JTAG-SMT2 210251A543E7"} -index 0
dow C:/COSMOS_KJH/CosmosPlus_Cluster/CosmosPlus_DFTL_Cluster_DTRIM_Cache/CDTRIM/Build/CDTRIM/CDTRIM_CACHE/Debug/CDTRIM_CACHE.elf
configparams force-mem-access 0
----------------End of Script----------------

15:39:46 INFO  : Memory regions updated for context APU
15:39:46 INFO  : Context for processor 'ps7_cortexa9_0' is selected.
15:39:46 INFO  : 'con' command is executed.
15:39:46 INFO  : ----------------XSDB Script (After Launch)----------------
targets -set -nocase -filter {name =~ "ARM*#0" && jtag_cable_name =~ "Digilent JTAG-SMT2 210251A543E7"} -index 0
con
----------------End of Script----------------

15:39:46 INFO  : Launch script is exported to file 'C:\COSMOS_KJH\CosmosPlus_Cluster\CosmosPlus_DFTL_Cluster_DTRIM_Cache\CDTRIM\Build\CDTRIM\.sdk\launch_scripts\xilinx_c-c++_application_(system_debugger)\system_debugger_using_debug_cdtrim_cache.elf_on_local.tcl'
16:33:36 INFO  : Disconnected from the channel tcfchan#8.
16:33:37 INFO  : Connected to target on host '127.0.0.1' and port '3121'.
16:33:38 INFO  : Jtag cable 'Digilent JTAG-SMT2 210251A543E7' is selected.
16:33:38 INFO  : 'jtag frequency' command is executed.
16:33:38 INFO  : Sourcing of 'C:/COSMOS_KJH/CosmosPlus_Cluster/CosmosPlus_DFTL_Cluster_DTRIM_Cache/CDTRIM/Build/CDTRIM/system_hw_platform_0/ps7_init.tcl' is done.
16:33:38 INFO  : Context for 'APU' is selected.
16:33:38 INFO  : System reset is completed.
16:33:41 INFO  : 'after 3000' command is executed.
16:33:41 INFO  : 'targets -set -filter {jtag_cable_name =~ "Digilent JTAG-SMT2 210251A543E7" && level==0} -index 1' command is executed.
16:33:48 INFO  : FPGA configured successfully with bitstream "C:/COSMOS_KJH/CosmosPlus_Cluster/CosmosPlus_DFTL_Cluster_DTRIM_Cache/CDTRIM/Build/CDTRIM/system_hw_platform_0/OpenSSD2.bit"
16:33:49 INFO  : Context for 'APU' is selected.
16:33:54 INFO  : Hardware design information is loaded from 'C:/COSMOS_KJH/CosmosPlus_Cluster/CosmosPlus_DFTL_Cluster_DTRIM_Cache/CDTRIM/Build/CDTRIM/system_hw_platform_0/system.hdf'.
16:33:54 INFO  : 'configparams force-mem-access 1' command is executed.
16:33:54 INFO  : Context for 'APU' is selected.
16:33:55 INFO  : 'ps7_init' command is executed.
16:33:55 INFO  : 'ps7_post_config' command is executed.
16:33:55 INFO  : Context for processor 'ps7_cortexa9_0' is selected.
16:33:55 INFO  : The application 'C:/COSMOS_KJH/CosmosPlus_Cluster/CosmosPlus_DFTL_Cluster_DTRIM_Cache/CDTRIM/Build/CDTRIM/CDTRIM_CACHE/Debug/CDTRIM_CACHE.elf' is downloaded to processor 'ps7_cortexa9_0'.
16:33:55 INFO  : 'configparams force-mem-access 0' command is executed.
16:33:55 INFO  : ----------------XSDB Script----------------
connect -url tcp:127.0.0.1:3121
source C:/COSMOS_KJH/CosmosPlus_Cluster/CosmosPlus_DFTL_Cluster_DTRIM_Cache/CDTRIM/Build/CDTRIM/system_hw_platform_0/ps7_init.tcl
targets -set -nocase -filter {name =~"APU*" && jtag_cable_name =~ "Digilent JTAG-SMT2 210251A543E7"} -index 0
rst -system
after 3000
targets -set -filter {jtag_cable_name =~ "Digilent JTAG-SMT2 210251A543E7" && level==0} -index 1
fpga -file C:/COSMOS_KJH/CosmosPlus_Cluster/CosmosPlus_DFTL_Cluster_DTRIM_Cache/CDTRIM/Build/CDTRIM/system_hw_platform_0/OpenSSD2.bit
targets -set -nocase -filter {name =~"APU*" && jtag_cable_name =~ "Digilent JTAG-SMT2 210251A543E7"} -index 0
loadhw -hw C:/COSMOS_KJH/CosmosPlus_Cluster/CosmosPlus_DFTL_Cluster_DTRIM_Cache/CDTRIM/Build/CDTRIM/system_hw_platform_0/system.hdf -mem-ranges [list {0x40000000 0xbfffffff}]
configparams force-mem-access 1
targets -set -nocase -filter {name =~"APU*" && jtag_cable_name =~ "Digilent JTAG-SMT2 210251A543E7"} -index 0
ps7_init
ps7_post_config
targets -set -nocase -filter {name =~ "ARM*#0" && jtag_cable_name =~ "Digilent JTAG-SMT2 210251A543E7"} -index 0
dow C:/COSMOS_KJH/CosmosPlus_Cluster/CosmosPlus_DFTL_Cluster_DTRIM_Cache/CDTRIM/Build/CDTRIM/CDTRIM_CACHE/Debug/CDTRIM_CACHE.elf
configparams force-mem-access 0
----------------End of Script----------------

16:33:56 INFO  : Memory regions updated for context APU
16:33:56 INFO  : Context for processor 'ps7_cortexa9_0' is selected.
16:33:56 INFO  : 'con' command is executed.
16:33:56 INFO  : ----------------XSDB Script (After Launch)----------------
targets -set -nocase -filter {name =~ "ARM*#0" && jtag_cable_name =~ "Digilent JTAG-SMT2 210251A543E7"} -index 0
con
----------------End of Script----------------

16:33:56 INFO  : Launch script is exported to file 'C:\COSMOS_KJH\CosmosPlus_Cluster\CosmosPlus_DFTL_Cluster_DTRIM_Cache\CDTRIM\Build\CDTRIM\.sdk\launch_scripts\xilinx_c-c++_application_(system_debugger)\system_debugger_using_debug_cdtrim_cache.elf_on_local.tcl'
20:33:59 INFO  : Disconnected from the channel tcfchan#9.
20:34:00 INFO  : Connected to target on host '127.0.0.1' and port '3121'.
20:34:00 INFO  : Jtag cable 'Digilent JTAG-SMT2 210251A543E7' is selected.
20:34:00 INFO  : 'jtag frequency' command is executed.
20:34:00 INFO  : Sourcing of 'C:/COSMOS_KJH/CosmosPlus_Cluster/CosmosPlus_DFTL_Cluster_DTRIM_Cache/CDTRIM/Build/CDTRIM/system_hw_platform_0/ps7_init.tcl' is done.
20:34:00 INFO  : Context for 'APU' is selected.
20:34:00 INFO  : System reset is completed.
20:34:03 INFO  : 'after 3000' command is executed.
20:34:03 INFO  : 'targets -set -filter {jtag_cable_name =~ "Digilent JTAG-SMT2 210251A543E7" && level==0} -index 1' command is executed.
20:34:11 INFO  : FPGA configured successfully with bitstream "C:/COSMOS_KJH/CosmosPlus_Cluster/CosmosPlus_DFTL_Cluster_DTRIM_Cache/CDTRIM/Build/CDTRIM/system_hw_platform_0/OpenSSD2.bit"
20:34:11 INFO  : Context for 'APU' is selected.
20:34:16 INFO  : Hardware design information is loaded from 'C:/COSMOS_KJH/CosmosPlus_Cluster/CosmosPlus_DFTL_Cluster_DTRIM_Cache/CDTRIM/Build/CDTRIM/system_hw_platform_0/system.hdf'.
20:34:16 INFO  : 'configparams force-mem-access 1' command is executed.
20:34:16 INFO  : Context for 'APU' is selected.
20:34:17 INFO  : 'ps7_init' command is executed.
20:34:17 INFO  : 'ps7_post_config' command is executed.
20:34:17 INFO  : Context for processor 'ps7_cortexa9_0' is selected.
20:34:17 INFO  : The application 'C:/COSMOS_KJH/CosmosPlus_Cluster/CosmosPlus_DFTL_Cluster_DTRIM_Cache/CDTRIM/Build/CDTRIM/CDTRIM_CACHE/Debug/CDTRIM_CACHE.elf' is downloaded to processor 'ps7_cortexa9_0'.
20:34:17 INFO  : 'configparams force-mem-access 0' command is executed.
20:34:17 INFO  : ----------------XSDB Script----------------
connect -url tcp:127.0.0.1:3121
source C:/COSMOS_KJH/CosmosPlus_Cluster/CosmosPlus_DFTL_Cluster_DTRIM_Cache/CDTRIM/Build/CDTRIM/system_hw_platform_0/ps7_init.tcl
targets -set -nocase -filter {name =~"APU*" && jtag_cable_name =~ "Digilent JTAG-SMT2 210251A543E7"} -index 0
rst -system
after 3000
targets -set -filter {jtag_cable_name =~ "Digilent JTAG-SMT2 210251A543E7" && level==0} -index 1
fpga -file C:/COSMOS_KJH/CosmosPlus_Cluster/CosmosPlus_DFTL_Cluster_DTRIM_Cache/CDTRIM/Build/CDTRIM/system_hw_platform_0/OpenSSD2.bit
targets -set -nocase -filter {name =~"APU*" && jtag_cable_name =~ "Digilent JTAG-SMT2 210251A543E7"} -index 0
loadhw -hw C:/COSMOS_KJH/CosmosPlus_Cluster/CosmosPlus_DFTL_Cluster_DTRIM_Cache/CDTRIM/Build/CDTRIM/system_hw_platform_0/system.hdf -mem-ranges [list {0x40000000 0xbfffffff}]
configparams force-mem-access 1
targets -set -nocase -filter {name =~"APU*" && jtag_cable_name =~ "Digilent JTAG-SMT2 210251A543E7"} -index 0
ps7_init
ps7_post_config
targets -set -nocase -filter {name =~ "ARM*#0" && jtag_cable_name =~ "Digilent JTAG-SMT2 210251A543E7"} -index 0
dow C:/COSMOS_KJH/CosmosPlus_Cluster/CosmosPlus_DFTL_Cluster_DTRIM_Cache/CDTRIM/Build/CDTRIM/CDTRIM_CACHE/Debug/CDTRIM_CACHE.elf
configparams force-mem-access 0
----------------End of Script----------------

20:34:17 INFO  : Memory regions updated for context APU
20:34:17 INFO  : Context for processor 'ps7_cortexa9_0' is selected.
20:34:17 INFO  : 'con' command is executed.
20:34:17 INFO  : ----------------XSDB Script (After Launch)----------------
targets -set -nocase -filter {name =~ "ARM*#0" && jtag_cable_name =~ "Digilent JTAG-SMT2 210251A543E7"} -index 0
con
----------------End of Script----------------

20:34:17 INFO  : Launch script is exported to file 'C:\COSMOS_KJH\CosmosPlus_Cluster\CosmosPlus_DFTL_Cluster_DTRIM_Cache\CDTRIM\Build\CDTRIM\.sdk\launch_scripts\xilinx_c-c++_application_(system_debugger)\system_debugger_using_debug_cdtrim_cache.elf_on_local.tcl'
21:11:38 INFO  : Disconnected from the channel tcfchan#10.
21:11:39 INFO  : Connected to target on host '127.0.0.1' and port '3121'.
21:11:39 INFO  : Jtag cable 'Digilent JTAG-SMT2 210251A543E7' is selected.
21:11:39 INFO  : 'jtag frequency' command is executed.
21:11:39 INFO  : Sourcing of 'C:/COSMOS_KJH/CosmosPlus_Cluster/CosmosPlus_DFTL_Cluster_DTRIM_Cache/CDTRIM/Build/CDTRIM/system_hw_platform_0/ps7_init.tcl' is done.
21:11:39 INFO  : Context for 'APU' is selected.
21:11:39 INFO  : System reset is completed.
21:11:42 INFO  : 'after 3000' command is executed.
21:11:42 INFO  : 'targets -set -filter {jtag_cable_name =~ "Digilent JTAG-SMT2 210251A543E7" && level==0} -index 1' command is executed.
21:11:50 INFO  : FPGA configured successfully with bitstream "C:/COSMOS_KJH/CosmosPlus_Cluster/CosmosPlus_DFTL_Cluster_DTRIM_Cache/CDTRIM/Build/CDTRIM/system_hw_platform_0/OpenSSD2.bit"
21:11:50 INFO  : Context for 'APU' is selected.
21:11:55 INFO  : Hardware design information is loaded from 'C:/COSMOS_KJH/CosmosPlus_Cluster/CosmosPlus_DFTL_Cluster_DTRIM_Cache/CDTRIM/Build/CDTRIM/system_hw_platform_0/system.hdf'.
21:11:55 INFO  : 'configparams force-mem-access 1' command is executed.
21:11:55 INFO  : Context for 'APU' is selected.
21:11:55 INFO  : 'ps7_init' command is executed.
21:11:55 INFO  : 'ps7_post_config' command is executed.
21:11:55 INFO  : Context for processor 'ps7_cortexa9_0' is selected.
21:11:55 INFO  : The application 'C:/COSMOS_KJH/CosmosPlus_Cluster/CosmosPlus_DFTL_Cluster_DTRIM_Cache/CDTRIM/Build/CDTRIM/CDTRIM_CACHE/Debug/CDTRIM_CACHE.elf' is downloaded to processor 'ps7_cortexa9_0'.
21:11:56 INFO  : 'configparams force-mem-access 0' command is executed.
21:11:56 INFO  : ----------------XSDB Script----------------
connect -url tcp:127.0.0.1:3121
source C:/COSMOS_KJH/CosmosPlus_Cluster/CosmosPlus_DFTL_Cluster_DTRIM_Cache/CDTRIM/Build/CDTRIM/system_hw_platform_0/ps7_init.tcl
targets -set -nocase -filter {name =~"APU*" && jtag_cable_name =~ "Digilent JTAG-SMT2 210251A543E7"} -index 0
rst -system
after 3000
targets -set -filter {jtag_cable_name =~ "Digilent JTAG-SMT2 210251A543E7" && level==0} -index 1
fpga -file C:/COSMOS_KJH/CosmosPlus_Cluster/CosmosPlus_DFTL_Cluster_DTRIM_Cache/CDTRIM/Build/CDTRIM/system_hw_platform_0/OpenSSD2.bit
targets -set -nocase -filter {name =~"APU*" && jtag_cable_name =~ "Digilent JTAG-SMT2 210251A543E7"} -index 0
loadhw -hw C:/COSMOS_KJH/CosmosPlus_Cluster/CosmosPlus_DFTL_Cluster_DTRIM_Cache/CDTRIM/Build/CDTRIM/system_hw_platform_0/system.hdf -mem-ranges [list {0x40000000 0xbfffffff}]
configparams force-mem-access 1
targets -set -nocase -filter {name =~"APU*" && jtag_cable_name =~ "Digilent JTAG-SMT2 210251A543E7"} -index 0
ps7_init
ps7_post_config
targets -set -nocase -filter {name =~ "ARM*#0" && jtag_cable_name =~ "Digilent JTAG-SMT2 210251A543E7"} -index 0
dow C:/COSMOS_KJH/CosmosPlus_Cluster/CosmosPlus_DFTL_Cluster_DTRIM_Cache/CDTRIM/Build/CDTRIM/CDTRIM_CACHE/Debug/CDTRIM_CACHE.elf
configparams force-mem-access 0
----------------End of Script----------------

21:11:56 INFO  : Memory regions updated for context APU
21:11:56 INFO  : Context for processor 'ps7_cortexa9_0' is selected.
21:11:56 INFO  : 'con' command is executed.
21:11:56 INFO  : ----------------XSDB Script (After Launch)----------------
targets -set -nocase -filter {name =~ "ARM*#0" && jtag_cable_name =~ "Digilent JTAG-SMT2 210251A543E7"} -index 0
con
----------------End of Script----------------

21:11:56 INFO  : Launch script is exported to file 'C:\COSMOS_KJH\CosmosPlus_Cluster\CosmosPlus_DFTL_Cluster_DTRIM_Cache\CDTRIM\Build\CDTRIM\.sdk\launch_scripts\xilinx_c-c++_application_(system_debugger)\system_debugger_using_debug_cdtrim_cache.elf_on_local.tcl'
21:54:54 INFO  : Disconnected from the channel tcfchan#11.
21:54:55 INFO  : Connected to target on host '127.0.0.1' and port '3121'.
21:54:55 INFO  : Jtag cable 'Digilent JTAG-SMT2 210251A543E7' is selected.
21:54:55 INFO  : 'jtag frequency' command is executed.
21:54:55 INFO  : Sourcing of 'C:/COSMOS_KJH/CosmosPlus_Cluster/CosmosPlus_DFTL_Cluster_DTRIM_Cache/CDTRIM/Build/CDTRIM/system_hw_platform_0/ps7_init.tcl' is done.
21:54:55 INFO  : Context for 'APU' is selected.
21:54:56 INFO  : System reset is completed.
21:54:59 INFO  : 'after 3000' command is executed.
21:54:59 INFO  : 'targets -set -filter {jtag_cable_name =~ "Digilent JTAG-SMT2 210251A543E7" && level==0} -index 1' command is executed.
21:55:06 INFO  : FPGA configured successfully with bitstream "C:/COSMOS_KJH/CosmosPlus_Cluster/CosmosPlus_DFTL_Cluster_DTRIM_Cache/CDTRIM/Build/CDTRIM/system_hw_platform_0/OpenSSD2.bit"
21:55:06 INFO  : Context for 'APU' is selected.
21:55:11 INFO  : Hardware design information is loaded from 'C:/COSMOS_KJH/CosmosPlus_Cluster/CosmosPlus_DFTL_Cluster_DTRIM_Cache/CDTRIM/Build/CDTRIM/system_hw_platform_0/system.hdf'.
21:55:11 INFO  : 'configparams force-mem-access 1' command is executed.
21:55:11 INFO  : Context for 'APU' is selected.
21:55:12 INFO  : 'ps7_init' command is executed.
21:55:12 INFO  : 'ps7_post_config' command is executed.
21:55:12 INFO  : Context for processor 'ps7_cortexa9_0' is selected.
21:55:12 INFO  : The application 'C:/COSMOS_KJH/CosmosPlus_Cluster/CosmosPlus_DFTL_Cluster_DTRIM_Cache/CDTRIM/Build/CDTRIM/CDTRIM_CACHE/Debug/CDTRIM_CACHE.elf' is downloaded to processor 'ps7_cortexa9_0'.
21:55:12 INFO  : 'configparams force-mem-access 0' command is executed.
21:55:12 INFO  : ----------------XSDB Script----------------
connect -url tcp:127.0.0.1:3121
source C:/COSMOS_KJH/CosmosPlus_Cluster/CosmosPlus_DFTL_Cluster_DTRIM_Cache/CDTRIM/Build/CDTRIM/system_hw_platform_0/ps7_init.tcl
targets -set -nocase -filter {name =~"APU*" && jtag_cable_name =~ "Digilent JTAG-SMT2 210251A543E7"} -index 0
rst -system
after 3000
targets -set -filter {jtag_cable_name =~ "Digilent JTAG-SMT2 210251A543E7" && level==0} -index 1
fpga -file C:/COSMOS_KJH/CosmosPlus_Cluster/CosmosPlus_DFTL_Cluster_DTRIM_Cache/CDTRIM/Build/CDTRIM/system_hw_platform_0/OpenSSD2.bit
targets -set -nocase -filter {name =~"APU*" && jtag_cable_name =~ "Digilent JTAG-SMT2 210251A543E7"} -index 0
loadhw -hw C:/COSMOS_KJH/CosmosPlus_Cluster/CosmosPlus_DFTL_Cluster_DTRIM_Cache/CDTRIM/Build/CDTRIM/system_hw_platform_0/system.hdf -mem-ranges [list {0x40000000 0xbfffffff}]
configparams force-mem-access 1
targets -set -nocase -filter {name =~"APU*" && jtag_cable_name =~ "Digilent JTAG-SMT2 210251A543E7"} -index 0
ps7_init
ps7_post_config
targets -set -nocase -filter {name =~ "ARM*#0" && jtag_cable_name =~ "Digilent JTAG-SMT2 210251A543E7"} -index 0
dow C:/COSMOS_KJH/CosmosPlus_Cluster/CosmosPlus_DFTL_Cluster_DTRIM_Cache/CDTRIM/Build/CDTRIM/CDTRIM_CACHE/Debug/CDTRIM_CACHE.elf
configparams force-mem-access 0
----------------End of Script----------------

21:55:12 INFO  : Memory regions updated for context APU
21:55:12 INFO  : Context for processor 'ps7_cortexa9_0' is selected.
21:55:12 INFO  : 'con' command is executed.
21:55:12 INFO  : ----------------XSDB Script (After Launch)----------------
targets -set -nocase -filter {name =~ "ARM*#0" && jtag_cable_name =~ "Digilent JTAG-SMT2 210251A543E7"} -index 0
con
----------------End of Script----------------

21:55:12 INFO  : Launch script is exported to file 'C:\COSMOS_KJH\CosmosPlus_Cluster\CosmosPlus_DFTL_Cluster_DTRIM_Cache\CDTRIM\Build\CDTRIM\.sdk\launch_scripts\xilinx_c-c++_application_(system_debugger)\system_debugger_using_debug_cdtrim_cache.elf_on_local.tcl'
22:29:09 INFO  : Disconnected from the channel tcfchan#12.
22:29:10 INFO  : Connected to target on host '127.0.0.1' and port '3121'.
22:29:10 INFO  : Jtag cable 'Digilent JTAG-SMT2 210251A543E7' is selected.
22:29:10 INFO  : 'jtag frequency' command is executed.
22:29:10 INFO  : Sourcing of 'C:/COSMOS_KJH/CosmosPlus_Cluster/CosmosPlus_DFTL_Cluster_DTRIM_Cache/CDTRIM/Build/CDTRIM/system_hw_platform_0/ps7_init.tcl' is done.
22:29:10 INFO  : Context for 'APU' is selected.
22:29:10 INFO  : System reset is completed.
22:29:13 INFO  : 'after 3000' command is executed.
22:29:13 INFO  : 'targets -set -filter {jtag_cable_name =~ "Digilent JTAG-SMT2 210251A543E7" && level==0} -index 1' command is executed.
22:29:21 INFO  : FPGA configured successfully with bitstream "C:/COSMOS_KJH/CosmosPlus_Cluster/CosmosPlus_DFTL_Cluster_DTRIM_Cache/CDTRIM/Build/CDTRIM/system_hw_platform_0/OpenSSD2.bit"
22:29:21 INFO  : Context for 'APU' is selected.
22:29:25 INFO  : Hardware design information is loaded from 'C:/COSMOS_KJH/CosmosPlus_Cluster/CosmosPlus_DFTL_Cluster_DTRIM_Cache/CDTRIM/Build/CDTRIM/system_hw_platform_0/system.hdf'.
22:29:25 INFO  : 'configparams force-mem-access 1' command is executed.
22:29:26 INFO  : Context for 'APU' is selected.
22:29:26 INFO  : 'ps7_init' command is executed.
22:29:26 INFO  : 'ps7_post_config' command is executed.
22:29:26 INFO  : Context for processor 'ps7_cortexa9_0' is selected.
22:29:26 INFO  : The application 'C:/COSMOS_KJH/CosmosPlus_Cluster/CosmosPlus_DFTL_Cluster_DTRIM_Cache/CDTRIM/Build/CDTRIM/CDTRIM_CACHE/Debug/CDTRIM_CACHE.elf' is downloaded to processor 'ps7_cortexa9_0'.
22:29:26 INFO  : 'configparams force-mem-access 0' command is executed.
22:29:26 INFO  : ----------------XSDB Script----------------
connect -url tcp:127.0.0.1:3121
source C:/COSMOS_KJH/CosmosPlus_Cluster/CosmosPlus_DFTL_Cluster_DTRIM_Cache/CDTRIM/Build/CDTRIM/system_hw_platform_0/ps7_init.tcl
targets -set -nocase -filter {name =~"APU*" && jtag_cable_name =~ "Digilent JTAG-SMT2 210251A543E7"} -index 0
rst -system
after 3000
targets -set -filter {jtag_cable_name =~ "Digilent JTAG-SMT2 210251A543E7" && level==0} -index 1
fpga -file C:/COSMOS_KJH/CosmosPlus_Cluster/CosmosPlus_DFTL_Cluster_DTRIM_Cache/CDTRIM/Build/CDTRIM/system_hw_platform_0/OpenSSD2.bit
targets -set -nocase -filter {name =~"APU*" && jtag_cable_name =~ "Digilent JTAG-SMT2 210251A543E7"} -index 0
loadhw -hw C:/COSMOS_KJH/CosmosPlus_Cluster/CosmosPlus_DFTL_Cluster_DTRIM_Cache/CDTRIM/Build/CDTRIM/system_hw_platform_0/system.hdf -mem-ranges [list {0x40000000 0xbfffffff}]
configparams force-mem-access 1
targets -set -nocase -filter {name =~"APU*" && jtag_cable_name =~ "Digilent JTAG-SMT2 210251A543E7"} -index 0
ps7_init
ps7_post_config
targets -set -nocase -filter {name =~ "ARM*#0" && jtag_cable_name =~ "Digilent JTAG-SMT2 210251A543E7"} -index 0
dow C:/COSMOS_KJH/CosmosPlus_Cluster/CosmosPlus_DFTL_Cluster_DTRIM_Cache/CDTRIM/Build/CDTRIM/CDTRIM_CACHE/Debug/CDTRIM_CACHE.elf
configparams force-mem-access 0
----------------End of Script----------------

22:29:26 INFO  : Memory regions updated for context APU
22:29:26 INFO  : Context for processor 'ps7_cortexa9_0' is selected.
22:29:27 INFO  : 'con' command is executed.
22:29:27 INFO  : ----------------XSDB Script (After Launch)----------------
targets -set -nocase -filter {name =~ "ARM*#0" && jtag_cable_name =~ "Digilent JTAG-SMT2 210251A543E7"} -index 0
con
----------------End of Script----------------

22:29:27 INFO  : Launch script is exported to file 'C:\COSMOS_KJH\CosmosPlus_Cluster\CosmosPlus_DFTL_Cluster_DTRIM_Cache\CDTRIM\Build\CDTRIM\.sdk\launch_scripts\xilinx_c-c++_application_(system_debugger)\system_debugger_using_debug_cdtrim_cache.elf_on_local.tcl'
23:08:54 INFO  : Disconnected from the channel tcfchan#13.
23:08:55 INFO  : Connected to target on host '127.0.0.1' and port '3121'.
23:08:55 INFO  : Jtag cable 'Digilent JTAG-SMT2 210251A543E7' is selected.
23:08:55 INFO  : 'jtag frequency' command is executed.
23:08:55 INFO  : Sourcing of 'C:/COSMOS_KJH/CosmosPlus_Cluster/CosmosPlus_DFTL_Cluster_DTRIM_Cache/CDTRIM/Build/CDTRIM/system_hw_platform_0/ps7_init.tcl' is done.
23:08:55 INFO  : Context for 'APU' is selected.
23:08:55 INFO  : System reset is completed.
23:08:58 INFO  : 'after 3000' command is executed.
23:08:58 INFO  : 'targets -set -filter {jtag_cable_name =~ "Digilent JTAG-SMT2 210251A543E7" && level==0} -index 1' command is executed.
23:09:06 INFO  : FPGA configured successfully with bitstream "C:/COSMOS_KJH/CosmosPlus_Cluster/CosmosPlus_DFTL_Cluster_DTRIM_Cache/CDTRIM/Build/CDTRIM/system_hw_platform_0/OpenSSD2.bit"
23:09:06 INFO  : Context for 'APU' is selected.
23:09:11 INFO  : Hardware design information is loaded from 'C:/COSMOS_KJH/CosmosPlus_Cluster/CosmosPlus_DFTL_Cluster_DTRIM_Cache/CDTRIM/Build/CDTRIM/system_hw_platform_0/system.hdf'.
23:09:11 INFO  : 'configparams force-mem-access 1' command is executed.
23:09:11 INFO  : Context for 'APU' is selected.
23:09:11 INFO  : 'ps7_init' command is executed.
23:09:11 INFO  : 'ps7_post_config' command is executed.
23:09:11 INFO  : Context for processor 'ps7_cortexa9_0' is selected.
23:09:11 INFO  : The application 'C:/COSMOS_KJH/CosmosPlus_Cluster/CosmosPlus_DFTL_Cluster_DTRIM_Cache/CDTRIM/Build/CDTRIM/CDTRIM_CACHE/Debug/CDTRIM_CACHE.elf' is downloaded to processor 'ps7_cortexa9_0'.
23:09:11 INFO  : 'configparams force-mem-access 0' command is executed.
23:09:11 INFO  : ----------------XSDB Script----------------
connect -url tcp:127.0.0.1:3121
source C:/COSMOS_KJH/CosmosPlus_Cluster/CosmosPlus_DFTL_Cluster_DTRIM_Cache/CDTRIM/Build/CDTRIM/system_hw_platform_0/ps7_init.tcl
targets -set -nocase -filter {name =~"APU*" && jtag_cable_name =~ "Digilent JTAG-SMT2 210251A543E7"} -index 0
rst -system
after 3000
targets -set -filter {jtag_cable_name =~ "Digilent JTAG-SMT2 210251A543E7" && level==0} -index 1
fpga -file C:/COSMOS_KJH/CosmosPlus_Cluster/CosmosPlus_DFTL_Cluster_DTRIM_Cache/CDTRIM/Build/CDTRIM/system_hw_platform_0/OpenSSD2.bit
targets -set -nocase -filter {name =~"APU*" && jtag_cable_name =~ "Digilent JTAG-SMT2 210251A543E7"} -index 0
loadhw -hw C:/COSMOS_KJH/CosmosPlus_Cluster/CosmosPlus_DFTL_Cluster_DTRIM_Cache/CDTRIM/Build/CDTRIM/system_hw_platform_0/system.hdf -mem-ranges [list {0x40000000 0xbfffffff}]
configparams force-mem-access 1
targets -set -nocase -filter {name =~"APU*" && jtag_cable_name =~ "Digilent JTAG-SMT2 210251A543E7"} -index 0
ps7_init
ps7_post_config
targets -set -nocase -filter {name =~ "ARM*#0" && jtag_cable_name =~ "Digilent JTAG-SMT2 210251A543E7"} -index 0
dow C:/COSMOS_KJH/CosmosPlus_Cluster/CosmosPlus_DFTL_Cluster_DTRIM_Cache/CDTRIM/Build/CDTRIM/CDTRIM_CACHE/Debug/CDTRIM_CACHE.elf
configparams force-mem-access 0
----------------End of Script----------------

23:09:12 INFO  : Memory regions updated for context APU
23:09:12 INFO  : Context for processor 'ps7_cortexa9_0' is selected.
23:09:12 INFO  : 'con' command is executed.
23:09:12 INFO  : ----------------XSDB Script (After Launch)----------------
targets -set -nocase -filter {name =~ "ARM*#0" && jtag_cable_name =~ "Digilent JTAG-SMT2 210251A543E7"} -index 0
con
----------------End of Script----------------

23:09:12 INFO  : Launch script is exported to file 'C:\COSMOS_KJH\CosmosPlus_Cluster\CosmosPlus_DFTL_Cluster_DTRIM_Cache\CDTRIM\Build\CDTRIM\.sdk\launch_scripts\xilinx_c-c++_application_(system_debugger)\system_debugger_using_debug_cdtrim_cache.elf_on_local.tcl'
10:02:11 INFO  : Disconnected from the channel tcfchan#14.
10:02:12 INFO  : Connected to target on host '127.0.0.1' and port '3121'.
10:02:12 INFO  : Jtag cable 'Digilent JTAG-SMT2 210251A543E7' is selected.
10:02:12 INFO  : 'jtag frequency' command is executed.
10:02:12 INFO  : Sourcing of 'C:/COSMOS_KJH/CosmosPlus_Cluster/CosmosPlus_DFTL_Cluster_DTRIM_Cache/CDTRIM/Build/CDTRIM/system_hw_platform_0/ps7_init.tcl' is done.
10:02:12 INFO  : Context for 'APU' is selected.
10:02:12 INFO  : System reset is completed.
10:02:15 INFO  : 'after 3000' command is executed.
10:02:16 INFO  : 'targets -set -filter {jtag_cable_name =~ "Digilent JTAG-SMT2 210251A543E7" && level==0} -index 1' command is executed.
10:02:23 INFO  : FPGA configured successfully with bitstream "C:/COSMOS_KJH/CosmosPlus_Cluster/CosmosPlus_DFTL_Cluster_DTRIM_Cache/CDTRIM/Build/CDTRIM/system_hw_platform_0/OpenSSD2.bit"
10:02:24 INFO  : Context for 'APU' is selected.
10:02:29 INFO  : Hardware design information is loaded from 'C:/COSMOS_KJH/CosmosPlus_Cluster/CosmosPlus_DFTL_Cluster_DTRIM_Cache/CDTRIM/Build/CDTRIM/system_hw_platform_0/system.hdf'.
10:02:29 INFO  : 'configparams force-mem-access 1' command is executed.
10:02:29 INFO  : Context for 'APU' is selected.
10:02:30 INFO  : 'ps7_init' command is executed.
10:02:30 INFO  : 'ps7_post_config' command is executed.
10:02:30 INFO  : Context for processor 'ps7_cortexa9_0' is selected.
10:02:30 INFO  : The application 'C:/COSMOS_KJH/CosmosPlus_Cluster/CosmosPlus_DFTL_Cluster_DTRIM_Cache/CDTRIM/Build/CDTRIM/CDTRIM_CACHE/Debug/CDTRIM_CACHE.elf' is downloaded to processor 'ps7_cortexa9_0'.
10:02:30 INFO  : 'configparams force-mem-access 0' command is executed.
10:02:30 INFO  : ----------------XSDB Script----------------
connect -url tcp:127.0.0.1:3121
source C:/COSMOS_KJH/CosmosPlus_Cluster/CosmosPlus_DFTL_Cluster_DTRIM_Cache/CDTRIM/Build/CDTRIM/system_hw_platform_0/ps7_init.tcl
targets -set -nocase -filter {name =~"APU*" && jtag_cable_name =~ "Digilent JTAG-SMT2 210251A543E7"} -index 0
rst -system
after 3000
targets -set -filter {jtag_cable_name =~ "Digilent JTAG-SMT2 210251A543E7" && level==0} -index 1
fpga -file C:/COSMOS_KJH/CosmosPlus_Cluster/CosmosPlus_DFTL_Cluster_DTRIM_Cache/CDTRIM/Build/CDTRIM/system_hw_platform_0/OpenSSD2.bit
targets -set -nocase -filter {name =~"APU*" && jtag_cable_name =~ "Digilent JTAG-SMT2 210251A543E7"} -index 0
loadhw -hw C:/COSMOS_KJH/CosmosPlus_Cluster/CosmosPlus_DFTL_Cluster_DTRIM_Cache/CDTRIM/Build/CDTRIM/system_hw_platform_0/system.hdf -mem-ranges [list {0x40000000 0xbfffffff}]
configparams force-mem-access 1
targets -set -nocase -filter {name =~"APU*" && jtag_cable_name =~ "Digilent JTAG-SMT2 210251A543E7"} -index 0
ps7_init
ps7_post_config
targets -set -nocase -filter {name =~ "ARM*#0" && jtag_cable_name =~ "Digilent JTAG-SMT2 210251A543E7"} -index 0
dow C:/COSMOS_KJH/CosmosPlus_Cluster/CosmosPlus_DFTL_Cluster_DTRIM_Cache/CDTRIM/Build/CDTRIM/CDTRIM_CACHE/Debug/CDTRIM_CACHE.elf
configparams force-mem-access 0
----------------End of Script----------------

10:02:30 INFO  : Memory regions updated for context APU
10:02:30 INFO  : Context for processor 'ps7_cortexa9_0' is selected.
10:02:30 INFO  : 'con' command is executed.
10:02:30 INFO  : ----------------XSDB Script (After Launch)----------------
targets -set -nocase -filter {name =~ "ARM*#0" && jtag_cable_name =~ "Digilent JTAG-SMT2 210251A543E7"} -index 0
con
----------------End of Script----------------

10:02:30 INFO  : Launch script is exported to file 'C:\COSMOS_KJH\CosmosPlus_Cluster\CosmosPlus_DFTL_Cluster_DTRIM_Cache\CDTRIM\Build\CDTRIM\.sdk\launch_scripts\xilinx_c-c++_application_(system_debugger)\system_debugger_using_debug_cdtrim_cache.elf_on_local.tcl'
10:15:00 INFO  : Disconnected from the channel tcfchan#15.
10:15:01 INFO  : Connected to target on host '127.0.0.1' and port '3121'.
10:15:01 INFO  : Jtag cable 'Digilent JTAG-SMT2 210251A543E7' is selected.
10:15:01 INFO  : 'jtag frequency' command is executed.
10:15:01 INFO  : Sourcing of 'C:/COSMOS_KJH/CosmosPlus_Cluster/CosmosPlus_DFTL_Cluster_DTRIM_Cache/CDTRIM/Build/CDTRIM/system_hw_platform_0/ps7_init.tcl' is done.
10:15:01 INFO  : Context for 'APU' is selected.
10:15:02 INFO  : System reset is completed.
10:15:05 INFO  : 'after 3000' command is executed.
10:15:05 INFO  : 'targets -set -filter {jtag_cable_name =~ "Digilent JTAG-SMT2 210251A543E7" && level==0} -index 1' command is executed.
10:15:12 INFO  : FPGA configured successfully with bitstream "C:/COSMOS_KJH/CosmosPlus_Cluster/CosmosPlus_DFTL_Cluster_DTRIM_Cache/CDTRIM/Build/CDTRIM/system_hw_platform_0/OpenSSD2.bit"
10:15:12 INFO  : Context for 'APU' is selected.
10:15:17 INFO  : Hardware design information is loaded from 'C:/COSMOS_KJH/CosmosPlus_Cluster/CosmosPlus_DFTL_Cluster_DTRIM_Cache/CDTRIM/Build/CDTRIM/system_hw_platform_0/system.hdf'.
10:15:17 INFO  : 'configparams force-mem-access 1' command is executed.
10:15:17 INFO  : Context for 'APU' is selected.
10:15:17 INFO  : 'ps7_init' command is executed.
10:15:17 INFO  : 'ps7_post_config' command is executed.
10:15:17 INFO  : Context for processor 'ps7_cortexa9_0' is selected.
10:15:18 INFO  : The application 'C:/COSMOS_KJH/CosmosPlus_Cluster/CosmosPlus_DFTL_Cluster_DTRIM_Cache/CDTRIM/Build/CDTRIM/CDTRIM_CACHE/Debug/CDTRIM_CACHE.elf' is downloaded to processor 'ps7_cortexa9_0'.
10:15:18 INFO  : 'configparams force-mem-access 0' command is executed.
10:15:18 INFO  : ----------------XSDB Script----------------
connect -url tcp:127.0.0.1:3121
source C:/COSMOS_KJH/CosmosPlus_Cluster/CosmosPlus_DFTL_Cluster_DTRIM_Cache/CDTRIM/Build/CDTRIM/system_hw_platform_0/ps7_init.tcl
targets -set -nocase -filter {name =~"APU*" && jtag_cable_name =~ "Digilent JTAG-SMT2 210251A543E7"} -index 0
rst -system
after 3000
targets -set -filter {jtag_cable_name =~ "Digilent JTAG-SMT2 210251A543E7" && level==0} -index 1
fpga -file C:/COSMOS_KJH/CosmosPlus_Cluster/CosmosPlus_DFTL_Cluster_DTRIM_Cache/CDTRIM/Build/CDTRIM/system_hw_platform_0/OpenSSD2.bit
targets -set -nocase -filter {name =~"APU*" && jtag_cable_name =~ "Digilent JTAG-SMT2 210251A543E7"} -index 0
loadhw -hw C:/COSMOS_KJH/CosmosPlus_Cluster/CosmosPlus_DFTL_Cluster_DTRIM_Cache/CDTRIM/Build/CDTRIM/system_hw_platform_0/system.hdf -mem-ranges [list {0x40000000 0xbfffffff}]
configparams force-mem-access 1
targets -set -nocase -filter {name =~"APU*" && jtag_cable_name =~ "Digilent JTAG-SMT2 210251A543E7"} -index 0
ps7_init
ps7_post_config
targets -set -nocase -filter {name =~ "ARM*#0" && jtag_cable_name =~ "Digilent JTAG-SMT2 210251A543E7"} -index 0
dow C:/COSMOS_KJH/CosmosPlus_Cluster/CosmosPlus_DFTL_Cluster_DTRIM_Cache/CDTRIM/Build/CDTRIM/CDTRIM_CACHE/Debug/CDTRIM_CACHE.elf
configparams force-mem-access 0
----------------End of Script----------------

10:15:18 INFO  : Memory regions updated for context APU
10:15:18 INFO  : Context for processor 'ps7_cortexa9_0' is selected.
10:15:18 INFO  : 'con' command is executed.
10:15:18 INFO  : ----------------XSDB Script (After Launch)----------------
targets -set -nocase -filter {name =~ "ARM*#0" && jtag_cable_name =~ "Digilent JTAG-SMT2 210251A543E7"} -index 0
con
----------------End of Script----------------

10:15:18 INFO  : Launch script is exported to file 'C:\COSMOS_KJH\CosmosPlus_Cluster\CosmosPlus_DFTL_Cluster_DTRIM_Cache\CDTRIM\Build\CDTRIM\.sdk\launch_scripts\xilinx_c-c++_application_(system_debugger)\system_debugger_using_debug_cdtrim_cache.elf_on_local.tcl'
10:47:41 INFO  : Disconnected from the channel tcfchan#16.
10:47:42 INFO  : Connected to target on host '127.0.0.1' and port '3121'.
10:47:42 INFO  : Jtag cable 'Digilent JTAG-SMT2 210251A543E7' is selected.
10:47:42 INFO  : 'jtag frequency' command is executed.
10:47:42 INFO  : Sourcing of 'C:/COSMOS_KJH/CosmosPlus_Cluster/CosmosPlus_DFTL_Cluster_DTRIM_Cache/CDTRIM/Build/CDTRIM/system_hw_platform_0/ps7_init.tcl' is done.
10:47:42 INFO  : Context for 'APU' is selected.
10:47:42 INFO  : System reset is completed.
10:47:45 INFO  : 'after 3000' command is executed.
10:47:45 INFO  : 'targets -set -filter {jtag_cable_name =~ "Digilent JTAG-SMT2 210251A543E7" && level==0} -index 1' command is executed.
10:47:53 INFO  : FPGA configured successfully with bitstream "C:/COSMOS_KJH/CosmosPlus_Cluster/CosmosPlus_DFTL_Cluster_DTRIM_Cache/CDTRIM/Build/CDTRIM/system_hw_platform_0/OpenSSD2.bit"
10:47:53 INFO  : Context for 'APU' is selected.
10:47:58 INFO  : Hardware design information is loaded from 'C:/COSMOS_KJH/CosmosPlus_Cluster/CosmosPlus_DFTL_Cluster_DTRIM_Cache/CDTRIM/Build/CDTRIM/system_hw_platform_0/system.hdf'.
10:47:58 INFO  : 'configparams force-mem-access 1' command is executed.
10:47:58 INFO  : Context for 'APU' is selected.
10:47:58 INFO  : 'ps7_init' command is executed.
10:47:58 INFO  : 'ps7_post_config' command is executed.
10:47:58 INFO  : Context for processor 'ps7_cortexa9_0' is selected.
10:47:59 INFO  : The application 'C:/COSMOS_KJH/CosmosPlus_Cluster/CosmosPlus_DFTL_Cluster_DTRIM_Cache/CDTRIM/Build/CDTRIM/CDTRIM_CACHE/Debug/CDTRIM_CACHE.elf' is downloaded to processor 'ps7_cortexa9_0'.
10:47:59 INFO  : 'configparams force-mem-access 0' command is executed.
10:47:59 INFO  : ----------------XSDB Script----------------
connect -url tcp:127.0.0.1:3121
source C:/COSMOS_KJH/CosmosPlus_Cluster/CosmosPlus_DFTL_Cluster_DTRIM_Cache/CDTRIM/Build/CDTRIM/system_hw_platform_0/ps7_init.tcl
targets -set -nocase -filter {name =~"APU*" && jtag_cable_name =~ "Digilent JTAG-SMT2 210251A543E7"} -index 0
rst -system
after 3000
targets -set -filter {jtag_cable_name =~ "Digilent JTAG-SMT2 210251A543E7" && level==0} -index 1
fpga -file C:/COSMOS_KJH/CosmosPlus_Cluster/CosmosPlus_DFTL_Cluster_DTRIM_Cache/CDTRIM/Build/CDTRIM/system_hw_platform_0/OpenSSD2.bit
targets -set -nocase -filter {name =~"APU*" && jtag_cable_name =~ "Digilent JTAG-SMT2 210251A543E7"} -index 0
loadhw -hw C:/COSMOS_KJH/CosmosPlus_Cluster/CosmosPlus_DFTL_Cluster_DTRIM_Cache/CDTRIM/Build/CDTRIM/system_hw_platform_0/system.hdf -mem-ranges [list {0x40000000 0xbfffffff}]
configparams force-mem-access 1
targets -set -nocase -filter {name =~"APU*" && jtag_cable_name =~ "Digilent JTAG-SMT2 210251A543E7"} -index 0
ps7_init
ps7_post_config
targets -set -nocase -filter {name =~ "ARM*#0" && jtag_cable_name =~ "Digilent JTAG-SMT2 210251A543E7"} -index 0
dow C:/COSMOS_KJH/CosmosPlus_Cluster/CosmosPlus_DFTL_Cluster_DTRIM_Cache/CDTRIM/Build/CDTRIM/CDTRIM_CACHE/Debug/CDTRIM_CACHE.elf
configparams force-mem-access 0
----------------End of Script----------------

10:47:59 INFO  : Memory regions updated for context APU
10:47:59 INFO  : Context for processor 'ps7_cortexa9_0' is selected.
10:47:59 INFO  : 'con' command is executed.
10:47:59 INFO  : ----------------XSDB Script (After Launch)----------------
targets -set -nocase -filter {name =~ "ARM*#0" && jtag_cable_name =~ "Digilent JTAG-SMT2 210251A543E7"} -index 0
con
----------------End of Script----------------

10:47:59 INFO  : Launch script is exported to file 'C:\COSMOS_KJH\CosmosPlus_Cluster\CosmosPlus_DFTL_Cluster_DTRIM_Cache\CDTRIM\Build\CDTRIM\.sdk\launch_scripts\xilinx_c-c++_application_(system_debugger)\system_debugger_using_debug_cdtrim_cache.elf_on_local.tcl'
11:28:50 INFO  : Disconnected from the channel tcfchan#17.
11:28:51 INFO  : Connected to target on host '127.0.0.1' and port '3121'.
11:28:52 INFO  : Jtag cable 'Digilent JTAG-SMT2 210251A543E7' is selected.
11:28:52 INFO  : 'jtag frequency' command is executed.
11:28:52 INFO  : Sourcing of 'C:/COSMOS_KJH/CosmosPlus_Cluster/CosmosPlus_DFTL_Cluster_DTRIM_Cache/CDTRIM/Build/CDTRIM/system_hw_platform_0/ps7_init.tcl' is done.
11:28:52 INFO  : Context for 'APU' is selected.
11:28:52 INFO  : System reset is completed.
11:28:55 INFO  : 'after 3000' command is executed.
11:28:55 INFO  : 'targets -set -filter {jtag_cable_name =~ "Digilent JTAG-SMT2 210251A543E7" && level==0} -index 1' command is executed.
11:29:02 INFO  : FPGA configured successfully with bitstream "C:/COSMOS_KJH/CosmosPlus_Cluster/CosmosPlus_DFTL_Cluster_DTRIM_Cache/CDTRIM/Build/CDTRIM/system_hw_platform_0/OpenSSD2.bit"
11:29:02 INFO  : Context for 'APU' is selected.
11:29:07 INFO  : Hardware design information is loaded from 'C:/COSMOS_KJH/CosmosPlus_Cluster/CosmosPlus_DFTL_Cluster_DTRIM_Cache/CDTRIM/Build/CDTRIM/system_hw_platform_0/system.hdf'.
11:29:07 INFO  : 'configparams force-mem-access 1' command is executed.
11:29:07 INFO  : Context for 'APU' is selected.
11:29:08 INFO  : 'ps7_init' command is executed.
11:29:08 INFO  : 'ps7_post_config' command is executed.
11:29:08 INFO  : Context for processor 'ps7_cortexa9_0' is selected.
11:29:08 INFO  : The application 'C:/COSMOS_KJH/CosmosPlus_Cluster/CosmosPlus_DFTL_Cluster_DTRIM_Cache/CDTRIM/Build/CDTRIM/CDTRIM_CACHE/Debug/CDTRIM_CACHE.elf' is downloaded to processor 'ps7_cortexa9_0'.
11:29:08 INFO  : 'configparams force-mem-access 0' command is executed.
11:29:08 INFO  : ----------------XSDB Script----------------
connect -url tcp:127.0.0.1:3121
source C:/COSMOS_KJH/CosmosPlus_Cluster/CosmosPlus_DFTL_Cluster_DTRIM_Cache/CDTRIM/Build/CDTRIM/system_hw_platform_0/ps7_init.tcl
targets -set -nocase -filter {name =~"APU*" && jtag_cable_name =~ "Digilent JTAG-SMT2 210251A543E7"} -index 0
rst -system
after 3000
targets -set -filter {jtag_cable_name =~ "Digilent JTAG-SMT2 210251A543E7" && level==0} -index 1
fpga -file C:/COSMOS_KJH/CosmosPlus_Cluster/CosmosPlus_DFTL_Cluster_DTRIM_Cache/CDTRIM/Build/CDTRIM/system_hw_platform_0/OpenSSD2.bit
targets -set -nocase -filter {name =~"APU*" && jtag_cable_name =~ "Digilent JTAG-SMT2 210251A543E7"} -index 0
loadhw -hw C:/COSMOS_KJH/CosmosPlus_Cluster/CosmosPlus_DFTL_Cluster_DTRIM_Cache/CDTRIM/Build/CDTRIM/system_hw_platform_0/system.hdf -mem-ranges [list {0x40000000 0xbfffffff}]
configparams force-mem-access 1
targets -set -nocase -filter {name =~"APU*" && jtag_cable_name =~ "Digilent JTAG-SMT2 210251A543E7"} -index 0
ps7_init
ps7_post_config
targets -set -nocase -filter {name =~ "ARM*#0" && jtag_cable_name =~ "Digilent JTAG-SMT2 210251A543E7"} -index 0
dow C:/COSMOS_KJH/CosmosPlus_Cluster/CosmosPlus_DFTL_Cluster_DTRIM_Cache/CDTRIM/Build/CDTRIM/CDTRIM_CACHE/Debug/CDTRIM_CACHE.elf
configparams force-mem-access 0
----------------End of Script----------------

11:29:08 INFO  : Memory regions updated for context APU
11:29:09 INFO  : Context for processor 'ps7_cortexa9_0' is selected.
11:29:09 INFO  : 'con' command is executed.
11:29:09 INFO  : ----------------XSDB Script (After Launch)----------------
targets -set -nocase -filter {name =~ "ARM*#0" && jtag_cable_name =~ "Digilent JTAG-SMT2 210251A543E7"} -index 0
con
----------------End of Script----------------

11:29:09 INFO  : Launch script is exported to file 'C:\COSMOS_KJH\CosmosPlus_Cluster\CosmosPlus_DFTL_Cluster_DTRIM_Cache\CDTRIM\Build\CDTRIM\.sdk\launch_scripts\xilinx_c-c++_application_(system_debugger)\system_debugger_using_debug_cdtrim_cache.elf_on_local.tcl'
12:52:47 INFO  : Disconnected from the channel tcfchan#18.
12:52:48 INFO  : Connected to target on host '127.0.0.1' and port '3121'.
12:52:48 INFO  : Jtag cable 'Digilent JTAG-SMT2 210251A543E7' is selected.
12:52:48 INFO  : 'jtag frequency' command is executed.
12:52:48 INFO  : Sourcing of 'C:/COSMOS_KJH/CosmosPlus_Cluster/CosmosPlus_DFTL_Cluster_DTRIM_Cache/CDTRIM/Build/CDTRIM/system_hw_platform_0/ps7_init.tcl' is done.
12:52:48 INFO  : Context for 'APU' is selected.
12:52:48 INFO  : System reset is completed.
12:52:51 INFO  : 'after 3000' command is executed.
12:52:51 INFO  : 'targets -set -filter {jtag_cable_name =~ "Digilent JTAG-SMT2 210251A543E7" && level==0} -index 1' command is executed.
12:52:59 INFO  : FPGA configured successfully with bitstream "C:/COSMOS_KJH/CosmosPlus_Cluster/CosmosPlus_DFTL_Cluster_DTRIM_Cache/CDTRIM/Build/CDTRIM/system_hw_platform_0/OpenSSD2.bit"
12:52:59 INFO  : Context for 'APU' is selected.
12:53:04 INFO  : Hardware design information is loaded from 'C:/COSMOS_KJH/CosmosPlus_Cluster/CosmosPlus_DFTL_Cluster_DTRIM_Cache/CDTRIM/Build/CDTRIM/system_hw_platform_0/system.hdf'.
12:53:04 INFO  : 'configparams force-mem-access 1' command is executed.
12:53:04 INFO  : Context for 'APU' is selected.
12:53:04 INFO  : 'ps7_init' command is executed.
12:53:04 INFO  : 'ps7_post_config' command is executed.
12:53:04 INFO  : Context for processor 'ps7_cortexa9_0' is selected.
12:53:05 INFO  : The application 'C:/COSMOS_KJH/CosmosPlus_Cluster/CosmosPlus_DFTL_Cluster_DTRIM_Cache/CDTRIM/Build/CDTRIM/CDTRIM_CACHE/Debug/CDTRIM_CACHE.elf' is downloaded to processor 'ps7_cortexa9_0'.
12:53:05 INFO  : 'configparams force-mem-access 0' command is executed.
12:53:05 INFO  : ----------------XSDB Script----------------
connect -url tcp:127.0.0.1:3121
source C:/COSMOS_KJH/CosmosPlus_Cluster/CosmosPlus_DFTL_Cluster_DTRIM_Cache/CDTRIM/Build/CDTRIM/system_hw_platform_0/ps7_init.tcl
targets -set -nocase -filter {name =~"APU*" && jtag_cable_name =~ "Digilent JTAG-SMT2 210251A543E7"} -index 0
rst -system
after 3000
targets -set -filter {jtag_cable_name =~ "Digilent JTAG-SMT2 210251A543E7" && level==0} -index 1
fpga -file C:/COSMOS_KJH/CosmosPlus_Cluster/CosmosPlus_DFTL_Cluster_DTRIM_Cache/CDTRIM/Build/CDTRIM/system_hw_platform_0/OpenSSD2.bit
targets -set -nocase -filter {name =~"APU*" && jtag_cable_name =~ "Digilent JTAG-SMT2 210251A543E7"} -index 0
loadhw -hw C:/COSMOS_KJH/CosmosPlus_Cluster/CosmosPlus_DFTL_Cluster_DTRIM_Cache/CDTRIM/Build/CDTRIM/system_hw_platform_0/system.hdf -mem-ranges [list {0x40000000 0xbfffffff}]
configparams force-mem-access 1
targets -set -nocase -filter {name =~"APU*" && jtag_cable_name =~ "Digilent JTAG-SMT2 210251A543E7"} -index 0
ps7_init
ps7_post_config
targets -set -nocase -filter {name =~ "ARM*#0" && jtag_cable_name =~ "Digilent JTAG-SMT2 210251A543E7"} -index 0
dow C:/COSMOS_KJH/CosmosPlus_Cluster/CosmosPlus_DFTL_Cluster_DTRIM_Cache/CDTRIM/Build/CDTRIM/CDTRIM_CACHE/Debug/CDTRIM_CACHE.elf
configparams force-mem-access 0
----------------End of Script----------------

12:53:05 INFO  : Memory regions updated for context APU
12:53:05 INFO  : Context for processor 'ps7_cortexa9_0' is selected.
12:53:05 INFO  : 'con' command is executed.
12:53:05 INFO  : ----------------XSDB Script (After Launch)----------------
targets -set -nocase -filter {name =~ "ARM*#0" && jtag_cable_name =~ "Digilent JTAG-SMT2 210251A543E7"} -index 0
con
----------------End of Script----------------

12:53:05 INFO  : Launch script is exported to file 'C:\COSMOS_KJH\CosmosPlus_Cluster\CosmosPlus_DFTL_Cluster_DTRIM_Cache\CDTRIM\Build\CDTRIM\.sdk\launch_scripts\xilinx_c-c++_application_(system_debugger)\system_debugger_using_debug_cdtrim_cache.elf_on_local.tcl'
13:34:01 INFO  : Disconnected from the channel tcfchan#19.
13:34:02 INFO  : Connected to target on host '127.0.0.1' and port '3121'.
13:34:02 INFO  : Jtag cable 'Digilent JTAG-SMT2 210251A543E7' is selected.
13:34:02 INFO  : 'jtag frequency' command is executed.
13:34:02 INFO  : Sourcing of 'C:/COSMOS_KJH/CosmosPlus_Cluster/CosmosPlus_DFTL_Cluster_DTRIM_Cache/CDTRIM/Build/CDTRIM/system_hw_platform_0/ps7_init.tcl' is done.
13:34:02 INFO  : Context for 'APU' is selected.
13:34:02 INFO  : System reset is completed.
13:34:05 INFO  : 'after 3000' command is executed.
13:34:05 INFO  : 'targets -set -filter {jtag_cable_name =~ "Digilent JTAG-SMT2 210251A543E7" && level==0} -index 1' command is executed.
13:34:13 INFO  : FPGA configured successfully with bitstream "C:/COSMOS_KJH/CosmosPlus_Cluster/CosmosPlus_DFTL_Cluster_DTRIM_Cache/CDTRIM/Build/CDTRIM/system_hw_platform_0/OpenSSD2.bit"
13:34:13 INFO  : Context for 'APU' is selected.
13:34:18 INFO  : Hardware design information is loaded from 'C:/COSMOS_KJH/CosmosPlus_Cluster/CosmosPlus_DFTL_Cluster_DTRIM_Cache/CDTRIM/Build/CDTRIM/system_hw_platform_0/system.hdf'.
13:34:18 INFO  : 'configparams force-mem-access 1' command is executed.
13:34:18 INFO  : Context for 'APU' is selected.
13:34:18 INFO  : 'ps7_init' command is executed.
13:34:18 INFO  : 'ps7_post_config' command is executed.
13:34:18 INFO  : Context for processor 'ps7_cortexa9_0' is selected.
13:34:19 INFO  : The application 'C:/COSMOS_KJH/CosmosPlus_Cluster/CosmosPlus_DFTL_Cluster_DTRIM_Cache/CDTRIM/Build/CDTRIM/CDTRIM_CACHE/Debug/CDTRIM_CACHE.elf' is downloaded to processor 'ps7_cortexa9_0'.
13:34:19 INFO  : 'configparams force-mem-access 0' command is executed.
13:34:19 INFO  : ----------------XSDB Script----------------
connect -url tcp:127.0.0.1:3121
source C:/COSMOS_KJH/CosmosPlus_Cluster/CosmosPlus_DFTL_Cluster_DTRIM_Cache/CDTRIM/Build/CDTRIM/system_hw_platform_0/ps7_init.tcl
targets -set -nocase -filter {name =~"APU*" && jtag_cable_name =~ "Digilent JTAG-SMT2 210251A543E7"} -index 0
rst -system
after 3000
targets -set -filter {jtag_cable_name =~ "Digilent JTAG-SMT2 210251A543E7" && level==0} -index 1
fpga -file C:/COSMOS_KJH/CosmosPlus_Cluster/CosmosPlus_DFTL_Cluster_DTRIM_Cache/CDTRIM/Build/CDTRIM/system_hw_platform_0/OpenSSD2.bit
targets -set -nocase -filter {name =~"APU*" && jtag_cable_name =~ "Digilent JTAG-SMT2 210251A543E7"} -index 0
loadhw -hw C:/COSMOS_KJH/CosmosPlus_Cluster/CosmosPlus_DFTL_Cluster_DTRIM_Cache/CDTRIM/Build/CDTRIM/system_hw_platform_0/system.hdf -mem-ranges [list {0x40000000 0xbfffffff}]
configparams force-mem-access 1
targets -set -nocase -filter {name =~"APU*" && jtag_cable_name =~ "Digilent JTAG-SMT2 210251A543E7"} -index 0
ps7_init
ps7_post_config
targets -set -nocase -filter {name =~ "ARM*#0" && jtag_cable_name =~ "Digilent JTAG-SMT2 210251A543E7"} -index 0
dow C:/COSMOS_KJH/CosmosPlus_Cluster/CosmosPlus_DFTL_Cluster_DTRIM_Cache/CDTRIM/Build/CDTRIM/CDTRIM_CACHE/Debug/CDTRIM_CACHE.elf
configparams force-mem-access 0
----------------End of Script----------------

13:34:19 INFO  : Memory regions updated for context APU
13:34:19 INFO  : Context for processor 'ps7_cortexa9_0' is selected.
13:34:19 INFO  : 'con' command is executed.
13:34:19 INFO  : ----------------XSDB Script (After Launch)----------------
targets -set -nocase -filter {name =~ "ARM*#0" && jtag_cable_name =~ "Digilent JTAG-SMT2 210251A543E7"} -index 0
con
----------------End of Script----------------

13:34:19 INFO  : Launch script is exported to file 'C:\COSMOS_KJH\CosmosPlus_Cluster\CosmosPlus_DFTL_Cluster_DTRIM_Cache\CDTRIM\Build\CDTRIM\.sdk\launch_scripts\xilinx_c-c++_application_(system_debugger)\system_debugger_using_debug_cdtrim_cache.elf_on_local.tcl'
14:20:05 INFO  : Disconnected from the channel tcfchan#20.
14:20:06 INFO  : Connected to target on host '127.0.0.1' and port '3121'.
14:20:06 INFO  : Jtag cable 'Digilent JTAG-SMT2 210251A543E7' is selected.
14:20:06 INFO  : 'jtag frequency' command is executed.
14:20:06 INFO  : Sourcing of 'C:/COSMOS_KJH/CosmosPlus_Cluster/CosmosPlus_DFTL_Cluster_DTRIM_Cache/CDTRIM/Build/CDTRIM/system_hw_platform_0/ps7_init.tcl' is done.
14:20:06 INFO  : Context for 'APU' is selected.
14:20:06 INFO  : System reset is completed.
14:20:09 INFO  : 'after 3000' command is executed.
14:20:09 INFO  : 'targets -set -filter {jtag_cable_name =~ "Digilent JTAG-SMT2 210251A543E7" && level==0} -index 1' command is executed.
14:20:17 INFO  : FPGA configured successfully with bitstream "C:/COSMOS_KJH/CosmosPlus_Cluster/CosmosPlus_DFTL_Cluster_DTRIM_Cache/CDTRIM/Build/CDTRIM/system_hw_platform_0/OpenSSD2.bit"
14:20:17 INFO  : Context for 'APU' is selected.
14:20:22 INFO  : Hardware design information is loaded from 'C:/COSMOS_KJH/CosmosPlus_Cluster/CosmosPlus_DFTL_Cluster_DTRIM_Cache/CDTRIM/Build/CDTRIM/system_hw_platform_0/system.hdf'.
14:20:22 INFO  : 'configparams force-mem-access 1' command is executed.
14:20:22 INFO  : Context for 'APU' is selected.
14:20:22 INFO  : 'ps7_init' command is executed.
14:20:22 INFO  : 'ps7_post_config' command is executed.
14:20:22 INFO  : Context for processor 'ps7_cortexa9_0' is selected.
14:20:23 INFO  : The application 'C:/COSMOS_KJH/CosmosPlus_Cluster/CosmosPlus_DFTL_Cluster_DTRIM_Cache/CDTRIM/Build/CDTRIM/CDTRIM_CACHE/Debug/CDTRIM_CACHE.elf' is downloaded to processor 'ps7_cortexa9_0'.
14:20:23 INFO  : 'configparams force-mem-access 0' command is executed.
14:20:23 INFO  : ----------------XSDB Script----------------
connect -url tcp:127.0.0.1:3121
source C:/COSMOS_KJH/CosmosPlus_Cluster/CosmosPlus_DFTL_Cluster_DTRIM_Cache/CDTRIM/Build/CDTRIM/system_hw_platform_0/ps7_init.tcl
targets -set -nocase -filter {name =~"APU*" && jtag_cable_name =~ "Digilent JTAG-SMT2 210251A543E7"} -index 0
rst -system
after 3000
targets -set -filter {jtag_cable_name =~ "Digilent JTAG-SMT2 210251A543E7" && level==0} -index 1
fpga -file C:/COSMOS_KJH/CosmosPlus_Cluster/CosmosPlus_DFTL_Cluster_DTRIM_Cache/CDTRIM/Build/CDTRIM/system_hw_platform_0/OpenSSD2.bit
targets -set -nocase -filter {name =~"APU*" && jtag_cable_name =~ "Digilent JTAG-SMT2 210251A543E7"} -index 0
loadhw -hw C:/COSMOS_KJH/CosmosPlus_Cluster/CosmosPlus_DFTL_Cluster_DTRIM_Cache/CDTRIM/Build/CDTRIM/system_hw_platform_0/system.hdf -mem-ranges [list {0x40000000 0xbfffffff}]
configparams force-mem-access 1
targets -set -nocase -filter {name =~"APU*" && jtag_cable_name =~ "Digilent JTAG-SMT2 210251A543E7"} -index 0
ps7_init
ps7_post_config
targets -set -nocase -filter {name =~ "ARM*#0" && jtag_cable_name =~ "Digilent JTAG-SMT2 210251A543E7"} -index 0
dow C:/COSMOS_KJH/CosmosPlus_Cluster/CosmosPlus_DFTL_Cluster_DTRIM_Cache/CDTRIM/Build/CDTRIM/CDTRIM_CACHE/Debug/CDTRIM_CACHE.elf
configparams force-mem-access 0
----------------End of Script----------------

14:20:23 INFO  : Memory regions updated for context APU
14:20:23 INFO  : Context for processor 'ps7_cortexa9_0' is selected.
14:20:23 INFO  : 'con' command is executed.
14:20:23 INFO  : ----------------XSDB Script (After Launch)----------------
targets -set -nocase -filter {name =~ "ARM*#0" && jtag_cable_name =~ "Digilent JTAG-SMT2 210251A543E7"} -index 0
con
----------------End of Script----------------

14:20:23 INFO  : Launch script is exported to file 'C:\COSMOS_KJH\CosmosPlus_Cluster\CosmosPlus_DFTL_Cluster_DTRIM_Cache\CDTRIM\Build\CDTRIM\.sdk\launch_scripts\xilinx_c-c++_application_(system_debugger)\system_debugger_using_debug_cdtrim_cache.elf_on_local.tcl'
15:06:00 INFO  : Disconnected from the channel tcfchan#21.
15:06:01 INFO  : Connected to target on host '127.0.0.1' and port '3121'.
15:06:02 INFO  : Jtag cable 'Digilent JTAG-SMT2 210251A543E7' is selected.
15:06:02 INFO  : 'jtag frequency' command is executed.
15:06:02 INFO  : Sourcing of 'C:/COSMOS_KJH/CosmosPlus_Cluster/CosmosPlus_DFTL_Cluster_DTRIM_Cache/CDTRIM/Build/CDTRIM/system_hw_platform_0/ps7_init.tcl' is done.
15:06:02 INFO  : Context for 'APU' is selected.
15:06:02 INFO  : System reset is completed.
15:06:05 INFO  : 'after 3000' command is executed.
15:06:05 INFO  : 'targets -set -filter {jtag_cable_name =~ "Digilent JTAG-SMT2 210251A543E7" && level==0} -index 1' command is executed.
15:06:13 INFO  : FPGA configured successfully with bitstream "C:/COSMOS_KJH/CosmosPlus_Cluster/CosmosPlus_DFTL_Cluster_DTRIM_Cache/CDTRIM/Build/CDTRIM/system_hw_platform_0/OpenSSD2.bit"
15:06:13 INFO  : Context for 'APU' is selected.
15:06:18 INFO  : Hardware design information is loaded from 'C:/COSMOS_KJH/CosmosPlus_Cluster/CosmosPlus_DFTL_Cluster_DTRIM_Cache/CDTRIM/Build/CDTRIM/system_hw_platform_0/system.hdf'.
15:06:18 INFO  : 'configparams force-mem-access 1' command is executed.
15:06:18 INFO  : Context for 'APU' is selected.
15:06:18 INFO  : 'ps7_init' command is executed.
15:06:18 INFO  : 'ps7_post_config' command is executed.
15:06:18 INFO  : Context for processor 'ps7_cortexa9_0' is selected.
15:06:19 INFO  : The application 'C:/COSMOS_KJH/CosmosPlus_Cluster/CosmosPlus_DFTL_Cluster_DTRIM_Cache/CDTRIM/Build/CDTRIM/CDTRIM_CACHE/Debug/CDTRIM_CACHE.elf' is downloaded to processor 'ps7_cortexa9_0'.
15:06:19 INFO  : 'configparams force-mem-access 0' command is executed.
15:06:19 INFO  : ----------------XSDB Script----------------
connect -url tcp:127.0.0.1:3121
source C:/COSMOS_KJH/CosmosPlus_Cluster/CosmosPlus_DFTL_Cluster_DTRIM_Cache/CDTRIM/Build/CDTRIM/system_hw_platform_0/ps7_init.tcl
targets -set -nocase -filter {name =~"APU*" && jtag_cable_name =~ "Digilent JTAG-SMT2 210251A543E7"} -index 0
rst -system
after 3000
targets -set -filter {jtag_cable_name =~ "Digilent JTAG-SMT2 210251A543E7" && level==0} -index 1
fpga -file C:/COSMOS_KJH/CosmosPlus_Cluster/CosmosPlus_DFTL_Cluster_DTRIM_Cache/CDTRIM/Build/CDTRIM/system_hw_platform_0/OpenSSD2.bit
targets -set -nocase -filter {name =~"APU*" && jtag_cable_name =~ "Digilent JTAG-SMT2 210251A543E7"} -index 0
loadhw -hw C:/COSMOS_KJH/CosmosPlus_Cluster/CosmosPlus_DFTL_Cluster_DTRIM_Cache/CDTRIM/Build/CDTRIM/system_hw_platform_0/system.hdf -mem-ranges [list {0x40000000 0xbfffffff}]
configparams force-mem-access 1
targets -set -nocase -filter {name =~"APU*" && jtag_cable_name =~ "Digilent JTAG-SMT2 210251A543E7"} -index 0
ps7_init
ps7_post_config
targets -set -nocase -filter {name =~ "ARM*#0" && jtag_cable_name =~ "Digilent JTAG-SMT2 210251A543E7"} -index 0
dow C:/COSMOS_KJH/CosmosPlus_Cluster/CosmosPlus_DFTL_Cluster_DTRIM_Cache/CDTRIM/Build/CDTRIM/CDTRIM_CACHE/Debug/CDTRIM_CACHE.elf
configparams force-mem-access 0
----------------End of Script----------------

15:06:19 INFO  : Memory regions updated for context APU
15:06:19 INFO  : Context for processor 'ps7_cortexa9_0' is selected.
15:06:19 INFO  : 'con' command is executed.
15:06:19 INFO  : ----------------XSDB Script (After Launch)----------------
targets -set -nocase -filter {name =~ "ARM*#0" && jtag_cable_name =~ "Digilent JTAG-SMT2 210251A543E7"} -index 0
con
----------------End of Script----------------

15:06:19 INFO  : Launch script is exported to file 'C:\COSMOS_KJH\CosmosPlus_Cluster\CosmosPlus_DFTL_Cluster_DTRIM_Cache\CDTRIM\Build\CDTRIM\.sdk\launch_scripts\xilinx_c-c++_application_(system_debugger)\system_debugger_using_debug_cdtrim_cache.elf_on_local.tcl'
15:51:38 INFO  : Disconnected from the channel tcfchan#22.
15:51:39 INFO  : Connected to target on host '127.0.0.1' and port '3121'.
15:51:39 INFO  : Jtag cable 'Digilent JTAG-SMT2 210251A543E7' is selected.
15:51:39 INFO  : 'jtag frequency' command is executed.
15:51:39 INFO  : Sourcing of 'C:/COSMOS_KJH/CosmosPlus_Cluster/CosmosPlus_DFTL_Cluster_DTRIM_Cache/CDTRIM/Build/CDTRIM/system_hw_platform_0/ps7_init.tcl' is done.
15:51:39 INFO  : Context for 'APU' is selected.
15:51:39 INFO  : System reset is completed.
15:51:42 INFO  : 'after 3000' command is executed.
15:51:42 INFO  : 'targets -set -filter {jtag_cable_name =~ "Digilent JTAG-SMT2 210251A543E7" && level==0} -index 1' command is executed.
15:51:50 INFO  : FPGA configured successfully with bitstream "C:/COSMOS_KJH/CosmosPlus_Cluster/CosmosPlus_DFTL_Cluster_DTRIM_Cache/CDTRIM/Build/CDTRIM/system_hw_platform_0/OpenSSD2.bit"
15:51:50 INFO  : Context for 'APU' is selected.
15:51:55 INFO  : Hardware design information is loaded from 'C:/COSMOS_KJH/CosmosPlus_Cluster/CosmosPlus_DFTL_Cluster_DTRIM_Cache/CDTRIM/Build/CDTRIM/system_hw_platform_0/system.hdf'.
15:51:55 INFO  : 'configparams force-mem-access 1' command is executed.
15:51:55 INFO  : Context for 'APU' is selected.
15:51:55 INFO  : 'ps7_init' command is executed.
15:51:55 INFO  : 'ps7_post_config' command is executed.
15:51:55 INFO  : Context for processor 'ps7_cortexa9_0' is selected.
15:51:55 INFO  : The application 'C:/COSMOS_KJH/CosmosPlus_Cluster/CosmosPlus_DFTL_Cluster_DTRIM_Cache/CDTRIM/Build/CDTRIM/CDTRIM_CACHE/Debug/CDTRIM_CACHE.elf' is downloaded to processor 'ps7_cortexa9_0'.
15:51:55 INFO  : 'configparams force-mem-access 0' command is executed.
15:51:55 INFO  : ----------------XSDB Script----------------
connect -url tcp:127.0.0.1:3121
source C:/COSMOS_KJH/CosmosPlus_Cluster/CosmosPlus_DFTL_Cluster_DTRIM_Cache/CDTRIM/Build/CDTRIM/system_hw_platform_0/ps7_init.tcl
targets -set -nocase -filter {name =~"APU*" && jtag_cable_name =~ "Digilent JTAG-SMT2 210251A543E7"} -index 0
rst -system
after 3000
targets -set -filter {jtag_cable_name =~ "Digilent JTAG-SMT2 210251A543E7" && level==0} -index 1
fpga -file C:/COSMOS_KJH/CosmosPlus_Cluster/CosmosPlus_DFTL_Cluster_DTRIM_Cache/CDTRIM/Build/CDTRIM/system_hw_platform_0/OpenSSD2.bit
targets -set -nocase -filter {name =~"APU*" && jtag_cable_name =~ "Digilent JTAG-SMT2 210251A543E7"} -index 0
loadhw -hw C:/COSMOS_KJH/CosmosPlus_Cluster/CosmosPlus_DFTL_Cluster_DTRIM_Cache/CDTRIM/Build/CDTRIM/system_hw_platform_0/system.hdf -mem-ranges [list {0x40000000 0xbfffffff}]
configparams force-mem-access 1
targets -set -nocase -filter {name =~"APU*" && jtag_cable_name =~ "Digilent JTAG-SMT2 210251A543E7"} -index 0
ps7_init
ps7_post_config
targets -set -nocase -filter {name =~ "ARM*#0" && jtag_cable_name =~ "Digilent JTAG-SMT2 210251A543E7"} -index 0
dow C:/COSMOS_KJH/CosmosPlus_Cluster/CosmosPlus_DFTL_Cluster_DTRIM_Cache/CDTRIM/Build/CDTRIM/CDTRIM_CACHE/Debug/CDTRIM_CACHE.elf
configparams force-mem-access 0
----------------End of Script----------------

15:51:56 INFO  : Memory regions updated for context APU
15:51:56 INFO  : Context for processor 'ps7_cortexa9_0' is selected.
15:51:56 INFO  : 'con' command is executed.
15:51:56 INFO  : ----------------XSDB Script (After Launch)----------------
targets -set -nocase -filter {name =~ "ARM*#0" && jtag_cable_name =~ "Digilent JTAG-SMT2 210251A543E7"} -index 0
con
----------------End of Script----------------

15:51:56 INFO  : Launch script is exported to file 'C:\COSMOS_KJH\CosmosPlus_Cluster\CosmosPlus_DFTL_Cluster_DTRIM_Cache\CDTRIM\Build\CDTRIM\.sdk\launch_scripts\xilinx_c-c++_application_(system_debugger)\system_debugger_using_debug_cdtrim_cache.elf_on_local.tcl'
16:28:10 INFO  : Disconnected from the channel tcfchan#23.
16:28:11 INFO  : Connected to target on host '127.0.0.1' and port '3121'.
16:28:11 INFO  : Jtag cable 'Digilent JTAG-SMT2 210251A543E7' is selected.
16:28:11 INFO  : 'jtag frequency' command is executed.
16:28:11 INFO  : Sourcing of 'C:/COSMOS_KJH/CosmosPlus_Cluster/CosmosPlus_DFTL_Cluster_DTRIM_Cache/CDTRIM/Build/CDTRIM/system_hw_platform_0/ps7_init.tcl' is done.
16:28:11 INFO  : Context for 'APU' is selected.
16:28:11 INFO  : System reset is completed.
16:28:14 INFO  : 'after 3000' command is executed.
16:28:14 INFO  : 'targets -set -filter {jtag_cable_name =~ "Digilent JTAG-SMT2 210251A543E7" && level==0} -index 1' command is executed.
16:28:22 INFO  : FPGA configured successfully with bitstream "C:/COSMOS_KJH/CosmosPlus_Cluster/CosmosPlus_DFTL_Cluster_DTRIM_Cache/CDTRIM/Build/CDTRIM/system_hw_platform_0/OpenSSD2.bit"
16:28:22 INFO  : Context for 'APU' is selected.
16:28:27 INFO  : Hardware design information is loaded from 'C:/COSMOS_KJH/CosmosPlus_Cluster/CosmosPlus_DFTL_Cluster_DTRIM_Cache/CDTRIM/Build/CDTRIM/system_hw_platform_0/system.hdf'.
16:28:27 INFO  : 'configparams force-mem-access 1' command is executed.
16:28:27 INFO  : Context for 'APU' is selected.
16:28:27 INFO  : 'ps7_init' command is executed.
16:28:27 INFO  : 'ps7_post_config' command is executed.
16:28:27 INFO  : Context for processor 'ps7_cortexa9_0' is selected.
16:28:28 INFO  : The application 'C:/COSMOS_KJH/CosmosPlus_Cluster/CosmosPlus_DFTL_Cluster_DTRIM_Cache/CDTRIM/Build/CDTRIM/CDTRIM_CACHE/Debug/CDTRIM_CACHE.elf' is downloaded to processor 'ps7_cortexa9_0'.
16:28:28 INFO  : 'configparams force-mem-access 0' command is executed.
16:28:28 INFO  : ----------------XSDB Script----------------
connect -url tcp:127.0.0.1:3121
source C:/COSMOS_KJH/CosmosPlus_Cluster/CosmosPlus_DFTL_Cluster_DTRIM_Cache/CDTRIM/Build/CDTRIM/system_hw_platform_0/ps7_init.tcl
targets -set -nocase -filter {name =~"APU*" && jtag_cable_name =~ "Digilent JTAG-SMT2 210251A543E7"} -index 0
rst -system
after 3000
targets -set -filter {jtag_cable_name =~ "Digilent JTAG-SMT2 210251A543E7" && level==0} -index 1
fpga -file C:/COSMOS_KJH/CosmosPlus_Cluster/CosmosPlus_DFTL_Cluster_DTRIM_Cache/CDTRIM/Build/CDTRIM/system_hw_platform_0/OpenSSD2.bit
targets -set -nocase -filter {name =~"APU*" && jtag_cable_name =~ "Digilent JTAG-SMT2 210251A543E7"} -index 0
loadhw -hw C:/COSMOS_KJH/CosmosPlus_Cluster/CosmosPlus_DFTL_Cluster_DTRIM_Cache/CDTRIM/Build/CDTRIM/system_hw_platform_0/system.hdf -mem-ranges [list {0x40000000 0xbfffffff}]
configparams force-mem-access 1
targets -set -nocase -filter {name =~"APU*" && jtag_cable_name =~ "Digilent JTAG-SMT2 210251A543E7"} -index 0
ps7_init
ps7_post_config
targets -set -nocase -filter {name =~ "ARM*#0" && jtag_cable_name =~ "Digilent JTAG-SMT2 210251A543E7"} -index 0
dow C:/COSMOS_KJH/CosmosPlus_Cluster/CosmosPlus_DFTL_Cluster_DTRIM_Cache/CDTRIM/Build/CDTRIM/CDTRIM_CACHE/Debug/CDTRIM_CACHE.elf
configparams force-mem-access 0
----------------End of Script----------------

16:28:28 INFO  : Memory regions updated for context APU
16:28:28 INFO  : Context for processor 'ps7_cortexa9_0' is selected.
16:28:28 INFO  : 'con' command is executed.
16:28:28 INFO  : ----------------XSDB Script (After Launch)----------------
targets -set -nocase -filter {name =~ "ARM*#0" && jtag_cable_name =~ "Digilent JTAG-SMT2 210251A543E7"} -index 0
con
----------------End of Script----------------

16:28:28 INFO  : Launch script is exported to file 'C:\COSMOS_KJH\CosmosPlus_Cluster\CosmosPlus_DFTL_Cluster_DTRIM_Cache\CDTRIM\Build\CDTRIM\.sdk\launch_scripts\xilinx_c-c++_application_(system_debugger)\system_debugger_using_debug_cdtrim_cache.elf_on_local.tcl'
17:35:20 INFO  : Disconnected from the channel tcfchan#24.
17:35:21 INFO  : Connected to target on host '127.0.0.1' and port '3121'.
17:35:21 INFO  : Jtag cable 'Digilent JTAG-SMT2 210251A543E7' is selected.
17:35:21 INFO  : 'jtag frequency' command is executed.
17:35:21 INFO  : Sourcing of 'C:/COSMOS_KJH/CosmosPlus_Cluster/CosmosPlus_DFTL_Cluster_DTRIM_Cache/CDTRIM/Build/CDTRIM/system_hw_platform_0/ps7_init.tcl' is done.
17:35:21 INFO  : Context for 'APU' is selected.
17:35:21 INFO  : System reset is completed.
17:35:24 INFO  : 'after 3000' command is executed.
17:35:24 INFO  : 'targets -set -filter {jtag_cable_name =~ "Digilent JTAG-SMT2 210251A543E7" && level==0} -index 1' command is executed.
17:35:32 INFO  : FPGA configured successfully with bitstream "C:/COSMOS_KJH/CosmosPlus_Cluster/CosmosPlus_DFTL_Cluster_DTRIM_Cache/CDTRIM/Build/CDTRIM/system_hw_platform_0/OpenSSD2.bit"
17:35:32 INFO  : Context for 'APU' is selected.
17:35:38 INFO  : Hardware design information is loaded from 'C:/COSMOS_KJH/CosmosPlus_Cluster/CosmosPlus_DFTL_Cluster_DTRIM_Cache/CDTRIM/Build/CDTRIM/system_hw_platform_0/system.hdf'.
17:35:38 INFO  : 'configparams force-mem-access 1' command is executed.
17:35:38 INFO  : Context for 'APU' is selected.
17:35:38 INFO  : 'ps7_init' command is executed.
17:35:38 INFO  : 'ps7_post_config' command is executed.
17:35:38 INFO  : Context for processor 'ps7_cortexa9_0' is selected.
17:35:39 INFO  : The application 'C:/COSMOS_KJH/CosmosPlus_Cluster/CosmosPlus_DFTL_Cluster_DTRIM_Cache/CDTRIM/Build/CDTRIM/CDTRIM_CACHE/Debug/CDTRIM_CACHE.elf' is downloaded to processor 'ps7_cortexa9_0'.
17:35:39 INFO  : 'configparams force-mem-access 0' command is executed.
17:35:39 INFO  : ----------------XSDB Script----------------
connect -url tcp:127.0.0.1:3121
source C:/COSMOS_KJH/CosmosPlus_Cluster/CosmosPlus_DFTL_Cluster_DTRIM_Cache/CDTRIM/Build/CDTRIM/system_hw_platform_0/ps7_init.tcl
targets -set -nocase -filter {name =~"APU*" && jtag_cable_name =~ "Digilent JTAG-SMT2 210251A543E7"} -index 0
rst -system
after 3000
targets -set -filter {jtag_cable_name =~ "Digilent JTAG-SMT2 210251A543E7" && level==0} -index 1
fpga -file C:/COSMOS_KJH/CosmosPlus_Cluster/CosmosPlus_DFTL_Cluster_DTRIM_Cache/CDTRIM/Build/CDTRIM/system_hw_platform_0/OpenSSD2.bit
targets -set -nocase -filter {name =~"APU*" && jtag_cable_name =~ "Digilent JTAG-SMT2 210251A543E7"} -index 0
loadhw -hw C:/COSMOS_KJH/CosmosPlus_Cluster/CosmosPlus_DFTL_Cluster_DTRIM_Cache/CDTRIM/Build/CDTRIM/system_hw_platform_0/system.hdf -mem-ranges [list {0x40000000 0xbfffffff}]
configparams force-mem-access 1
targets -set -nocase -filter {name =~"APU*" && jtag_cable_name =~ "Digilent JTAG-SMT2 210251A543E7"} -index 0
ps7_init
ps7_post_config
targets -set -nocase -filter {name =~ "ARM*#0" && jtag_cable_name =~ "Digilent JTAG-SMT2 210251A543E7"} -index 0
dow C:/COSMOS_KJH/CosmosPlus_Cluster/CosmosPlus_DFTL_Cluster_DTRIM_Cache/CDTRIM/Build/CDTRIM/CDTRIM_CACHE/Debug/CDTRIM_CACHE.elf
configparams force-mem-access 0
----------------End of Script----------------

17:35:39 INFO  : Memory regions updated for context APU
17:35:39 INFO  : Context for processor 'ps7_cortexa9_0' is selected.
17:35:39 INFO  : 'con' command is executed.
17:35:39 INFO  : ----------------XSDB Script (After Launch)----------------
targets -set -nocase -filter {name =~ "ARM*#0" && jtag_cable_name =~ "Digilent JTAG-SMT2 210251A543E7"} -index 0
con
----------------End of Script----------------

17:35:39 INFO  : Launch script is exported to file 'C:\COSMOS_KJH\CosmosPlus_Cluster\CosmosPlus_DFTL_Cluster_DTRIM_Cache\CDTRIM\Build\CDTRIM\.sdk\launch_scripts\xilinx_c-c++_application_(system_debugger)\system_debugger_using_debug_cdtrim_cache.elf_on_local.tcl'
20:14:43 INFO  : Disconnected from the channel tcfchan#25.
20:14:44 INFO  : Connected to target on host '127.0.0.1' and port '3121'.
20:14:45 INFO  : Jtag cable 'Digilent JTAG-SMT2 210251A543E7' is selected.
20:14:45 INFO  : 'jtag frequency' command is executed.
20:14:45 INFO  : Sourcing of 'C:/COSMOS_KJH/CosmosPlus_Cluster/CosmosPlus_DFTL_Cluster_DTRIM_Cache/CDTRIM/Build/CDTRIM/system_hw_platform_0/ps7_init.tcl' is done.
20:14:45 INFO  : Context for 'APU' is selected.
20:14:45 INFO  : System reset is completed.
20:14:48 INFO  : 'after 3000' command is executed.
20:14:48 INFO  : 'targets -set -filter {jtag_cable_name =~ "Digilent JTAG-SMT2 210251A543E7" && level==0} -index 1' command is executed.
20:14:56 INFO  : FPGA configured successfully with bitstream "C:/COSMOS_KJH/CosmosPlus_Cluster/CosmosPlus_DFTL_Cluster_DTRIM_Cache/CDTRIM/Build/CDTRIM/system_hw_platform_0/OpenSSD2.bit"
20:14:56 INFO  : Context for 'APU' is selected.
20:15:01 INFO  : Hardware design information is loaded from 'C:/COSMOS_KJH/CosmosPlus_Cluster/CosmosPlus_DFTL_Cluster_DTRIM_Cache/CDTRIM/Build/CDTRIM/system_hw_platform_0/system.hdf'.
20:15:01 INFO  : 'configparams force-mem-access 1' command is executed.
20:15:01 INFO  : Context for 'APU' is selected.
20:15:01 INFO  : 'ps7_init' command is executed.
20:15:01 INFO  : 'ps7_post_config' command is executed.
20:15:01 INFO  : Context for processor 'ps7_cortexa9_0' is selected.
20:15:02 INFO  : The application 'C:/COSMOS_KJH/CosmosPlus_Cluster/CosmosPlus_DFTL_Cluster_DTRIM_Cache/CDTRIM/Build/CDTRIM/CDTRIM_CACHE/Debug/CDTRIM_CACHE.elf' is downloaded to processor 'ps7_cortexa9_0'.
20:15:02 INFO  : 'configparams force-mem-access 0' command is executed.
20:15:02 INFO  : ----------------XSDB Script----------------
connect -url tcp:127.0.0.1:3121
source C:/COSMOS_KJH/CosmosPlus_Cluster/CosmosPlus_DFTL_Cluster_DTRIM_Cache/CDTRIM/Build/CDTRIM/system_hw_platform_0/ps7_init.tcl
targets -set -nocase -filter {name =~"APU*" && jtag_cable_name =~ "Digilent JTAG-SMT2 210251A543E7"} -index 0
rst -system
after 3000
targets -set -filter {jtag_cable_name =~ "Digilent JTAG-SMT2 210251A543E7" && level==0} -index 1
fpga -file C:/COSMOS_KJH/CosmosPlus_Cluster/CosmosPlus_DFTL_Cluster_DTRIM_Cache/CDTRIM/Build/CDTRIM/system_hw_platform_0/OpenSSD2.bit
targets -set -nocase -filter {name =~"APU*" && jtag_cable_name =~ "Digilent JTAG-SMT2 210251A543E7"} -index 0
loadhw -hw C:/COSMOS_KJH/CosmosPlus_Cluster/CosmosPlus_DFTL_Cluster_DTRIM_Cache/CDTRIM/Build/CDTRIM/system_hw_platform_0/system.hdf -mem-ranges [list {0x40000000 0xbfffffff}]
configparams force-mem-access 1
targets -set -nocase -filter {name =~"APU*" && jtag_cable_name =~ "Digilent JTAG-SMT2 210251A543E7"} -index 0
ps7_init
ps7_post_config
targets -set -nocase -filter {name =~ "ARM*#0" && jtag_cable_name =~ "Digilent JTAG-SMT2 210251A543E7"} -index 0
dow C:/COSMOS_KJH/CosmosPlus_Cluster/CosmosPlus_DFTL_Cluster_DTRIM_Cache/CDTRIM/Build/CDTRIM/CDTRIM_CACHE/Debug/CDTRIM_CACHE.elf
configparams force-mem-access 0
----------------End of Script----------------

20:15:02 INFO  : Memory regions updated for context APU
20:15:02 INFO  : Context for processor 'ps7_cortexa9_0' is selected.
20:15:02 INFO  : 'con' command is executed.
20:15:02 INFO  : ----------------XSDB Script (After Launch)----------------
targets -set -nocase -filter {name =~ "ARM*#0" && jtag_cable_name =~ "Digilent JTAG-SMT2 210251A543E7"} -index 0
con
----------------End of Script----------------

20:15:02 INFO  : Launch script is exported to file 'C:\COSMOS_KJH\CosmosPlus_Cluster\CosmosPlus_DFTL_Cluster_DTRIM_Cache\CDTRIM\Build\CDTRIM\.sdk\launch_scripts\xilinx_c-c++_application_(system_debugger)\system_debugger_using_debug_cdtrim_cache.elf_on_local.tcl'
20:48:00 INFO  : Disconnected from the channel tcfchan#26.
20:48:01 INFO  : Connected to target on host '127.0.0.1' and port '3121'.
20:48:02 INFO  : Jtag cable 'Digilent JTAG-SMT2 210251A543E7' is selected.
20:48:02 INFO  : 'jtag frequency' command is executed.
20:48:02 INFO  : Sourcing of 'C:/COSMOS_KJH/CosmosPlus_Cluster/CosmosPlus_DFTL_Cluster_DTRIM_Cache/CDTRIM/Build/CDTRIM/system_hw_platform_0/ps7_init.tcl' is done.
20:48:02 INFO  : Context for 'APU' is selected.
20:48:02 INFO  : System reset is completed.
20:48:05 INFO  : 'after 3000' command is executed.
20:48:05 INFO  : 'targets -set -filter {jtag_cable_name =~ "Digilent JTAG-SMT2 210251A543E7" && level==0} -index 1' command is executed.
20:48:13 INFO  : FPGA configured successfully with bitstream "C:/COSMOS_KJH/CosmosPlus_Cluster/CosmosPlus_DFTL_Cluster_DTRIM_Cache/CDTRIM/Build/CDTRIM/system_hw_platform_0/OpenSSD2.bit"
20:48:13 INFO  : Context for 'APU' is selected.
20:48:18 INFO  : Hardware design information is loaded from 'C:/COSMOS_KJH/CosmosPlus_Cluster/CosmosPlus_DFTL_Cluster_DTRIM_Cache/CDTRIM/Build/CDTRIM/system_hw_platform_0/system.hdf'.
20:48:18 INFO  : 'configparams force-mem-access 1' command is executed.
20:48:18 INFO  : Context for 'APU' is selected.
20:48:19 INFO  : 'ps7_init' command is executed.
20:48:19 INFO  : 'ps7_post_config' command is executed.
20:48:19 INFO  : Context for processor 'ps7_cortexa9_0' is selected.
20:48:19 INFO  : The application 'C:/COSMOS_KJH/CosmosPlus_Cluster/CosmosPlus_DFTL_Cluster_DTRIM_Cache/CDTRIM/Build/CDTRIM/CDTRIM_CACHE/Debug/CDTRIM_CACHE.elf' is downloaded to processor 'ps7_cortexa9_0'.
20:48:19 INFO  : 'configparams force-mem-access 0' command is executed.
20:48:19 INFO  : ----------------XSDB Script----------------
connect -url tcp:127.0.0.1:3121
source C:/COSMOS_KJH/CosmosPlus_Cluster/CosmosPlus_DFTL_Cluster_DTRIM_Cache/CDTRIM/Build/CDTRIM/system_hw_platform_0/ps7_init.tcl
targets -set -nocase -filter {name =~"APU*" && jtag_cable_name =~ "Digilent JTAG-SMT2 210251A543E7"} -index 0
rst -system
after 3000
targets -set -filter {jtag_cable_name =~ "Digilent JTAG-SMT2 210251A543E7" && level==0} -index 1
fpga -file C:/COSMOS_KJH/CosmosPlus_Cluster/CosmosPlus_DFTL_Cluster_DTRIM_Cache/CDTRIM/Build/CDTRIM/system_hw_platform_0/OpenSSD2.bit
targets -set -nocase -filter {name =~"APU*" && jtag_cable_name =~ "Digilent JTAG-SMT2 210251A543E7"} -index 0
loadhw -hw C:/COSMOS_KJH/CosmosPlus_Cluster/CosmosPlus_DFTL_Cluster_DTRIM_Cache/CDTRIM/Build/CDTRIM/system_hw_platform_0/system.hdf -mem-ranges [list {0x40000000 0xbfffffff}]
configparams force-mem-access 1
targets -set -nocase -filter {name =~"APU*" && jtag_cable_name =~ "Digilent JTAG-SMT2 210251A543E7"} -index 0
ps7_init
ps7_post_config
targets -set -nocase -filter {name =~ "ARM*#0" && jtag_cable_name =~ "Digilent JTAG-SMT2 210251A543E7"} -index 0
dow C:/COSMOS_KJH/CosmosPlus_Cluster/CosmosPlus_DFTL_Cluster_DTRIM_Cache/CDTRIM/Build/CDTRIM/CDTRIM_CACHE/Debug/CDTRIM_CACHE.elf
configparams force-mem-access 0
----------------End of Script----------------

20:48:19 INFO  : Memory regions updated for context APU
20:48:19 INFO  : Context for processor 'ps7_cortexa9_0' is selected.
20:48:19 INFO  : 'con' command is executed.
20:48:19 INFO  : ----------------XSDB Script (After Launch)----------------
targets -set -nocase -filter {name =~ "ARM*#0" && jtag_cable_name =~ "Digilent JTAG-SMT2 210251A543E7"} -index 0
con
----------------End of Script----------------

20:48:19 INFO  : Launch script is exported to file 'C:\COSMOS_KJH\CosmosPlus_Cluster\CosmosPlus_DFTL_Cluster_DTRIM_Cache\CDTRIM\Build\CDTRIM\.sdk\launch_scripts\xilinx_c-c++_application_(system_debugger)\system_debugger_using_debug_cdtrim_cache.elf_on_local.tcl'
21:24:31 INFO  : Disconnected from the channel tcfchan#27.
21:24:32 INFO  : Connected to target on host '127.0.0.1' and port '3121'.
21:24:32 INFO  : Jtag cable 'Digilent JTAG-SMT2 210251A543E7' is selected.
21:24:32 INFO  : 'jtag frequency' command is executed.
21:24:32 INFO  : Sourcing of 'C:/COSMOS_KJH/CosmosPlus_Cluster/CosmosPlus_DFTL_Cluster_DTRIM_Cache/CDTRIM/Build/CDTRIM/system_hw_platform_0/ps7_init.tcl' is done.
21:24:32 INFO  : Context for 'APU' is selected.
21:24:33 INFO  : System reset is completed.
21:24:36 INFO  : 'after 3000' command is executed.
21:24:36 INFO  : 'targets -set -filter {jtag_cable_name =~ "Digilent JTAG-SMT2 210251A543E7" && level==0} -index 1' command is executed.
21:24:43 INFO  : FPGA configured successfully with bitstream "C:/COSMOS_KJH/CosmosPlus_Cluster/CosmosPlus_DFTL_Cluster_DTRIM_Cache/CDTRIM/Build/CDTRIM/system_hw_platform_0/OpenSSD2.bit"
21:24:43 INFO  : Context for 'APU' is selected.
21:24:49 INFO  : Hardware design information is loaded from 'C:/COSMOS_KJH/CosmosPlus_Cluster/CosmosPlus_DFTL_Cluster_DTRIM_Cache/CDTRIM/Build/CDTRIM/system_hw_platform_0/system.hdf'.
21:24:49 INFO  : 'configparams force-mem-access 1' command is executed.
21:24:49 INFO  : Context for 'APU' is selected.
21:24:49 INFO  : 'ps7_init' command is executed.
21:24:49 INFO  : 'ps7_post_config' command is executed.
21:24:49 INFO  : Context for processor 'ps7_cortexa9_0' is selected.
21:24:49 INFO  : The application 'C:/COSMOS_KJH/CosmosPlus_Cluster/CosmosPlus_DFTL_Cluster_DTRIM_Cache/CDTRIM/Build/CDTRIM/CDTRIM_CACHE/Debug/CDTRIM_CACHE.elf' is downloaded to processor 'ps7_cortexa9_0'.
21:24:49 INFO  : 'configparams force-mem-access 0' command is executed.
21:24:49 INFO  : ----------------XSDB Script----------------
connect -url tcp:127.0.0.1:3121
source C:/COSMOS_KJH/CosmosPlus_Cluster/CosmosPlus_DFTL_Cluster_DTRIM_Cache/CDTRIM/Build/CDTRIM/system_hw_platform_0/ps7_init.tcl
targets -set -nocase -filter {name =~"APU*" && jtag_cable_name =~ "Digilent JTAG-SMT2 210251A543E7"} -index 0
rst -system
after 3000
targets -set -filter {jtag_cable_name =~ "Digilent JTAG-SMT2 210251A543E7" && level==0} -index 1
fpga -file C:/COSMOS_KJH/CosmosPlus_Cluster/CosmosPlus_DFTL_Cluster_DTRIM_Cache/CDTRIM/Build/CDTRIM/system_hw_platform_0/OpenSSD2.bit
targets -set -nocase -filter {name =~"APU*" && jtag_cable_name =~ "Digilent JTAG-SMT2 210251A543E7"} -index 0
loadhw -hw C:/COSMOS_KJH/CosmosPlus_Cluster/CosmosPlus_DFTL_Cluster_DTRIM_Cache/CDTRIM/Build/CDTRIM/system_hw_platform_0/system.hdf -mem-ranges [list {0x40000000 0xbfffffff}]
configparams force-mem-access 1
targets -set -nocase -filter {name =~"APU*" && jtag_cable_name =~ "Digilent JTAG-SMT2 210251A543E7"} -index 0
ps7_init
ps7_post_config
targets -set -nocase -filter {name =~ "ARM*#0" && jtag_cable_name =~ "Digilent JTAG-SMT2 210251A543E7"} -index 0
dow C:/COSMOS_KJH/CosmosPlus_Cluster/CosmosPlus_DFTL_Cluster_DTRIM_Cache/CDTRIM/Build/CDTRIM/CDTRIM_CACHE/Debug/CDTRIM_CACHE.elf
configparams force-mem-access 0
----------------End of Script----------------

21:24:50 INFO  : Memory regions updated for context APU
21:24:50 INFO  : Context for processor 'ps7_cortexa9_0' is selected.
21:24:50 INFO  : 'con' command is executed.
21:24:50 INFO  : ----------------XSDB Script (After Launch)----------------
targets -set -nocase -filter {name =~ "ARM*#0" && jtag_cable_name =~ "Digilent JTAG-SMT2 210251A543E7"} -index 0
con
----------------End of Script----------------

21:24:50 INFO  : Launch script is exported to file 'C:\COSMOS_KJH\CosmosPlus_Cluster\CosmosPlus_DFTL_Cluster_DTRIM_Cache\CDTRIM\Build\CDTRIM\.sdk\launch_scripts\xilinx_c-c++_application_(system_debugger)\system_debugger_using_debug_cdtrim_cache.elf_on_local.tcl'
21:57:37 INFO  : Disconnected from the channel tcfchan#28.
21:57:38 INFO  : Connected to target on host '127.0.0.1' and port '3121'.
21:57:38 INFO  : Jtag cable 'Digilent JTAG-SMT2 210251A543E7' is selected.
21:57:38 INFO  : 'jtag frequency' command is executed.
21:57:38 INFO  : Sourcing of 'C:/COSMOS_KJH/CosmosPlus_Cluster/CosmosPlus_DFTL_Cluster_DTRIM_Cache/CDTRIM/Build/CDTRIM/system_hw_platform_0/ps7_init.tcl' is done.
21:57:38 INFO  : Context for 'APU' is selected.
21:57:38 INFO  : System reset is completed.
21:57:41 INFO  : 'after 3000' command is executed.
21:57:41 INFO  : 'targets -set -filter {jtag_cable_name =~ "Digilent JTAG-SMT2 210251A543E7" && level==0} -index 1' command is executed.
21:57:49 INFO  : FPGA configured successfully with bitstream "C:/COSMOS_KJH/CosmosPlus_Cluster/CosmosPlus_DFTL_Cluster_DTRIM_Cache/CDTRIM/Build/CDTRIM/system_hw_platform_0/OpenSSD2.bit"
21:57:49 INFO  : Context for 'APU' is selected.
21:57:54 INFO  : Hardware design information is loaded from 'C:/COSMOS_KJH/CosmosPlus_Cluster/CosmosPlus_DFTL_Cluster_DTRIM_Cache/CDTRIM/Build/CDTRIM/system_hw_platform_0/system.hdf'.
21:57:54 INFO  : 'configparams force-mem-access 1' command is executed.
21:57:54 INFO  : Context for 'APU' is selected.
21:57:54 INFO  : 'ps7_init' command is executed.
21:57:54 INFO  : 'ps7_post_config' command is executed.
21:57:54 INFO  : Context for processor 'ps7_cortexa9_0' is selected.
21:57:55 INFO  : The application 'C:/COSMOS_KJH/CosmosPlus_Cluster/CosmosPlus_DFTL_Cluster_DTRIM_Cache/CDTRIM/Build/CDTRIM/CDTRIM_CACHE/Debug/CDTRIM_CACHE.elf' is downloaded to processor 'ps7_cortexa9_0'.
21:57:55 INFO  : 'configparams force-mem-access 0' command is executed.
21:57:55 INFO  : ----------------XSDB Script----------------
connect -url tcp:127.0.0.1:3121
source C:/COSMOS_KJH/CosmosPlus_Cluster/CosmosPlus_DFTL_Cluster_DTRIM_Cache/CDTRIM/Build/CDTRIM/system_hw_platform_0/ps7_init.tcl
targets -set -nocase -filter {name =~"APU*" && jtag_cable_name =~ "Digilent JTAG-SMT2 210251A543E7"} -index 0
rst -system
after 3000
targets -set -filter {jtag_cable_name =~ "Digilent JTAG-SMT2 210251A543E7" && level==0} -index 1
fpga -file C:/COSMOS_KJH/CosmosPlus_Cluster/CosmosPlus_DFTL_Cluster_DTRIM_Cache/CDTRIM/Build/CDTRIM/system_hw_platform_0/OpenSSD2.bit
targets -set -nocase -filter {name =~"APU*" && jtag_cable_name =~ "Digilent JTAG-SMT2 210251A543E7"} -index 0
loadhw -hw C:/COSMOS_KJH/CosmosPlus_Cluster/CosmosPlus_DFTL_Cluster_DTRIM_Cache/CDTRIM/Build/CDTRIM/system_hw_platform_0/system.hdf -mem-ranges [list {0x40000000 0xbfffffff}]
configparams force-mem-access 1
targets -set -nocase -filter {name =~"APU*" && jtag_cable_name =~ "Digilent JTAG-SMT2 210251A543E7"} -index 0
ps7_init
ps7_post_config
targets -set -nocase -filter {name =~ "ARM*#0" && jtag_cable_name =~ "Digilent JTAG-SMT2 210251A543E7"} -index 0
dow C:/COSMOS_KJH/CosmosPlus_Cluster/CosmosPlus_DFTL_Cluster_DTRIM_Cache/CDTRIM/Build/CDTRIM/CDTRIM_CACHE/Debug/CDTRIM_CACHE.elf
configparams force-mem-access 0
----------------End of Script----------------

21:57:55 INFO  : Memory regions updated for context APU
21:57:55 INFO  : Context for processor 'ps7_cortexa9_0' is selected.
21:57:55 INFO  : 'con' command is executed.
21:57:55 INFO  : ----------------XSDB Script (After Launch)----------------
targets -set -nocase -filter {name =~ "ARM*#0" && jtag_cable_name =~ "Digilent JTAG-SMT2 210251A543E7"} -index 0
con
----------------End of Script----------------

21:57:55 INFO  : Launch script is exported to file 'C:\COSMOS_KJH\CosmosPlus_Cluster\CosmosPlus_DFTL_Cluster_DTRIM_Cache\CDTRIM\Build\CDTRIM\.sdk\launch_scripts\xilinx_c-c++_application_(system_debugger)\system_debugger_using_debug_cdtrim_cache.elf_on_local.tcl'
22:33:14 INFO  : Disconnected from the channel tcfchan#29.
22:33:15 INFO  : Connected to target on host '127.0.0.1' and port '3121'.
22:33:15 INFO  : Jtag cable 'Digilent JTAG-SMT2 210251A543E7' is selected.
22:33:15 INFO  : 'jtag frequency' command is executed.
22:33:15 INFO  : Sourcing of 'C:/COSMOS_KJH/CosmosPlus_Cluster/CosmosPlus_DFTL_Cluster_DTRIM_Cache/CDTRIM/Build/CDTRIM/system_hw_platform_0/ps7_init.tcl' is done.
22:33:15 INFO  : Context for 'APU' is selected.
22:33:16 INFO  : System reset is completed.
22:33:19 INFO  : 'after 3000' command is executed.
22:33:19 INFO  : 'targets -set -filter {jtag_cable_name =~ "Digilent JTAG-SMT2 210251A543E7" && level==0} -index 1' command is executed.
22:33:26 INFO  : FPGA configured successfully with bitstream "C:/COSMOS_KJH/CosmosPlus_Cluster/CosmosPlus_DFTL_Cluster_DTRIM_Cache/CDTRIM/Build/CDTRIM/system_hw_platform_0/OpenSSD2.bit"
22:33:26 INFO  : Context for 'APU' is selected.
22:33:31 INFO  : Hardware design information is loaded from 'C:/COSMOS_KJH/CosmosPlus_Cluster/CosmosPlus_DFTL_Cluster_DTRIM_Cache/CDTRIM/Build/CDTRIM/system_hw_platform_0/system.hdf'.
22:33:31 INFO  : 'configparams force-mem-access 1' command is executed.
22:33:32 INFO  : Context for 'APU' is selected.
22:33:32 INFO  : 'ps7_init' command is executed.
22:33:32 INFO  : 'ps7_post_config' command is executed.
22:33:32 INFO  : Context for processor 'ps7_cortexa9_0' is selected.
22:33:32 INFO  : The application 'C:/COSMOS_KJH/CosmosPlus_Cluster/CosmosPlus_DFTL_Cluster_DTRIM_Cache/CDTRIM/Build/CDTRIM/CDTRIM_CACHE/Debug/CDTRIM_CACHE.elf' is downloaded to processor 'ps7_cortexa9_0'.
22:33:32 INFO  : 'configparams force-mem-access 0' command is executed.
22:33:32 INFO  : ----------------XSDB Script----------------
connect -url tcp:127.0.0.1:3121
source C:/COSMOS_KJH/CosmosPlus_Cluster/CosmosPlus_DFTL_Cluster_DTRIM_Cache/CDTRIM/Build/CDTRIM/system_hw_platform_0/ps7_init.tcl
targets -set -nocase -filter {name =~"APU*" && jtag_cable_name =~ "Digilent JTAG-SMT2 210251A543E7"} -index 0
rst -system
after 3000
targets -set -filter {jtag_cable_name =~ "Digilent JTAG-SMT2 210251A543E7" && level==0} -index 1
fpga -file C:/COSMOS_KJH/CosmosPlus_Cluster/CosmosPlus_DFTL_Cluster_DTRIM_Cache/CDTRIM/Build/CDTRIM/system_hw_platform_0/OpenSSD2.bit
targets -set -nocase -filter {name =~"APU*" && jtag_cable_name =~ "Digilent JTAG-SMT2 210251A543E7"} -index 0
loadhw -hw C:/COSMOS_KJH/CosmosPlus_Cluster/CosmosPlus_DFTL_Cluster_DTRIM_Cache/CDTRIM/Build/CDTRIM/system_hw_platform_0/system.hdf -mem-ranges [list {0x40000000 0xbfffffff}]
configparams force-mem-access 1
targets -set -nocase -filter {name =~"APU*" && jtag_cable_name =~ "Digilent JTAG-SMT2 210251A543E7"} -index 0
ps7_init
ps7_post_config
targets -set -nocase -filter {name =~ "ARM*#0" && jtag_cable_name =~ "Digilent JTAG-SMT2 210251A543E7"} -index 0
dow C:/COSMOS_KJH/CosmosPlus_Cluster/CosmosPlus_DFTL_Cluster_DTRIM_Cache/CDTRIM/Build/CDTRIM/CDTRIM_CACHE/Debug/CDTRIM_CACHE.elf
configparams force-mem-access 0
----------------End of Script----------------

22:33:32 INFO  : Memory regions updated for context APU
22:33:32 INFO  : Context for processor 'ps7_cortexa9_0' is selected.
22:33:33 INFO  : 'con' command is executed.
22:33:33 INFO  : ----------------XSDB Script (After Launch)----------------
targets -set -nocase -filter {name =~ "ARM*#0" && jtag_cable_name =~ "Digilent JTAG-SMT2 210251A543E7"} -index 0
con
----------------End of Script----------------

22:33:33 INFO  : Launch script is exported to file 'C:\COSMOS_KJH\CosmosPlus_Cluster\CosmosPlus_DFTL_Cluster_DTRIM_Cache\CDTRIM\Build\CDTRIM\.sdk\launch_scripts\xilinx_c-c++_application_(system_debugger)\system_debugger_using_debug_cdtrim_cache.elf_on_local.tcl'
23:25:09 INFO  : Disconnected from the channel tcfchan#30.
13:11:38 INFO  : Registering command handlers for SDK TCF services
13:11:39 INFO  : Launching XSCT server: xsct.bat -interactive C:\COSMOS_KJH\CosmosPlus_Cluster\CosmosPlus_DFTL_Cluster_DTRIM_Cache\CDTRIM\Build\CDTRIM\temp_xsdb_launch_script.tcl
13:11:43 INFO  : XSCT server has started successfully.
13:11:48 INFO  : Successfully done setting XSCT server connection channel  
13:11:48 INFO  : Successfully done setting SDK workspace  
13:12:24 INFO  : Connected to target on host '127.0.0.1' and port '3121'.
13:12:25 INFO  : Jtag cable 'Digilent JTAG-SMT2 210251A543E7' is selected.
13:12:25 INFO  : 'jtag frequency' command is executed.
13:12:25 INFO  : Sourcing of 'C:/COSMOS_KJH/CosmosPlus_Cluster/CosmosPlus_DFTL_Cluster_DTRIM_Cache/CDTRIM/Build/CDTRIM/system_hw_platform_0/ps7_init.tcl' is done.
13:12:25 INFO  : Context for 'APU' is selected.
13:12:25 INFO  : System reset is completed.
13:12:28 INFO  : 'after 3000' command is executed.
13:12:29 INFO  : 'targets -set -filter {jtag_cable_name =~ "Digilent JTAG-SMT2 210251A543E7" && level==0} -index 1' command is executed.
13:12:36 INFO  : FPGA configured successfully with bitstream "C:/COSMOS_KJH/CosmosPlus_Cluster/CosmosPlus_DFTL_Cluster_DTRIM_Cache/CDTRIM/Build/CDTRIM/system_hw_platform_0/OpenSSD2.bit"
13:12:36 INFO  : Context for 'APU' is selected.
13:12:36 INFO  : Hardware design information is loaded from 'C:/COSMOS_KJH/CosmosPlus_Cluster/CosmosPlus_DFTL_Cluster_DTRIM_Cache/CDTRIM/Build/CDTRIM/system_hw_platform_0/system.hdf'.
13:12:36 INFO  : 'configparams force-mem-access 1' command is executed.
13:12:36 INFO  : Context for 'APU' is selected.
13:12:37 INFO  : 'ps7_init' command is executed.
13:12:37 INFO  : 'ps7_post_config' command is executed.
13:12:37 INFO  : Context for processor 'ps7_cortexa9_0' is selected.
13:12:37 INFO  : The application 'C:/COSMOS_KJH/CosmosPlus_Cluster/CosmosPlus_DFTL_Cluster_DTRIM_Cache/CDTRIM/Build/CDTRIM/CDTRIM_CACHE/Debug/CDTRIM_CACHE.elf' is downloaded to processor 'ps7_cortexa9_0'.
13:12:37 INFO  : 'configparams force-mem-access 0' command is executed.
13:12:37 INFO  : ----------------XSDB Script----------------
connect -url tcp:127.0.0.1:3121
source C:/COSMOS_KJH/CosmosPlus_Cluster/CosmosPlus_DFTL_Cluster_DTRIM_Cache/CDTRIM/Build/CDTRIM/system_hw_platform_0/ps7_init.tcl
targets -set -nocase -filter {name =~"APU*" && jtag_cable_name =~ "Digilent JTAG-SMT2 210251A543E7"} -index 0
rst -system
after 3000
targets -set -filter {jtag_cable_name =~ "Digilent JTAG-SMT2 210251A543E7" && level==0} -index 1
fpga -file C:/COSMOS_KJH/CosmosPlus_Cluster/CosmosPlus_DFTL_Cluster_DTRIM_Cache/CDTRIM/Build/CDTRIM/system_hw_platform_0/OpenSSD2.bit
targets -set -nocase -filter {name =~"APU*" && jtag_cable_name =~ "Digilent JTAG-SMT2 210251A543E7"} -index 0
loadhw -hw C:/COSMOS_KJH/CosmosPlus_Cluster/CosmosPlus_DFTL_Cluster_DTRIM_Cache/CDTRIM/Build/CDTRIM/system_hw_platform_0/system.hdf -mem-ranges [list {0x40000000 0xbfffffff}]
configparams force-mem-access 1
targets -set -nocase -filter {name =~"APU*" && jtag_cable_name =~ "Digilent JTAG-SMT2 210251A543E7"} -index 0
ps7_init
ps7_post_config
targets -set -nocase -filter {name =~ "ARM*#0" && jtag_cable_name =~ "Digilent JTAG-SMT2 210251A543E7"} -index 0
dow C:/COSMOS_KJH/CosmosPlus_Cluster/CosmosPlus_DFTL_Cluster_DTRIM_Cache/CDTRIM/Build/CDTRIM/CDTRIM_CACHE/Debug/CDTRIM_CACHE.elf
configparams force-mem-access 0
----------------End of Script----------------

13:12:37 INFO  : Memory regions updated for context APU
13:12:37 INFO  : Context for processor 'ps7_cortexa9_0' is selected.
13:12:37 INFO  : 'con' command is executed.
13:12:37 INFO  : ----------------XSDB Script (After Launch)----------------
targets -set -nocase -filter {name =~ "ARM*#0" && jtag_cable_name =~ "Digilent JTAG-SMT2 210251A543E7"} -index 0
con
----------------End of Script----------------

13:12:37 INFO  : Launch script is exported to file 'C:\COSMOS_KJH\CosmosPlus_Cluster\CosmosPlus_DFTL_Cluster_DTRIM_Cache\CDTRIM\Build\CDTRIM\.sdk\launch_scripts\xilinx_c-c++_application_(system_debugger)\system_debugger_using_debug_cdtrim_cache.elf_on_local.tcl'
16:09:02 INFO  : Disconnected from the channel tcfchan#1.
16:09:03 INFO  : Connected to target on host '127.0.0.1' and port '3121'.
16:09:04 INFO  : Jtag cable 'Digilent JTAG-SMT2 210251A543E7' is selected.
16:09:04 INFO  : 'jtag frequency' command is executed.
16:09:04 INFO  : Sourcing of 'C:/COSMOS_KJH/CosmosPlus_Cluster/CosmosPlus_DFTL_Cluster_DTRIM_Cache/CDTRIM/Build/CDTRIM/system_hw_platform_0/ps7_init.tcl' is done.
16:09:04 INFO  : Context for 'APU' is selected.
16:09:04 INFO  : System reset is completed.
16:09:07 INFO  : 'after 3000' command is executed.
16:09:07 INFO  : 'targets -set -filter {jtag_cable_name =~ "Digilent JTAG-SMT2 210251A543E7" && level==0} -index 1' command is executed.
16:09:14 INFO  : FPGA configured successfully with bitstream "C:/COSMOS_KJH/CosmosPlus_Cluster/CosmosPlus_DFTL_Cluster_DTRIM_Cache/CDTRIM/Build/CDTRIM/system_hw_platform_0/OpenSSD2.bit"
16:09:14 INFO  : Context for 'APU' is selected.
16:09:19 INFO  : Hardware design information is loaded from 'C:/COSMOS_KJH/CosmosPlus_Cluster/CosmosPlus_DFTL_Cluster_DTRIM_Cache/CDTRIM/Build/CDTRIM/system_hw_platform_0/system.hdf'.
16:09:19 INFO  : 'configparams force-mem-access 1' command is executed.
16:09:19 INFO  : Context for 'APU' is selected.
16:09:19 INFO  : 'ps7_init' command is executed.
16:09:20 INFO  : 'ps7_post_config' command is executed.
16:09:20 INFO  : Context for processor 'ps7_cortexa9_0' is selected.
16:09:20 INFO  : The application 'C:/COSMOS_KJH/CosmosPlus_Cluster/CosmosPlus_DFTL_Cluster_DTRIM_Cache/CDTRIM/Build/CDTRIM/CDTRIM_CACHE/Debug/CDTRIM_CACHE.elf' is downloaded to processor 'ps7_cortexa9_0'.
16:09:20 INFO  : 'configparams force-mem-access 0' command is executed.
16:09:20 INFO  : ----------------XSDB Script----------------
connect -url tcp:127.0.0.1:3121
source C:/COSMOS_KJH/CosmosPlus_Cluster/CosmosPlus_DFTL_Cluster_DTRIM_Cache/CDTRIM/Build/CDTRIM/system_hw_platform_0/ps7_init.tcl
targets -set -nocase -filter {name =~"APU*" && jtag_cable_name =~ "Digilent JTAG-SMT2 210251A543E7"} -index 0
rst -system
after 3000
targets -set -filter {jtag_cable_name =~ "Digilent JTAG-SMT2 210251A543E7" && level==0} -index 1
fpga -file C:/COSMOS_KJH/CosmosPlus_Cluster/CosmosPlus_DFTL_Cluster_DTRIM_Cache/CDTRIM/Build/CDTRIM/system_hw_platform_0/OpenSSD2.bit
targets -set -nocase -filter {name =~"APU*" && jtag_cable_name =~ "Digilent JTAG-SMT2 210251A543E7"} -index 0
loadhw -hw C:/COSMOS_KJH/CosmosPlus_Cluster/CosmosPlus_DFTL_Cluster_DTRIM_Cache/CDTRIM/Build/CDTRIM/system_hw_platform_0/system.hdf -mem-ranges [list {0x40000000 0xbfffffff}]
configparams force-mem-access 1
targets -set -nocase -filter {name =~"APU*" && jtag_cable_name =~ "Digilent JTAG-SMT2 210251A543E7"} -index 0
ps7_init
ps7_post_config
targets -set -nocase -filter {name =~ "ARM*#0" && jtag_cable_name =~ "Digilent JTAG-SMT2 210251A543E7"} -index 0
dow C:/COSMOS_KJH/CosmosPlus_Cluster/CosmosPlus_DFTL_Cluster_DTRIM_Cache/CDTRIM/Build/CDTRIM/CDTRIM_CACHE/Debug/CDTRIM_CACHE.elf
configparams force-mem-access 0
----------------End of Script----------------

16:09:20 INFO  : Memory regions updated for context APU
16:09:20 INFO  : Context for processor 'ps7_cortexa9_0' is selected.
16:09:20 INFO  : 'con' command is executed.
16:09:20 INFO  : ----------------XSDB Script (After Launch)----------------
targets -set -nocase -filter {name =~ "ARM*#0" && jtag_cable_name =~ "Digilent JTAG-SMT2 210251A543E7"} -index 0
con
----------------End of Script----------------

16:09:20 INFO  : Launch script is exported to file 'C:\COSMOS_KJH\CosmosPlus_Cluster\CosmosPlus_DFTL_Cluster_DTRIM_Cache\CDTRIM\Build\CDTRIM\.sdk\launch_scripts\xilinx_c-c++_application_(system_debugger)\system_debugger_using_debug_cdtrim_cache.elf_on_local.tcl'
16:48:47 INFO  : Disconnected from the channel tcfchan#2.
16:48:48 INFO  : Connected to target on host '127.0.0.1' and port '3121'.
16:48:48 INFO  : Jtag cable 'Digilent JTAG-SMT2 210251A543E7' is selected.
16:48:48 INFO  : 'jtag frequency' command is executed.
16:48:48 INFO  : Sourcing of 'C:/COSMOS_KJH/CosmosPlus_Cluster/CosmosPlus_DFTL_Cluster_DTRIM_Cache/CDTRIM/Build/CDTRIM/system_hw_platform_0/ps7_init.tcl' is done.
16:48:48 INFO  : Context for 'APU' is selected.
16:48:48 INFO  : System reset is completed.
16:48:51 INFO  : 'after 3000' command is executed.
16:48:51 INFO  : 'targets -set -filter {jtag_cable_name =~ "Digilent JTAG-SMT2 210251A543E7" && level==0} -index 1' command is executed.
16:48:59 INFO  : FPGA configured successfully with bitstream "C:/COSMOS_KJH/CosmosPlus_Cluster/CosmosPlus_DFTL_Cluster_DTRIM_Cache/CDTRIM/Build/CDTRIM/system_hw_platform_0/OpenSSD2.bit"
16:48:59 INFO  : Context for 'APU' is selected.
16:49:05 INFO  : Hardware design information is loaded from 'C:/COSMOS_KJH/CosmosPlus_Cluster/CosmosPlus_DFTL_Cluster_DTRIM_Cache/CDTRIM/Build/CDTRIM/system_hw_platform_0/system.hdf'.
16:49:05 INFO  : 'configparams force-mem-access 1' command is executed.
16:49:05 INFO  : Context for 'APU' is selected.
16:49:06 INFO  : 'ps7_init' command is executed.
16:49:06 INFO  : 'ps7_post_config' command is executed.
16:49:06 INFO  : Context for processor 'ps7_cortexa9_0' is selected.
16:49:06 INFO  : The application 'C:/COSMOS_KJH/CosmosPlus_Cluster/CosmosPlus_DFTL_Cluster_DTRIM_Cache/CDTRIM/Build/CDTRIM/CDTRIM_CACHE/Debug/CDTRIM_CACHE.elf' is downloaded to processor 'ps7_cortexa9_0'.
16:49:06 INFO  : 'configparams force-mem-access 0' command is executed.
16:49:06 INFO  : ----------------XSDB Script----------------
connect -url tcp:127.0.0.1:3121
source C:/COSMOS_KJH/CosmosPlus_Cluster/CosmosPlus_DFTL_Cluster_DTRIM_Cache/CDTRIM/Build/CDTRIM/system_hw_platform_0/ps7_init.tcl
targets -set -nocase -filter {name =~"APU*" && jtag_cable_name =~ "Digilent JTAG-SMT2 210251A543E7"} -index 0
rst -system
after 3000
targets -set -filter {jtag_cable_name =~ "Digilent JTAG-SMT2 210251A543E7" && level==0} -index 1
fpga -file C:/COSMOS_KJH/CosmosPlus_Cluster/CosmosPlus_DFTL_Cluster_DTRIM_Cache/CDTRIM/Build/CDTRIM/system_hw_platform_0/OpenSSD2.bit
targets -set -nocase -filter {name =~"APU*" && jtag_cable_name =~ "Digilent JTAG-SMT2 210251A543E7"} -index 0
loadhw -hw C:/COSMOS_KJH/CosmosPlus_Cluster/CosmosPlus_DFTL_Cluster_DTRIM_Cache/CDTRIM/Build/CDTRIM/system_hw_platform_0/system.hdf -mem-ranges [list {0x40000000 0xbfffffff}]
configparams force-mem-access 1
targets -set -nocase -filter {name =~"APU*" && jtag_cable_name =~ "Digilent JTAG-SMT2 210251A543E7"} -index 0
ps7_init
ps7_post_config
targets -set -nocase -filter {name =~ "ARM*#0" && jtag_cable_name =~ "Digilent JTAG-SMT2 210251A543E7"} -index 0
dow C:/COSMOS_KJH/CosmosPlus_Cluster/CosmosPlus_DFTL_Cluster_DTRIM_Cache/CDTRIM/Build/CDTRIM/CDTRIM_CACHE/Debug/CDTRIM_CACHE.elf
configparams force-mem-access 0
----------------End of Script----------------

16:49:06 INFO  : Memory regions updated for context APU
16:49:06 INFO  : Context for processor 'ps7_cortexa9_0' is selected.
16:49:06 INFO  : 'con' command is executed.
16:49:06 INFO  : ----------------XSDB Script (After Launch)----------------
targets -set -nocase -filter {name =~ "ARM*#0" && jtag_cable_name =~ "Digilent JTAG-SMT2 210251A543E7"} -index 0
con
----------------End of Script----------------

16:49:06 INFO  : Launch script is exported to file 'C:\COSMOS_KJH\CosmosPlus_Cluster\CosmosPlus_DFTL_Cluster_DTRIM_Cache\CDTRIM\Build\CDTRIM\.sdk\launch_scripts\xilinx_c-c++_application_(system_debugger)\system_debugger_using_debug_cdtrim_cache.elf_on_local.tcl'
17:29:44 INFO  : Disconnected from the channel tcfchan#3.
17:29:45 INFO  : Connected to target on host '127.0.0.1' and port '3121'.
17:29:45 INFO  : Jtag cable 'Digilent JTAG-SMT2 210251A543E7' is selected.
17:29:45 INFO  : 'jtag frequency' command is executed.
17:29:45 INFO  : Sourcing of 'C:/COSMOS_KJH/CosmosPlus_Cluster/CosmosPlus_DFTL_Cluster_DTRIM_Cache/CDTRIM/Build/CDTRIM/system_hw_platform_0/ps7_init.tcl' is done.
17:29:45 INFO  : Context for 'APU' is selected.
17:29:45 INFO  : System reset is completed.
17:29:48 INFO  : 'after 3000' command is executed.
17:29:48 INFO  : 'targets -set -filter {jtag_cable_name =~ "Digilent JTAG-SMT2 210251A543E7" && level==0} -index 1' command is executed.
17:29:56 INFO  : FPGA configured successfully with bitstream "C:/COSMOS_KJH/CosmosPlus_Cluster/CosmosPlus_DFTL_Cluster_DTRIM_Cache/CDTRIM/Build/CDTRIM/system_hw_platform_0/OpenSSD2.bit"
17:29:56 INFO  : Context for 'APU' is selected.
17:30:01 INFO  : Hardware design information is loaded from 'C:/COSMOS_KJH/CosmosPlus_Cluster/CosmosPlus_DFTL_Cluster_DTRIM_Cache/CDTRIM/Build/CDTRIM/system_hw_platform_0/system.hdf'.
17:30:01 INFO  : 'configparams force-mem-access 1' command is executed.
17:30:01 INFO  : Context for 'APU' is selected.
17:30:02 INFO  : 'ps7_init' command is executed.
17:30:02 INFO  : 'ps7_post_config' command is executed.
17:30:02 INFO  : Context for processor 'ps7_cortexa9_0' is selected.
17:30:02 INFO  : The application 'C:/COSMOS_KJH/CosmosPlus_Cluster/CosmosPlus_DFTL_Cluster_DTRIM_Cache/CDTRIM/Build/CDTRIM/CDTRIM_CACHE/Debug/CDTRIM_CACHE.elf' is downloaded to processor 'ps7_cortexa9_0'.
17:30:02 INFO  : 'configparams force-mem-access 0' command is executed.
17:30:02 INFO  : ----------------XSDB Script----------------
connect -url tcp:127.0.0.1:3121
source C:/COSMOS_KJH/CosmosPlus_Cluster/CosmosPlus_DFTL_Cluster_DTRIM_Cache/CDTRIM/Build/CDTRIM/system_hw_platform_0/ps7_init.tcl
targets -set -nocase -filter {name =~"APU*" && jtag_cable_name =~ "Digilent JTAG-SMT2 210251A543E7"} -index 0
rst -system
after 3000
targets -set -filter {jtag_cable_name =~ "Digilent JTAG-SMT2 210251A543E7" && level==0} -index 1
fpga -file C:/COSMOS_KJH/CosmosPlus_Cluster/CosmosPlus_DFTL_Cluster_DTRIM_Cache/CDTRIM/Build/CDTRIM/system_hw_platform_0/OpenSSD2.bit
targets -set -nocase -filter {name =~"APU*" && jtag_cable_name =~ "Digilent JTAG-SMT2 210251A543E7"} -index 0
loadhw -hw C:/COSMOS_KJH/CosmosPlus_Cluster/CosmosPlus_DFTL_Cluster_DTRIM_Cache/CDTRIM/Build/CDTRIM/system_hw_platform_0/system.hdf -mem-ranges [list {0x40000000 0xbfffffff}]
configparams force-mem-access 1
targets -set -nocase -filter {name =~"APU*" && jtag_cable_name =~ "Digilent JTAG-SMT2 210251A543E7"} -index 0
ps7_init
ps7_post_config
targets -set -nocase -filter {name =~ "ARM*#0" && jtag_cable_name =~ "Digilent JTAG-SMT2 210251A543E7"} -index 0
dow C:/COSMOS_KJH/CosmosPlus_Cluster/CosmosPlus_DFTL_Cluster_DTRIM_Cache/CDTRIM/Build/CDTRIM/CDTRIM_CACHE/Debug/CDTRIM_CACHE.elf
configparams force-mem-access 0
----------------End of Script----------------

17:30:02 INFO  : Memory regions updated for context APU
17:30:02 INFO  : Context for processor 'ps7_cortexa9_0' is selected.
17:30:02 INFO  : 'con' command is executed.
17:30:02 INFO  : ----------------XSDB Script (After Launch)----------------
targets -set -nocase -filter {name =~ "ARM*#0" && jtag_cable_name =~ "Digilent JTAG-SMT2 210251A543E7"} -index 0
con
----------------End of Script----------------

17:30:02 INFO  : Launch script is exported to file 'C:\COSMOS_KJH\CosmosPlus_Cluster\CosmosPlus_DFTL_Cluster_DTRIM_Cache\CDTRIM\Build\CDTRIM\.sdk\launch_scripts\xilinx_c-c++_application_(system_debugger)\system_debugger_using_debug_cdtrim_cache.elf_on_local.tcl'
19:10:09 INFO  : Disconnected from the channel tcfchan#4.
19:10:10 INFO  : Connected to target on host '127.0.0.1' and port '3121'.
19:10:11 INFO  : Jtag cable 'Digilent JTAG-SMT2 210251A543E7' is selected.
19:10:11 INFO  : 'jtag frequency' command is executed.
19:10:11 INFO  : Sourcing of 'C:/COSMOS_KJH/CosmosPlus_Cluster/CosmosPlus_DFTL_Cluster_DTRIM_Cache/CDTRIM/Build/CDTRIM/system_hw_platform_0/ps7_init.tcl' is done.
19:10:11 INFO  : Context for 'APU' is selected.
19:10:11 INFO  : System reset is completed.
19:10:14 INFO  : 'after 3000' command is executed.
19:10:14 INFO  : 'targets -set -filter {jtag_cable_name =~ "Digilent JTAG-SMT2 210251A543E7" && level==0} -index 1' command is executed.
19:10:22 INFO  : FPGA configured successfully with bitstream "C:/COSMOS_KJH/CosmosPlus_Cluster/CosmosPlus_DFTL_Cluster_DTRIM_Cache/CDTRIM/Build/CDTRIM/system_hw_platform_0/OpenSSD2.bit"
19:10:22 INFO  : Context for 'APU' is selected.
19:10:27 INFO  : Hardware design information is loaded from 'C:/COSMOS_KJH/CosmosPlus_Cluster/CosmosPlus_DFTL_Cluster_DTRIM_Cache/CDTRIM/Build/CDTRIM/system_hw_platform_0/system.hdf'.
19:10:27 INFO  : 'configparams force-mem-access 1' command is executed.
19:10:27 INFO  : Context for 'APU' is selected.
19:10:27 INFO  : 'ps7_init' command is executed.
19:10:27 INFO  : 'ps7_post_config' command is executed.
19:10:27 INFO  : Context for processor 'ps7_cortexa9_0' is selected.
19:10:28 INFO  : The application 'C:/COSMOS_KJH/CosmosPlus_Cluster/CosmosPlus_DFTL_Cluster_DTRIM_Cache/CDTRIM/Build/CDTRIM/CDTRIM_CACHE/Debug/CDTRIM_CACHE.elf' is downloaded to processor 'ps7_cortexa9_0'.
19:10:28 INFO  : 'configparams force-mem-access 0' command is executed.
19:10:28 INFO  : ----------------XSDB Script----------------
connect -url tcp:127.0.0.1:3121
source C:/COSMOS_KJH/CosmosPlus_Cluster/CosmosPlus_DFTL_Cluster_DTRIM_Cache/CDTRIM/Build/CDTRIM/system_hw_platform_0/ps7_init.tcl
targets -set -nocase -filter {name =~"APU*" && jtag_cable_name =~ "Digilent JTAG-SMT2 210251A543E7"} -index 0
rst -system
after 3000
targets -set -filter {jtag_cable_name =~ "Digilent JTAG-SMT2 210251A543E7" && level==0} -index 1
fpga -file C:/COSMOS_KJH/CosmosPlus_Cluster/CosmosPlus_DFTL_Cluster_DTRIM_Cache/CDTRIM/Build/CDTRIM/system_hw_platform_0/OpenSSD2.bit
targets -set -nocase -filter {name =~"APU*" && jtag_cable_name =~ "Digilent JTAG-SMT2 210251A543E7"} -index 0
loadhw -hw C:/COSMOS_KJH/CosmosPlus_Cluster/CosmosPlus_DFTL_Cluster_DTRIM_Cache/CDTRIM/Build/CDTRIM/system_hw_platform_0/system.hdf -mem-ranges [list {0x40000000 0xbfffffff}]
configparams force-mem-access 1
targets -set -nocase -filter {name =~"APU*" && jtag_cable_name =~ "Digilent JTAG-SMT2 210251A543E7"} -index 0
ps7_init
ps7_post_config
targets -set -nocase -filter {name =~ "ARM*#0" && jtag_cable_name =~ "Digilent JTAG-SMT2 210251A543E7"} -index 0
dow C:/COSMOS_KJH/CosmosPlus_Cluster/CosmosPlus_DFTL_Cluster_DTRIM_Cache/CDTRIM/Build/CDTRIM/CDTRIM_CACHE/Debug/CDTRIM_CACHE.elf
configparams force-mem-access 0
----------------End of Script----------------

19:10:28 INFO  : Memory regions updated for context APU
19:10:28 INFO  : Context for processor 'ps7_cortexa9_0' is selected.
19:10:28 INFO  : 'con' command is executed.
19:10:28 INFO  : ----------------XSDB Script (After Launch)----------------
targets -set -nocase -filter {name =~ "ARM*#0" && jtag_cable_name =~ "Digilent JTAG-SMT2 210251A543E7"} -index 0
con
----------------End of Script----------------

19:10:28 INFO  : Launch script is exported to file 'C:\COSMOS_KJH\CosmosPlus_Cluster\CosmosPlus_DFTL_Cluster_DTRIM_Cache\CDTRIM\Build\CDTRIM\.sdk\launch_scripts\xilinx_c-c++_application_(system_debugger)\system_debugger_using_debug_cdtrim_cache.elf_on_local.tcl'
19:47:52 INFO  : Disconnected from the channel tcfchan#5.
19:47:53 INFO  : Connected to target on host '127.0.0.1' and port '3121'.
19:47:53 INFO  : Jtag cable 'Digilent JTAG-SMT2 210251A543E7' is selected.
19:47:53 INFO  : 'jtag frequency' command is executed.
19:47:53 INFO  : Sourcing of 'C:/COSMOS_KJH/CosmosPlus_Cluster/CosmosPlus_DFTL_Cluster_DTRIM_Cache/CDTRIM/Build/CDTRIM/system_hw_platform_0/ps7_init.tcl' is done.
19:47:53 INFO  : Context for 'APU' is selected.
19:47:53 INFO  : System reset is completed.
19:47:56 INFO  : 'after 3000' command is executed.
19:47:56 INFO  : 'targets -set -filter {jtag_cable_name =~ "Digilent JTAG-SMT2 210251A543E7" && level==0} -index 1' command is executed.
19:48:04 INFO  : FPGA configured successfully with bitstream "C:/COSMOS_KJH/CosmosPlus_Cluster/CosmosPlus_DFTL_Cluster_DTRIM_Cache/CDTRIM/Build/CDTRIM/system_hw_platform_0/OpenSSD2.bit"
19:48:04 INFO  : Context for 'APU' is selected.
19:48:08 INFO  : Hardware design information is loaded from 'C:/COSMOS_KJH/CosmosPlus_Cluster/CosmosPlus_DFTL_Cluster_DTRIM_Cache/CDTRIM/Build/CDTRIM/system_hw_platform_0/system.hdf'.
19:48:08 INFO  : 'configparams force-mem-access 1' command is executed.
19:48:08 INFO  : Context for 'APU' is selected.
19:48:09 INFO  : 'ps7_init' command is executed.
19:48:09 INFO  : 'ps7_post_config' command is executed.
19:48:09 INFO  : Context for processor 'ps7_cortexa9_0' is selected.
19:48:09 INFO  : The application 'C:/COSMOS_KJH/CosmosPlus_Cluster/CosmosPlus_DFTL_Cluster_DTRIM_Cache/CDTRIM/Build/CDTRIM/CDTRIM_CACHE/Debug/CDTRIM_CACHE.elf' is downloaded to processor 'ps7_cortexa9_0'.
19:48:09 INFO  : 'configparams force-mem-access 0' command is executed.
19:48:09 INFO  : ----------------XSDB Script----------------
connect -url tcp:127.0.0.1:3121
source C:/COSMOS_KJH/CosmosPlus_Cluster/CosmosPlus_DFTL_Cluster_DTRIM_Cache/CDTRIM/Build/CDTRIM/system_hw_platform_0/ps7_init.tcl
targets -set -nocase -filter {name =~"APU*" && jtag_cable_name =~ "Digilent JTAG-SMT2 210251A543E7"} -index 0
rst -system
after 3000
targets -set -filter {jtag_cable_name =~ "Digilent JTAG-SMT2 210251A543E7" && level==0} -index 1
fpga -file C:/COSMOS_KJH/CosmosPlus_Cluster/CosmosPlus_DFTL_Cluster_DTRIM_Cache/CDTRIM/Build/CDTRIM/system_hw_platform_0/OpenSSD2.bit
targets -set -nocase -filter {name =~"APU*" && jtag_cable_name =~ "Digilent JTAG-SMT2 210251A543E7"} -index 0
loadhw -hw C:/COSMOS_KJH/CosmosPlus_Cluster/CosmosPlus_DFTL_Cluster_DTRIM_Cache/CDTRIM/Build/CDTRIM/system_hw_platform_0/system.hdf -mem-ranges [list {0x40000000 0xbfffffff}]
configparams force-mem-access 1
targets -set -nocase -filter {name =~"APU*" && jtag_cable_name =~ "Digilent JTAG-SMT2 210251A543E7"} -index 0
ps7_init
ps7_post_config
targets -set -nocase -filter {name =~ "ARM*#0" && jtag_cable_name =~ "Digilent JTAG-SMT2 210251A543E7"} -index 0
dow C:/COSMOS_KJH/CosmosPlus_Cluster/CosmosPlus_DFTL_Cluster_DTRIM_Cache/CDTRIM/Build/CDTRIM/CDTRIM_CACHE/Debug/CDTRIM_CACHE.elf
configparams force-mem-access 0
----------------End of Script----------------

19:48:09 INFO  : Memory regions updated for context APU
19:48:09 INFO  : Context for processor 'ps7_cortexa9_0' is selected.
19:48:09 INFO  : 'con' command is executed.
19:48:09 INFO  : ----------------XSDB Script (After Launch)----------------
targets -set -nocase -filter {name =~ "ARM*#0" && jtag_cable_name =~ "Digilent JTAG-SMT2 210251A543E7"} -index 0
con
----------------End of Script----------------

19:48:09 INFO  : Launch script is exported to file 'C:\COSMOS_KJH\CosmosPlus_Cluster\CosmosPlus_DFTL_Cluster_DTRIM_Cache\CDTRIM\Build\CDTRIM\.sdk\launch_scripts\xilinx_c-c++_application_(system_debugger)\system_debugger_using_debug_cdtrim_cache.elf_on_local.tcl'
21:17:34 INFO  : Disconnected from the channel tcfchan#6.
11:28:17 INFO  : Registering command handlers for SDK TCF services
11:28:17 INFO  : Launching XSCT server: xsct.bat -interactive C:\COSMOS_KJH\CosmosPlus_Cluster\CosmosPlus_DFTL_Cluster_DTRIM_Cache\CDTRIM\Build\CDTRIM\temp_xsdb_launch_script.tcl
11:28:19 INFO  : XSCT server has started successfully.
11:28:19 INFO  : Successfully done setting XSCT server connection channel  
11:28:20 INFO  : Successfully done setting SDK workspace  
17:46:24 INFO  : Connected to target on host '127.0.0.1' and port '3121'.
17:46:25 INFO  : Jtag cable 'Digilent JTAG-SMT2 210251A543E7' is selected.
17:46:25 INFO  : 'jtag frequency' command is executed.
17:46:25 INFO  : Sourcing of 'C:/COSMOS_KJH/CosmosPlus_Cluster/CosmosPlus_DFTL_Cluster_DTRIM_Cache/CDTRIM/Build/CDTRIM/system_hw_platform_0/ps7_init.tcl' is done.
17:46:25 INFO  : Context for 'APU' is selected.
17:46:25 INFO  : System reset is completed.
17:46:28 INFO  : 'after 3000' command is executed.
17:46:28 INFO  : 'targets -set -filter {jtag_cable_name =~ "Digilent JTAG-SMT2 210251A543E7" && level==0} -index 1' command is executed.
17:46:36 INFO  : FPGA configured successfully with bitstream "C:/COSMOS_KJH/CosmosPlus_Cluster/CosmosPlus_DFTL_Cluster_DTRIM_Cache/CDTRIM/Build/CDTRIM/system_hw_platform_0/OpenSSD2.bit"
17:46:36 INFO  : Context for 'APU' is selected.
17:46:36 INFO  : Hardware design information is loaded from 'C:/COSMOS_KJH/CosmosPlus_Cluster/CosmosPlus_DFTL_Cluster_DTRIM_Cache/CDTRIM/Build/CDTRIM/system_hw_platform_0/system.hdf'.
17:46:36 INFO  : 'configparams force-mem-access 1' command is executed.
17:46:36 INFO  : Context for 'APU' is selected.
17:46:36 INFO  : 'ps7_init' command is executed.
17:46:36 INFO  : 'ps7_post_config' command is executed.
17:46:36 INFO  : Context for processor 'ps7_cortexa9_0' is selected.
17:46:37 INFO  : The application 'C:/COSMOS_KJH/CosmosPlus_Cluster/CosmosPlus_DFTL_Cluster_DTRIM_Cache/CDTRIM/Build/CDTRIM/CDTRIM_CACHE/Debug/CDTRIM_CACHE.elf' is downloaded to processor 'ps7_cortexa9_0'.
17:46:37 INFO  : 'configparams force-mem-access 0' command is executed.
17:46:37 INFO  : ----------------XSDB Script----------------
connect -url tcp:127.0.0.1:3121
source C:/COSMOS_KJH/CosmosPlus_Cluster/CosmosPlus_DFTL_Cluster_DTRIM_Cache/CDTRIM/Build/CDTRIM/system_hw_platform_0/ps7_init.tcl
targets -set -nocase -filter {name =~"APU*" && jtag_cable_name =~ "Digilent JTAG-SMT2 210251A543E7"} -index 0
rst -system
after 3000
targets -set -filter {jtag_cable_name =~ "Digilent JTAG-SMT2 210251A543E7" && level==0} -index 1
fpga -file C:/COSMOS_KJH/CosmosPlus_Cluster/CosmosPlus_DFTL_Cluster_DTRIM_Cache/CDTRIM/Build/CDTRIM/system_hw_platform_0/OpenSSD2.bit
targets -set -nocase -filter {name =~"APU*" && jtag_cable_name =~ "Digilent JTAG-SMT2 210251A543E7"} -index 0
loadhw -hw C:/COSMOS_KJH/CosmosPlus_Cluster/CosmosPlus_DFTL_Cluster_DTRIM_Cache/CDTRIM/Build/CDTRIM/system_hw_platform_0/system.hdf -mem-ranges [list {0x40000000 0xbfffffff}]
configparams force-mem-access 1
targets -set -nocase -filter {name =~"APU*" && jtag_cable_name =~ "Digilent JTAG-SMT2 210251A543E7"} -index 0
ps7_init
ps7_post_config
targets -set -nocase -filter {name =~ "ARM*#0" && jtag_cable_name =~ "Digilent JTAG-SMT2 210251A543E7"} -index 0
dow C:/COSMOS_KJH/CosmosPlus_Cluster/CosmosPlus_DFTL_Cluster_DTRIM_Cache/CDTRIM/Build/CDTRIM/CDTRIM_CACHE/Debug/CDTRIM_CACHE.elf
configparams force-mem-access 0
----------------End of Script----------------

17:46:37 INFO  : Memory regions updated for context APU
17:46:37 INFO  : Context for processor 'ps7_cortexa9_0' is selected.
17:46:37 INFO  : 'con' command is executed.
17:46:37 INFO  : ----------------XSDB Script (After Launch)----------------
targets -set -nocase -filter {name =~ "ARM*#0" && jtag_cable_name =~ "Digilent JTAG-SMT2 210251A543E7"} -index 0
con
----------------End of Script----------------

17:46:37 INFO  : Launch script is exported to file 'C:\COSMOS_KJH\CosmosPlus_Cluster\CosmosPlus_DFTL_Cluster_DTRIM_Cache\CDTRIM\Build\CDTRIM\.sdk\launch_scripts\xilinx_c-c++_application_(system_debugger)\system_debugger_using_debug_cdtrim_cache.elf_on_local.tcl'
18:01:22 INFO  : Disconnected from the channel tcfchan#1.
18:01:23 INFO  : Connected to target on host '127.0.0.1' and port '3121'.
18:01:23 INFO  : Jtag cable 'Digilent JTAG-SMT2 210251A543E7' is selected.
18:01:23 INFO  : 'jtag frequency' command is executed.
18:01:23 INFO  : Sourcing of 'C:/COSMOS_KJH/CosmosPlus_Cluster/CosmosPlus_DFTL_Cluster_DTRIM_Cache/CDTRIM/Build/CDTRIM/system_hw_platform_0/ps7_init.tcl' is done.
18:01:23 INFO  : Context for 'APU' is selected.
18:01:24 INFO  : System reset is completed.
18:01:27 INFO  : 'after 3000' command is executed.
18:01:27 INFO  : 'targets -set -filter {jtag_cable_name =~ "Digilent JTAG-SMT2 210251A543E7" && level==0} -index 1' command is executed.
18:01:34 INFO  : FPGA configured successfully with bitstream "C:/COSMOS_KJH/CosmosPlus_Cluster/CosmosPlus_DFTL_Cluster_DTRIM_Cache/CDTRIM/Build/CDTRIM/system_hw_platform_0/OpenSSD2.bit"
18:01:34 INFO  : Context for 'APU' is selected.
18:01:40 INFO  : Hardware design information is loaded from 'C:/COSMOS_KJH/CosmosPlus_Cluster/CosmosPlus_DFTL_Cluster_DTRIM_Cache/CDTRIM/Build/CDTRIM/system_hw_platform_0/system.hdf'.
18:01:40 INFO  : 'configparams force-mem-access 1' command is executed.
18:01:40 INFO  : Context for 'APU' is selected.
18:01:40 INFO  : 'ps7_init' command is executed.
18:01:40 INFO  : 'ps7_post_config' command is executed.
18:01:40 INFO  : Context for processor 'ps7_cortexa9_0' is selected.
18:01:41 INFO  : The application 'C:/COSMOS_KJH/CosmosPlus_Cluster/CosmosPlus_DFTL_Cluster_DTRIM_Cache/CDTRIM/Build/CDTRIM/CDTRIM_CACHE/Debug/CDTRIM_CACHE.elf' is downloaded to processor 'ps7_cortexa9_0'.
18:01:41 INFO  : 'configparams force-mem-access 0' command is executed.
18:01:41 INFO  : ----------------XSDB Script----------------
connect -url tcp:127.0.0.1:3121
source C:/COSMOS_KJH/CosmosPlus_Cluster/CosmosPlus_DFTL_Cluster_DTRIM_Cache/CDTRIM/Build/CDTRIM/system_hw_platform_0/ps7_init.tcl
targets -set -nocase -filter {name =~"APU*" && jtag_cable_name =~ "Digilent JTAG-SMT2 210251A543E7"} -index 0
rst -system
after 3000
targets -set -filter {jtag_cable_name =~ "Digilent JTAG-SMT2 210251A543E7" && level==0} -index 1
fpga -file C:/COSMOS_KJH/CosmosPlus_Cluster/CosmosPlus_DFTL_Cluster_DTRIM_Cache/CDTRIM/Build/CDTRIM/system_hw_platform_0/OpenSSD2.bit
targets -set -nocase -filter {name =~"APU*" && jtag_cable_name =~ "Digilent JTAG-SMT2 210251A543E7"} -index 0
loadhw -hw C:/COSMOS_KJH/CosmosPlus_Cluster/CosmosPlus_DFTL_Cluster_DTRIM_Cache/CDTRIM/Build/CDTRIM/system_hw_platform_0/system.hdf -mem-ranges [list {0x40000000 0xbfffffff}]
configparams force-mem-access 1
targets -set -nocase -filter {name =~"APU*" && jtag_cable_name =~ "Digilent JTAG-SMT2 210251A543E7"} -index 0
ps7_init
ps7_post_config
targets -set -nocase -filter {name =~ "ARM*#0" && jtag_cable_name =~ "Digilent JTAG-SMT2 210251A543E7"} -index 0
dow C:/COSMOS_KJH/CosmosPlus_Cluster/CosmosPlus_DFTL_Cluster_DTRIM_Cache/CDTRIM/Build/CDTRIM/CDTRIM_CACHE/Debug/CDTRIM_CACHE.elf
configparams force-mem-access 0
----------------End of Script----------------

18:01:41 INFO  : Memory regions updated for context APU
18:01:41 INFO  : Context for processor 'ps7_cortexa9_0' is selected.
18:01:41 INFO  : 'con' command is executed.
18:01:41 INFO  : ----------------XSDB Script (After Launch)----------------
targets -set -nocase -filter {name =~ "ARM*#0" && jtag_cable_name =~ "Digilent JTAG-SMT2 210251A543E7"} -index 0
con
----------------End of Script----------------

18:01:41 INFO  : Launch script is exported to file 'C:\COSMOS_KJH\CosmosPlus_Cluster\CosmosPlus_DFTL_Cluster_DTRIM_Cache\CDTRIM\Build\CDTRIM\.sdk\launch_scripts\xilinx_c-c++_application_(system_debugger)\system_debugger_using_debug_cdtrim_cache.elf_on_local.tcl'
18:06:42 INFO  : Disconnected from the channel tcfchan#2.
18:06:43 INFO  : Connected to target on host '127.0.0.1' and port '3121'.
18:06:43 INFO  : Jtag cable 'Digilent JTAG-SMT2 210251A543E7' is selected.
18:06:43 INFO  : 'jtag frequency' command is executed.
18:06:43 INFO  : Sourcing of 'C:/COSMOS_KJH/CosmosPlus_Cluster/CosmosPlus_DFTL_Cluster_DTRIM_Cache/CDTRIM/Build/CDTRIM/system_hw_platform_0/ps7_init.tcl' is done.
18:06:44 INFO  : Context for 'APU' is selected.
18:06:44 INFO  : System reset is completed.
18:06:47 INFO  : 'after 3000' command is executed.
18:06:47 INFO  : 'targets -set -filter {jtag_cable_name =~ "Digilent JTAG-SMT2 210251A543E7" && level==0} -index 1' command is executed.
18:06:54 INFO  : FPGA configured successfully with bitstream "C:/COSMOS_KJH/CosmosPlus_Cluster/CosmosPlus_DFTL_Cluster_DTRIM_Cache/CDTRIM/Build/CDTRIM/system_hw_platform_0/OpenSSD2.bit"
18:06:54 INFO  : Context for 'APU' is selected.
18:06:59 INFO  : Hardware design information is loaded from 'C:/COSMOS_KJH/CosmosPlus_Cluster/CosmosPlus_DFTL_Cluster_DTRIM_Cache/CDTRIM/Build/CDTRIM/system_hw_platform_0/system.hdf'.
18:06:59 INFO  : 'configparams force-mem-access 1' command is executed.
18:06:59 INFO  : Context for 'APU' is selected.
18:07:00 INFO  : 'ps7_init' command is executed.
18:07:00 INFO  : 'ps7_post_config' command is executed.
18:07:00 INFO  : Context for processor 'ps7_cortexa9_0' is selected.
18:07:00 INFO  : The application 'C:/COSMOS_KJH/CosmosPlus_Cluster/CosmosPlus_DFTL_Cluster_DTRIM_Cache/CDTRIM/Build/CDTRIM/CDTRIM_CACHE/Debug/CDTRIM_CACHE.elf' is downloaded to processor 'ps7_cortexa9_0'.
18:07:00 INFO  : 'configparams force-mem-access 0' command is executed.
18:07:00 INFO  : ----------------XSDB Script----------------
connect -url tcp:127.0.0.1:3121
source C:/COSMOS_KJH/CosmosPlus_Cluster/CosmosPlus_DFTL_Cluster_DTRIM_Cache/CDTRIM/Build/CDTRIM/system_hw_platform_0/ps7_init.tcl
targets -set -nocase -filter {name =~"APU*" && jtag_cable_name =~ "Digilent JTAG-SMT2 210251A543E7"} -index 0
rst -system
after 3000
targets -set -filter {jtag_cable_name =~ "Digilent JTAG-SMT2 210251A543E7" && level==0} -index 1
fpga -file C:/COSMOS_KJH/CosmosPlus_Cluster/CosmosPlus_DFTL_Cluster_DTRIM_Cache/CDTRIM/Build/CDTRIM/system_hw_platform_0/OpenSSD2.bit
targets -set -nocase -filter {name =~"APU*" && jtag_cable_name =~ "Digilent JTAG-SMT2 210251A543E7"} -index 0
loadhw -hw C:/COSMOS_KJH/CosmosPlus_Cluster/CosmosPlus_DFTL_Cluster_DTRIM_Cache/CDTRIM/Build/CDTRIM/system_hw_platform_0/system.hdf -mem-ranges [list {0x40000000 0xbfffffff}]
configparams force-mem-access 1
targets -set -nocase -filter {name =~"APU*" && jtag_cable_name =~ "Digilent JTAG-SMT2 210251A543E7"} -index 0
ps7_init
ps7_post_config
targets -set -nocase -filter {name =~ "ARM*#0" && jtag_cable_name =~ "Digilent JTAG-SMT2 210251A543E7"} -index 0
dow C:/COSMOS_KJH/CosmosPlus_Cluster/CosmosPlus_DFTL_Cluster_DTRIM_Cache/CDTRIM/Build/CDTRIM/CDTRIM_CACHE/Debug/CDTRIM_CACHE.elf
configparams force-mem-access 0
----------------End of Script----------------

18:07:00 INFO  : Memory regions updated for context APU
18:07:00 INFO  : Context for processor 'ps7_cortexa9_0' is selected.
18:07:00 INFO  : 'con' command is executed.
18:07:00 INFO  : ----------------XSDB Script (After Launch)----------------
targets -set -nocase -filter {name =~ "ARM*#0" && jtag_cable_name =~ "Digilent JTAG-SMT2 210251A543E7"} -index 0
con
----------------End of Script----------------

18:07:00 INFO  : Launch script is exported to file 'C:\COSMOS_KJH\CosmosPlus_Cluster\CosmosPlus_DFTL_Cluster_DTRIM_Cache\CDTRIM\Build\CDTRIM\.sdk\launch_scripts\xilinx_c-c++_application_(system_debugger)\system_debugger_using_debug_cdtrim_cache.elf_on_local.tcl'
18:09:51 INFO  : Disconnected from the channel tcfchan#3.
18:09:52 INFO  : Connected to target on host '127.0.0.1' and port '3121'.
18:09:52 INFO  : Jtag cable 'Digilent JTAG-SMT2 210251A543E7' is selected.
18:09:52 INFO  : 'jtag frequency' command is executed.
18:09:52 INFO  : Sourcing of 'C:/COSMOS_KJH/CosmosPlus_Cluster/CosmosPlus_DFTL_Cluster_DTRIM_Cache/CDTRIM/Build/CDTRIM/system_hw_platform_0/ps7_init.tcl' is done.
18:09:52 INFO  : Context for 'APU' is selected.
18:09:52 INFO  : System reset is completed.
18:09:56 INFO  : 'after 3000' command is executed.
18:09:56 INFO  : 'targets -set -filter {jtag_cable_name =~ "Digilent JTAG-SMT2 210251A543E7" && level==0} -index 1' command is executed.
18:10:03 INFO  : FPGA configured successfully with bitstream "C:/COSMOS_KJH/CosmosPlus_Cluster/CosmosPlus_DFTL_Cluster_DTRIM_Cache/CDTRIM/Build/CDTRIM/system_hw_platform_0/OpenSSD2.bit"
18:10:03 INFO  : Context for 'APU' is selected.
18:10:09 INFO  : Hardware design information is loaded from 'C:/COSMOS_KJH/CosmosPlus_Cluster/CosmosPlus_DFTL_Cluster_DTRIM_Cache/CDTRIM/Build/CDTRIM/system_hw_platform_0/system.hdf'.
18:10:09 INFO  : 'configparams force-mem-access 1' command is executed.
18:10:09 INFO  : Context for 'APU' is selected.
18:10:09 INFO  : 'ps7_init' command is executed.
18:10:09 INFO  : 'ps7_post_config' command is executed.
18:10:09 INFO  : Context for processor 'ps7_cortexa9_0' is selected.
18:10:10 INFO  : The application 'C:/COSMOS_KJH/CosmosPlus_Cluster/CosmosPlus_DFTL_Cluster_DTRIM_Cache/CDTRIM/Build/CDTRIM/CDTRIM_CACHE/Debug/CDTRIM_CACHE.elf' is downloaded to processor 'ps7_cortexa9_0'.
18:10:10 INFO  : 'configparams force-mem-access 0' command is executed.
18:10:10 INFO  : ----------------XSDB Script----------------
connect -url tcp:127.0.0.1:3121
source C:/COSMOS_KJH/CosmosPlus_Cluster/CosmosPlus_DFTL_Cluster_DTRIM_Cache/CDTRIM/Build/CDTRIM/system_hw_platform_0/ps7_init.tcl
targets -set -nocase -filter {name =~"APU*" && jtag_cable_name =~ "Digilent JTAG-SMT2 210251A543E7"} -index 0
rst -system
after 3000
targets -set -filter {jtag_cable_name =~ "Digilent JTAG-SMT2 210251A543E7" && level==0} -index 1
fpga -file C:/COSMOS_KJH/CosmosPlus_Cluster/CosmosPlus_DFTL_Cluster_DTRIM_Cache/CDTRIM/Build/CDTRIM/system_hw_platform_0/OpenSSD2.bit
targets -set -nocase -filter {name =~"APU*" && jtag_cable_name =~ "Digilent JTAG-SMT2 210251A543E7"} -index 0
loadhw -hw C:/COSMOS_KJH/CosmosPlus_Cluster/CosmosPlus_DFTL_Cluster_DTRIM_Cache/CDTRIM/Build/CDTRIM/system_hw_platform_0/system.hdf -mem-ranges [list {0x40000000 0xbfffffff}]
configparams force-mem-access 1
targets -set -nocase -filter {name =~"APU*" && jtag_cable_name =~ "Digilent JTAG-SMT2 210251A543E7"} -index 0
ps7_init
ps7_post_config
targets -set -nocase -filter {name =~ "ARM*#0" && jtag_cable_name =~ "Digilent JTAG-SMT2 210251A543E7"} -index 0
dow C:/COSMOS_KJH/CosmosPlus_Cluster/CosmosPlus_DFTL_Cluster_DTRIM_Cache/CDTRIM/Build/CDTRIM/CDTRIM_CACHE/Debug/CDTRIM_CACHE.elf
configparams force-mem-access 0
----------------End of Script----------------

18:10:10 INFO  : Memory regions updated for context APU
18:10:10 INFO  : Context for processor 'ps7_cortexa9_0' is selected.
18:10:10 INFO  : 'con' command is executed.
18:10:10 INFO  : ----------------XSDB Script (After Launch)----------------
targets -set -nocase -filter {name =~ "ARM*#0" && jtag_cable_name =~ "Digilent JTAG-SMT2 210251A543E7"} -index 0
con
----------------End of Script----------------

18:10:10 INFO  : Launch script is exported to file 'C:\COSMOS_KJH\CosmosPlus_Cluster\CosmosPlus_DFTL_Cluster_DTRIM_Cache\CDTRIM\Build\CDTRIM\.sdk\launch_scripts\xilinx_c-c++_application_(system_debugger)\system_debugger_using_debug_cdtrim_cache.elf_on_local.tcl'
18:12:13 INFO  : Disconnected from the channel tcfchan#4.
18:12:14 INFO  : Connected to target on host '127.0.0.1' and port '3121'.
18:12:15 INFO  : Jtag cable 'Digilent JTAG-SMT2 210251A543E7' is selected.
18:12:15 INFO  : 'jtag frequency' command is executed.
18:12:15 INFO  : Sourcing of 'C:/COSMOS_KJH/CosmosPlus_Cluster/CosmosPlus_DFTL_Cluster_DTRIM_Cache/CDTRIM/Build/CDTRIM/system_hw_platform_0/ps7_init.tcl' is done.
18:12:15 INFO  : Context for 'APU' is selected.
18:12:15 INFO  : System reset is completed.
18:12:18 INFO  : 'after 3000' command is executed.
18:12:18 INFO  : 'targets -set -filter {jtag_cable_name =~ "Digilent JTAG-SMT2 210251A543E7" && level==0} -index 1' command is executed.
18:12:26 INFO  : FPGA configured successfully with bitstream "C:/COSMOS_KJH/CosmosPlus_Cluster/CosmosPlus_DFTL_Cluster_DTRIM_Cache/CDTRIM/Build/CDTRIM/system_hw_platform_0/OpenSSD2.bit"
18:12:26 INFO  : Context for 'APU' is selected.
18:12:30 INFO  : Hardware design information is loaded from 'C:/COSMOS_KJH/CosmosPlus_Cluster/CosmosPlus_DFTL_Cluster_DTRIM_Cache/CDTRIM/Build/CDTRIM/system_hw_platform_0/system.hdf'.
18:12:30 INFO  : 'configparams force-mem-access 1' command is executed.
18:12:30 INFO  : Context for 'APU' is selected.
18:12:31 INFO  : 'ps7_init' command is executed.
18:12:31 INFO  : 'ps7_post_config' command is executed.
18:12:31 INFO  : Context for processor 'ps7_cortexa9_0' is selected.
18:12:31 INFO  : The application 'C:/COSMOS_KJH/CosmosPlus_Cluster/CosmosPlus_DFTL_Cluster_DTRIM_Cache/CDTRIM/Build/CDTRIM/CDTRIM_CACHE/Debug/CDTRIM_CACHE.elf' is downloaded to processor 'ps7_cortexa9_0'.
18:12:31 INFO  : 'configparams force-mem-access 0' command is executed.
18:12:31 INFO  : ----------------XSDB Script----------------
connect -url tcp:127.0.0.1:3121
source C:/COSMOS_KJH/CosmosPlus_Cluster/CosmosPlus_DFTL_Cluster_DTRIM_Cache/CDTRIM/Build/CDTRIM/system_hw_platform_0/ps7_init.tcl
targets -set -nocase -filter {name =~"APU*" && jtag_cable_name =~ "Digilent JTAG-SMT2 210251A543E7"} -index 0
rst -system
after 3000
targets -set -filter {jtag_cable_name =~ "Digilent JTAG-SMT2 210251A543E7" && level==0} -index 1
fpga -file C:/COSMOS_KJH/CosmosPlus_Cluster/CosmosPlus_DFTL_Cluster_DTRIM_Cache/CDTRIM/Build/CDTRIM/system_hw_platform_0/OpenSSD2.bit
targets -set -nocase -filter {name =~"APU*" && jtag_cable_name =~ "Digilent JTAG-SMT2 210251A543E7"} -index 0
loadhw -hw C:/COSMOS_KJH/CosmosPlus_Cluster/CosmosPlus_DFTL_Cluster_DTRIM_Cache/CDTRIM/Build/CDTRIM/system_hw_platform_0/system.hdf -mem-ranges [list {0x40000000 0xbfffffff}]
configparams force-mem-access 1
targets -set -nocase -filter {name =~"APU*" && jtag_cable_name =~ "Digilent JTAG-SMT2 210251A543E7"} -index 0
ps7_init
ps7_post_config
targets -set -nocase -filter {name =~ "ARM*#0" && jtag_cable_name =~ "Digilent JTAG-SMT2 210251A543E7"} -index 0
dow C:/COSMOS_KJH/CosmosPlus_Cluster/CosmosPlus_DFTL_Cluster_DTRIM_Cache/CDTRIM/Build/CDTRIM/CDTRIM_CACHE/Debug/CDTRIM_CACHE.elf
configparams force-mem-access 0
----------------End of Script----------------

18:12:31 INFO  : Memory regions updated for context APU
18:12:31 INFO  : Context for processor 'ps7_cortexa9_0' is selected.
18:12:31 INFO  : 'con' command is executed.
18:12:31 INFO  : ----------------XSDB Script (After Launch)----------------
targets -set -nocase -filter {name =~ "ARM*#0" && jtag_cable_name =~ "Digilent JTAG-SMT2 210251A543E7"} -index 0
con
----------------End of Script----------------

18:12:31 INFO  : Launch script is exported to file 'C:\COSMOS_KJH\CosmosPlus_Cluster\CosmosPlus_DFTL_Cluster_DTRIM_Cache\CDTRIM\Build\CDTRIM\.sdk\launch_scripts\xilinx_c-c++_application_(system_debugger)\system_debugger_using_debug_cdtrim_cache.elf_on_local.tcl'
18:25:19 INFO  : Disconnected from the channel tcfchan#5.
18:25:20 INFO  : Connected to target on host '127.0.0.1' and port '3121'.
18:25:21 INFO  : Jtag cable 'Digilent JTAG-SMT2 210251A543E7' is selected.
18:25:21 INFO  : 'jtag frequency' command is executed.
18:25:21 INFO  : Sourcing of 'C:/COSMOS_KJH/CosmosPlus_Cluster/CosmosPlus_DFTL_Cluster_DTRIM_Cache/CDTRIM/Build/CDTRIM/system_hw_platform_0/ps7_init.tcl' is done.
18:25:21 INFO  : Context for 'APU' is selected.
18:25:21 INFO  : System reset is completed.
18:25:24 INFO  : 'after 3000' command is executed.
18:25:24 INFO  : 'targets -set -filter {jtag_cable_name =~ "Digilent JTAG-SMT2 210251A543E7" && level==0} -index 1' command is executed.
18:25:32 INFO  : FPGA configured successfully with bitstream "C:/COSMOS_KJH/CosmosPlus_Cluster/CosmosPlus_DFTL_Cluster_DTRIM_Cache/CDTRIM/Build/CDTRIM/system_hw_platform_0/OpenSSD2.bit"
18:25:32 INFO  : Context for 'APU' is selected.
18:25:37 INFO  : Hardware design information is loaded from 'C:/COSMOS_KJH/CosmosPlus_Cluster/CosmosPlus_DFTL_Cluster_DTRIM_Cache/CDTRIM/Build/CDTRIM/system_hw_platform_0/system.hdf'.
18:25:37 INFO  : 'configparams force-mem-access 1' command is executed.
18:25:37 INFO  : Context for 'APU' is selected.
18:25:37 INFO  : 'ps7_init' command is executed.
18:25:37 INFO  : 'ps7_post_config' command is executed.
18:25:37 INFO  : Context for processor 'ps7_cortexa9_0' is selected.
18:25:38 INFO  : The application 'C:/COSMOS_KJH/CosmosPlus_Cluster/CosmosPlus_DFTL_Cluster_DTRIM_Cache/CDTRIM/Build/CDTRIM/CDTRIM_CACHE/Debug/CDTRIM_CACHE.elf' is downloaded to processor 'ps7_cortexa9_0'.
18:25:38 INFO  : 'configparams force-mem-access 0' command is executed.
18:25:38 INFO  : ----------------XSDB Script----------------
connect -url tcp:127.0.0.1:3121
source C:/COSMOS_KJH/CosmosPlus_Cluster/CosmosPlus_DFTL_Cluster_DTRIM_Cache/CDTRIM/Build/CDTRIM/system_hw_platform_0/ps7_init.tcl
targets -set -nocase -filter {name =~"APU*" && jtag_cable_name =~ "Digilent JTAG-SMT2 210251A543E7"} -index 0
rst -system
after 3000
targets -set -filter {jtag_cable_name =~ "Digilent JTAG-SMT2 210251A543E7" && level==0} -index 1
fpga -file C:/COSMOS_KJH/CosmosPlus_Cluster/CosmosPlus_DFTL_Cluster_DTRIM_Cache/CDTRIM/Build/CDTRIM/system_hw_platform_0/OpenSSD2.bit
targets -set -nocase -filter {name =~"APU*" && jtag_cable_name =~ "Digilent JTAG-SMT2 210251A543E7"} -index 0
loadhw -hw C:/COSMOS_KJH/CosmosPlus_Cluster/CosmosPlus_DFTL_Cluster_DTRIM_Cache/CDTRIM/Build/CDTRIM/system_hw_platform_0/system.hdf -mem-ranges [list {0x40000000 0xbfffffff}]
configparams force-mem-access 1
targets -set -nocase -filter {name =~"APU*" && jtag_cable_name =~ "Digilent JTAG-SMT2 210251A543E7"} -index 0
ps7_init
ps7_post_config
targets -set -nocase -filter {name =~ "ARM*#0" && jtag_cable_name =~ "Digilent JTAG-SMT2 210251A543E7"} -index 0
dow C:/COSMOS_KJH/CosmosPlus_Cluster/CosmosPlus_DFTL_Cluster_DTRIM_Cache/CDTRIM/Build/CDTRIM/CDTRIM_CACHE/Debug/CDTRIM_CACHE.elf
configparams force-mem-access 0
----------------End of Script----------------

18:25:38 INFO  : Memory regions updated for context APU
18:25:38 INFO  : Context for processor 'ps7_cortexa9_0' is selected.
18:25:38 INFO  : 'con' command is executed.
18:25:38 INFO  : ----------------XSDB Script (After Launch)----------------
targets -set -nocase -filter {name =~ "ARM*#0" && jtag_cable_name =~ "Digilent JTAG-SMT2 210251A543E7"} -index 0
con
----------------End of Script----------------

18:25:38 INFO  : Launch script is exported to file 'C:\COSMOS_KJH\CosmosPlus_Cluster\CosmosPlus_DFTL_Cluster_DTRIM_Cache\CDTRIM\Build\CDTRIM\.sdk\launch_scripts\xilinx_c-c++_application_(system_debugger)\system_debugger_using_debug_cdtrim_cache.elf_on_local.tcl'
09:51:20 INFO  : Disconnected from the channel tcfchan#6.
09:51:21 INFO  : Connected to target on host '127.0.0.1' and port '3121'.
09:51:21 INFO  : Jtag cable 'Digilent JTAG-SMT2 210251A543E7' is selected.
09:51:21 INFO  : 'jtag frequency' command is executed.
09:51:21 INFO  : Sourcing of 'C:/COSMOS_KJH/CosmosPlus_Cluster/CosmosPlus_DFTL_Cluster_DTRIM_Cache/CDTRIM/Build/CDTRIM/system_hw_platform_0/ps7_init.tcl' is done.
09:51:21 INFO  : Context for 'APU' is selected.
09:51:21 INFO  : System reset is completed.
09:51:24 INFO  : 'after 3000' command is executed.
09:51:24 INFO  : 'targets -set -filter {jtag_cable_name =~ "Digilent JTAG-SMT2 210251A543E7" && level==0} -index 1' command is executed.
09:51:32 INFO  : FPGA configured successfully with bitstream "C:/COSMOS_KJH/CosmosPlus_Cluster/CosmosPlus_DFTL_Cluster_DTRIM_Cache/CDTRIM/Build/CDTRIM/system_hw_platform_0/OpenSSD2.bit"
09:51:32 INFO  : Context for 'APU' is selected.
09:51:37 INFO  : Hardware design information is loaded from 'C:/COSMOS_KJH/CosmosPlus_Cluster/CosmosPlus_DFTL_Cluster_DTRIM_Cache/CDTRIM/Build/CDTRIM/system_hw_platform_0/system.hdf'.
09:51:37 INFO  : 'configparams force-mem-access 1' command is executed.
09:51:37 INFO  : Context for 'APU' is selected.
09:51:37 INFO  : 'ps7_init' command is executed.
09:51:37 INFO  : 'ps7_post_config' command is executed.
09:51:37 INFO  : Context for processor 'ps7_cortexa9_0' is selected.
09:51:38 INFO  : The application 'C:/COSMOS_KJH/CosmosPlus_Cluster/CosmosPlus_DFTL_Cluster_DTRIM_Cache/CDTRIM/Build/CDTRIM/CDTRIM_CACHE/Debug/CDTRIM_CACHE.elf' is downloaded to processor 'ps7_cortexa9_0'.
09:51:38 INFO  : 'configparams force-mem-access 0' command is executed.
09:51:38 INFO  : ----------------XSDB Script----------------
connect -url tcp:127.0.0.1:3121
source C:/COSMOS_KJH/CosmosPlus_Cluster/CosmosPlus_DFTL_Cluster_DTRIM_Cache/CDTRIM/Build/CDTRIM/system_hw_platform_0/ps7_init.tcl
targets -set -nocase -filter {name =~"APU*" && jtag_cable_name =~ "Digilent JTAG-SMT2 210251A543E7"} -index 0
rst -system
after 3000
targets -set -filter {jtag_cable_name =~ "Digilent JTAG-SMT2 210251A543E7" && level==0} -index 1
fpga -file C:/COSMOS_KJH/CosmosPlus_Cluster/CosmosPlus_DFTL_Cluster_DTRIM_Cache/CDTRIM/Build/CDTRIM/system_hw_platform_0/OpenSSD2.bit
targets -set -nocase -filter {name =~"APU*" && jtag_cable_name =~ "Digilent JTAG-SMT2 210251A543E7"} -index 0
loadhw -hw C:/COSMOS_KJH/CosmosPlus_Cluster/CosmosPlus_DFTL_Cluster_DTRIM_Cache/CDTRIM/Build/CDTRIM/system_hw_platform_0/system.hdf -mem-ranges [list {0x40000000 0xbfffffff}]
configparams force-mem-access 1
targets -set -nocase -filter {name =~"APU*" && jtag_cable_name =~ "Digilent JTAG-SMT2 210251A543E7"} -index 0
ps7_init
ps7_post_config
targets -set -nocase -filter {name =~ "ARM*#0" && jtag_cable_name =~ "Digilent JTAG-SMT2 210251A543E7"} -index 0
dow C:/COSMOS_KJH/CosmosPlus_Cluster/CosmosPlus_DFTL_Cluster_DTRIM_Cache/CDTRIM/Build/CDTRIM/CDTRIM_CACHE/Debug/CDTRIM_CACHE.elf
configparams force-mem-access 0
----------------End of Script----------------

09:51:38 INFO  : Memory regions updated for context APU
09:51:38 INFO  : Context for processor 'ps7_cortexa9_0' is selected.
09:51:38 INFO  : 'con' command is executed.
09:51:38 INFO  : ----------------XSDB Script (After Launch)----------------
targets -set -nocase -filter {name =~ "ARM*#0" && jtag_cable_name =~ "Digilent JTAG-SMT2 210251A543E7"} -index 0
con
----------------End of Script----------------

09:51:38 INFO  : Launch script is exported to file 'C:\COSMOS_KJH\CosmosPlus_Cluster\CosmosPlus_DFTL_Cluster_DTRIM_Cache\CDTRIM\Build\CDTRIM\.sdk\launch_scripts\xilinx_c-c++_application_(system_debugger)\system_debugger_using_debug_cdtrim_cache.elf_on_local.tcl'
12:09:23 INFO  : Disconnected from the channel tcfchan#7.
12:09:24 INFO  : Connected to target on host '127.0.0.1' and port '3121'.
12:09:24 INFO  : Jtag cable 'Digilent JTAG-SMT2 210251A543E7' is selected.
12:09:24 INFO  : 'jtag frequency' command is executed.
12:09:24 INFO  : Sourcing of 'C:/COSMOS_KJH/CosmosPlus_Cluster/CosmosPlus_DFTL_Cluster_DTRIM_Cache/CDTRIM/Build/CDTRIM/system_hw_platform_0/ps7_init.tcl' is done.
12:09:24 INFO  : Context for 'APU' is selected.
12:09:24 INFO  : System reset is completed.
12:09:27 INFO  : 'after 3000' command is executed.
12:09:27 INFO  : 'targets -set -filter {jtag_cable_name =~ "Digilent JTAG-SMT2 210251A543E7" && level==0} -index 1' command is executed.
12:09:35 INFO  : FPGA configured successfully with bitstream "C:/COSMOS_KJH/CosmosPlus_Cluster/CosmosPlus_DFTL_Cluster_DTRIM_Cache/CDTRIM/Build/CDTRIM/system_hw_platform_0/OpenSSD2.bit"
12:09:35 INFO  : Context for 'APU' is selected.
12:09:42 INFO  : Hardware design information is loaded from 'C:/COSMOS_KJH/CosmosPlus_Cluster/CosmosPlus_DFTL_Cluster_DTRIM_Cache/CDTRIM/Build/CDTRIM/system_hw_platform_0/system.hdf'.
12:09:42 INFO  : 'configparams force-mem-access 1' command is executed.
12:09:43 INFO  : Context for 'APU' is selected.
12:09:43 INFO  : 'ps7_init' command is executed.
12:09:43 INFO  : 'ps7_post_config' command is executed.
12:09:43 INFO  : Context for processor 'ps7_cortexa9_0' is selected.
12:09:44 INFO  : The application 'C:/COSMOS_KJH/CosmosPlus_Cluster/CosmosPlus_DFTL_Cluster_DTRIM_Cache/CDTRIM/Build/CDTRIM/CDTRIM_CACHE/Debug/CDTRIM_CACHE.elf' is downloaded to processor 'ps7_cortexa9_0'.
12:09:44 INFO  : 'configparams force-mem-access 0' command is executed.
12:09:44 INFO  : ----------------XSDB Script----------------
connect -url tcp:127.0.0.1:3121
source C:/COSMOS_KJH/CosmosPlus_Cluster/CosmosPlus_DFTL_Cluster_DTRIM_Cache/CDTRIM/Build/CDTRIM/system_hw_platform_0/ps7_init.tcl
targets -set -nocase -filter {name =~"APU*" && jtag_cable_name =~ "Digilent JTAG-SMT2 210251A543E7"} -index 0
rst -system
after 3000
targets -set -filter {jtag_cable_name =~ "Digilent JTAG-SMT2 210251A543E7" && level==0} -index 1
fpga -file C:/COSMOS_KJH/CosmosPlus_Cluster/CosmosPlus_DFTL_Cluster_DTRIM_Cache/CDTRIM/Build/CDTRIM/system_hw_platform_0/OpenSSD2.bit
targets -set -nocase -filter {name =~"APU*" && jtag_cable_name =~ "Digilent JTAG-SMT2 210251A543E7"} -index 0
loadhw -hw C:/COSMOS_KJH/CosmosPlus_Cluster/CosmosPlus_DFTL_Cluster_DTRIM_Cache/CDTRIM/Build/CDTRIM/system_hw_platform_0/system.hdf -mem-ranges [list {0x40000000 0xbfffffff}]
configparams force-mem-access 1
targets -set -nocase -filter {name =~"APU*" && jtag_cable_name =~ "Digilent JTAG-SMT2 210251A543E7"} -index 0
ps7_init
ps7_post_config
targets -set -nocase -filter {name =~ "ARM*#0" && jtag_cable_name =~ "Digilent JTAG-SMT2 210251A543E7"} -index 0
dow C:/COSMOS_KJH/CosmosPlus_Cluster/CosmosPlus_DFTL_Cluster_DTRIM_Cache/CDTRIM/Build/CDTRIM/CDTRIM_CACHE/Debug/CDTRIM_CACHE.elf
configparams force-mem-access 0
----------------End of Script----------------

12:09:44 INFO  : Memory regions updated for context APU
12:09:44 INFO  : Context for processor 'ps7_cortexa9_0' is selected.
12:09:44 INFO  : 'con' command is executed.
12:09:44 INFO  : ----------------XSDB Script (After Launch)----------------
targets -set -nocase -filter {name =~ "ARM*#0" && jtag_cable_name =~ "Digilent JTAG-SMT2 210251A543E7"} -index 0
con
----------------End of Script----------------

12:09:44 INFO  : Launch script is exported to file 'C:\COSMOS_KJH\CosmosPlus_Cluster\CosmosPlus_DFTL_Cluster_DTRIM_Cache\CDTRIM\Build\CDTRIM\.sdk\launch_scripts\xilinx_c-c++_application_(system_debugger)\system_debugger_using_debug_cdtrim_cache.elf_on_local.tcl'
12:15:21 INFO  : Disconnected from the channel tcfchan#8.
17:26:51 INFO  : Registering command handlers for SDK TCF services
17:26:52 INFO  : Launching XSCT server: xsct.bat -interactive C:\COSMOS_KJH\CosmosPlus_Cluster\CosmosPlus_DFTL_Cluster_DTRIM_Cache\CDTRIM\Build\CDTRIM\temp_xsdb_launch_script.tcl
17:26:56 INFO  : XSCT server has started successfully.
17:27:01 INFO  : Successfully done setting XSCT server connection channel  
17:27:01 INFO  : Successfully done setting SDK workspace  
17:27:48 INFO  : Connected to target on host '127.0.0.1' and port '3121'.
17:27:49 INFO  : Jtag cable 'Digilent JTAG-SMT2 210251A543E7' is selected.
17:27:49 INFO  : 'jtag frequency' command is executed.
17:27:49 INFO  : Sourcing of 'C:/COSMOS_KJH/CosmosPlus_Cluster/CosmosPlus_DFTL_Cluster_DTRIM_Cache/CDTRIM/Build/CDTRIM/system_hw_platform_0/ps7_init.tcl' is done.
17:27:49 INFO  : Context for 'APU' is selected.
17:27:49 INFO  : System reset is completed.
17:27:52 INFO  : 'after 3000' command is executed.
17:27:52 INFO  : 'targets -set -filter {jtag_cable_name =~ "Digilent JTAG-SMT2 210251A543E7" && level==0} -index 1' command is executed.
17:28:00 INFO  : FPGA configured successfully with bitstream "C:/COSMOS_KJH/CosmosPlus_Cluster/CosmosPlus_DFTL_Cluster_DTRIM_Cache/CDTRIM/Build/CDTRIM/system_hw_platform_0/OpenSSD2.bit"
17:28:00 INFO  : Context for 'APU' is selected.
17:28:00 INFO  : Hardware design information is loaded from 'C:/COSMOS_KJH/CosmosPlus_Cluster/CosmosPlus_DFTL_Cluster_DTRIM_Cache/CDTRIM/Build/CDTRIM/system_hw_platform_0/system.hdf'.
17:28:00 INFO  : 'configparams force-mem-access 1' command is executed.
17:28:00 INFO  : Context for 'APU' is selected.
17:28:00 INFO  : 'ps7_init' command is executed.
17:28:00 INFO  : 'ps7_post_config' command is executed.
17:28:00 INFO  : Context for processor 'ps7_cortexa9_0' is selected.
17:28:01 INFO  : The application 'C:/COSMOS_KJH/CosmosPlus_Cluster/CosmosPlus_DFTL_Cluster_DTRIM_Cache/CDTRIM/Build/CDTRIM/CDTRIM_CACHE/Debug/CDTRIM_CACHE.elf' is downloaded to processor 'ps7_cortexa9_0'.
17:28:01 INFO  : 'configparams force-mem-access 0' command is executed.
17:28:01 INFO  : ----------------XSDB Script----------------
connect -url tcp:127.0.0.1:3121
source C:/COSMOS_KJH/CosmosPlus_Cluster/CosmosPlus_DFTL_Cluster_DTRIM_Cache/CDTRIM/Build/CDTRIM/system_hw_platform_0/ps7_init.tcl
targets -set -nocase -filter {name =~"APU*" && jtag_cable_name =~ "Digilent JTAG-SMT2 210251A543E7"} -index 0
rst -system
after 3000
targets -set -filter {jtag_cable_name =~ "Digilent JTAG-SMT2 210251A543E7" && level==0} -index 1
fpga -file C:/COSMOS_KJH/CosmosPlus_Cluster/CosmosPlus_DFTL_Cluster_DTRIM_Cache/CDTRIM/Build/CDTRIM/system_hw_platform_0/OpenSSD2.bit
targets -set -nocase -filter {name =~"APU*" && jtag_cable_name =~ "Digilent JTAG-SMT2 210251A543E7"} -index 0
loadhw -hw C:/COSMOS_KJH/CosmosPlus_Cluster/CosmosPlus_DFTL_Cluster_DTRIM_Cache/CDTRIM/Build/CDTRIM/system_hw_platform_0/system.hdf -mem-ranges [list {0x40000000 0xbfffffff}]
configparams force-mem-access 1
targets -set -nocase -filter {name =~"APU*" && jtag_cable_name =~ "Digilent JTAG-SMT2 210251A543E7"} -index 0
ps7_init
ps7_post_config
targets -set -nocase -filter {name =~ "ARM*#0" && jtag_cable_name =~ "Digilent JTAG-SMT2 210251A543E7"} -index 0
dow C:/COSMOS_KJH/CosmosPlus_Cluster/CosmosPlus_DFTL_Cluster_DTRIM_Cache/CDTRIM/Build/CDTRIM/CDTRIM_CACHE/Debug/CDTRIM_CACHE.elf
configparams force-mem-access 0
----------------End of Script----------------

17:28:01 INFO  : Memory regions updated for context APU
17:28:01 INFO  : Context for processor 'ps7_cortexa9_0' is selected.
17:28:01 INFO  : 'con' command is executed.
17:28:01 INFO  : ----------------XSDB Script (After Launch)----------------
targets -set -nocase -filter {name =~ "ARM*#0" && jtag_cable_name =~ "Digilent JTAG-SMT2 210251A543E7"} -index 0
con
----------------End of Script----------------

17:28:01 INFO  : Launch script is exported to file 'C:\COSMOS_KJH\CosmosPlus_Cluster\CosmosPlus_DFTL_Cluster_DTRIM_Cache\CDTRIM\Build\CDTRIM\.sdk\launch_scripts\xilinx_c-c++_application_(system_debugger)\system_debugger_using_debug_cdtrim_cache.elf_on_local.tcl'
18:38:58 INFO  : Disconnected from the channel tcfchan#1.
18:38:59 INFO  : Connected to target on host '127.0.0.1' and port '3121'.
18:38:59 INFO  : Jtag cable 'Digilent JTAG-SMT2 210251A543E7' is selected.
18:38:59 INFO  : 'jtag frequency' command is executed.
18:38:59 INFO  : Sourcing of 'C:/COSMOS_KJH/CosmosPlus_Cluster/CosmosPlus_DFTL_Cluster_DTRIM_Cache/CDTRIM/Build/CDTRIM/system_hw_platform_0/ps7_init.tcl' is done.
18:38:59 INFO  : Context for 'APU' is selected.
18:38:59 INFO  : System reset is completed.
18:39:02 INFO  : 'after 3000' command is executed.
18:39:03 INFO  : 'targets -set -filter {jtag_cable_name =~ "Digilent JTAG-SMT2 210251A543E7" && level==0} -index 1' command is executed.
18:39:10 INFO  : FPGA configured successfully with bitstream "C:/COSMOS_KJH/CosmosPlus_Cluster/CosmosPlus_DFTL_Cluster_DTRIM_Cache/CDTRIM/Build/CDTRIM/system_hw_platform_0/OpenSSD2.bit"
18:39:10 INFO  : Context for 'APU' is selected.
18:39:16 INFO  : Hardware design information is loaded from 'C:/COSMOS_KJH/CosmosPlus_Cluster/CosmosPlus_DFTL_Cluster_DTRIM_Cache/CDTRIM/Build/CDTRIM/system_hw_platform_0/system.hdf'.
18:39:16 INFO  : 'configparams force-mem-access 1' command is executed.
18:39:16 INFO  : Context for 'APU' is selected.
18:39:16 INFO  : 'ps7_init' command is executed.
18:39:16 INFO  : 'ps7_post_config' command is executed.
18:39:16 INFO  : Context for processor 'ps7_cortexa9_0' is selected.
18:39:17 INFO  : The application 'C:/COSMOS_KJH/CosmosPlus_Cluster/CosmosPlus_DFTL_Cluster_DTRIM_Cache/CDTRIM/Build/CDTRIM/CDTRIM_CACHE/Debug/CDTRIM_CACHE.elf' is downloaded to processor 'ps7_cortexa9_0'.
18:39:17 INFO  : 'configparams force-mem-access 0' command is executed.
18:39:17 INFO  : ----------------XSDB Script----------------
connect -url tcp:127.0.0.1:3121
source C:/COSMOS_KJH/CosmosPlus_Cluster/CosmosPlus_DFTL_Cluster_DTRIM_Cache/CDTRIM/Build/CDTRIM/system_hw_platform_0/ps7_init.tcl
targets -set -nocase -filter {name =~"APU*" && jtag_cable_name =~ "Digilent JTAG-SMT2 210251A543E7"} -index 0
rst -system
after 3000
targets -set -filter {jtag_cable_name =~ "Digilent JTAG-SMT2 210251A543E7" && level==0} -index 1
fpga -file C:/COSMOS_KJH/CosmosPlus_Cluster/CosmosPlus_DFTL_Cluster_DTRIM_Cache/CDTRIM/Build/CDTRIM/system_hw_platform_0/OpenSSD2.bit
targets -set -nocase -filter {name =~"APU*" && jtag_cable_name =~ "Digilent JTAG-SMT2 210251A543E7"} -index 0
loadhw -hw C:/COSMOS_KJH/CosmosPlus_Cluster/CosmosPlus_DFTL_Cluster_DTRIM_Cache/CDTRIM/Build/CDTRIM/system_hw_platform_0/system.hdf -mem-ranges [list {0x40000000 0xbfffffff}]
configparams force-mem-access 1
targets -set -nocase -filter {name =~"APU*" && jtag_cable_name =~ "Digilent JTAG-SMT2 210251A543E7"} -index 0
ps7_init
ps7_post_config
targets -set -nocase -filter {name =~ "ARM*#0" && jtag_cable_name =~ "Digilent JTAG-SMT2 210251A543E7"} -index 0
dow C:/COSMOS_KJH/CosmosPlus_Cluster/CosmosPlus_DFTL_Cluster_DTRIM_Cache/CDTRIM/Build/CDTRIM/CDTRIM_CACHE/Debug/CDTRIM_CACHE.elf
configparams force-mem-access 0
----------------End of Script----------------

18:39:17 INFO  : Memory regions updated for context APU
18:39:17 INFO  : Context for processor 'ps7_cortexa9_0' is selected.
18:39:17 INFO  : 'con' command is executed.
18:39:17 INFO  : ----------------XSDB Script (After Launch)----------------
targets -set -nocase -filter {name =~ "ARM*#0" && jtag_cable_name =~ "Digilent JTAG-SMT2 210251A543E7"} -index 0
con
----------------End of Script----------------

18:39:17 INFO  : Launch script is exported to file 'C:\COSMOS_KJH\CosmosPlus_Cluster\CosmosPlus_DFTL_Cluster_DTRIM_Cache\CDTRIM\Build\CDTRIM\.sdk\launch_scripts\xilinx_c-c++_application_(system_debugger)\system_debugger_using_debug_cdtrim_cache.elf_on_local.tcl'
19:17:57 INFO  : Disconnected from the channel tcfchan#2.
19:17:58 INFO  : Connected to target on host '127.0.0.1' and port '3121'.
19:17:58 INFO  : Jtag cable 'Digilent JTAG-SMT2 210251A543E7' is selected.
19:17:58 INFO  : 'jtag frequency' command is executed.
19:17:58 INFO  : Sourcing of 'C:/COSMOS_KJH/CosmosPlus_Cluster/CosmosPlus_DFTL_Cluster_DTRIM_Cache/CDTRIM/Build/CDTRIM/system_hw_platform_0/ps7_init.tcl' is done.
19:17:58 INFO  : Context for 'APU' is selected.
19:17:58 INFO  : System reset is completed.
19:18:01 INFO  : 'after 3000' command is executed.
19:18:01 INFO  : 'targets -set -filter {jtag_cable_name =~ "Digilent JTAG-SMT2 210251A543E7" && level==0} -index 1' command is executed.
19:18:09 INFO  : FPGA configured successfully with bitstream "C:/COSMOS_KJH/CosmosPlus_Cluster/CosmosPlus_DFTL_Cluster_DTRIM_Cache/CDTRIM/Build/CDTRIM/system_hw_platform_0/OpenSSD2.bit"
19:18:09 INFO  : Context for 'APU' is selected.
19:18:14 INFO  : Hardware design information is loaded from 'C:/COSMOS_KJH/CosmosPlus_Cluster/CosmosPlus_DFTL_Cluster_DTRIM_Cache/CDTRIM/Build/CDTRIM/system_hw_platform_0/system.hdf'.
19:18:14 INFO  : 'configparams force-mem-access 1' command is executed.
19:18:14 INFO  : Context for 'APU' is selected.
19:18:15 INFO  : 'ps7_init' command is executed.
19:18:15 INFO  : 'ps7_post_config' command is executed.
19:18:15 INFO  : Context for processor 'ps7_cortexa9_0' is selected.
19:18:15 INFO  : The application 'C:/COSMOS_KJH/CosmosPlus_Cluster/CosmosPlus_DFTL_Cluster_DTRIM_Cache/CDTRIM/Build/CDTRIM/CDTRIM_CACHE/Debug/CDTRIM_CACHE.elf' is downloaded to processor 'ps7_cortexa9_0'.
19:18:15 INFO  : 'configparams force-mem-access 0' command is executed.
19:18:15 INFO  : ----------------XSDB Script----------------
connect -url tcp:127.0.0.1:3121
source C:/COSMOS_KJH/CosmosPlus_Cluster/CosmosPlus_DFTL_Cluster_DTRIM_Cache/CDTRIM/Build/CDTRIM/system_hw_platform_0/ps7_init.tcl
targets -set -nocase -filter {name =~"APU*" && jtag_cable_name =~ "Digilent JTAG-SMT2 210251A543E7"} -index 0
rst -system
after 3000
targets -set -filter {jtag_cable_name =~ "Digilent JTAG-SMT2 210251A543E7" && level==0} -index 1
fpga -file C:/COSMOS_KJH/CosmosPlus_Cluster/CosmosPlus_DFTL_Cluster_DTRIM_Cache/CDTRIM/Build/CDTRIM/system_hw_platform_0/OpenSSD2.bit
targets -set -nocase -filter {name =~"APU*" && jtag_cable_name =~ "Digilent JTAG-SMT2 210251A543E7"} -index 0
loadhw -hw C:/COSMOS_KJH/CosmosPlus_Cluster/CosmosPlus_DFTL_Cluster_DTRIM_Cache/CDTRIM/Build/CDTRIM/system_hw_platform_0/system.hdf -mem-ranges [list {0x40000000 0xbfffffff}]
configparams force-mem-access 1
targets -set -nocase -filter {name =~"APU*" && jtag_cable_name =~ "Digilent JTAG-SMT2 210251A543E7"} -index 0
ps7_init
ps7_post_config
targets -set -nocase -filter {name =~ "ARM*#0" && jtag_cable_name =~ "Digilent JTAG-SMT2 210251A543E7"} -index 0
dow C:/COSMOS_KJH/CosmosPlus_Cluster/CosmosPlus_DFTL_Cluster_DTRIM_Cache/CDTRIM/Build/CDTRIM/CDTRIM_CACHE/Debug/CDTRIM_CACHE.elf
configparams force-mem-access 0
----------------End of Script----------------

19:18:15 INFO  : Memory regions updated for context APU
19:18:16 INFO  : Context for processor 'ps7_cortexa9_0' is selected.
19:18:16 INFO  : 'con' command is executed.
19:18:16 INFO  : ----------------XSDB Script (After Launch)----------------
targets -set -nocase -filter {name =~ "ARM*#0" && jtag_cable_name =~ "Digilent JTAG-SMT2 210251A543E7"} -index 0
con
----------------End of Script----------------

19:18:16 INFO  : Launch script is exported to file 'C:\COSMOS_KJH\CosmosPlus_Cluster\CosmosPlus_DFTL_Cluster_DTRIM_Cache\CDTRIM\Build\CDTRIM\.sdk\launch_scripts\xilinx_c-c++_application_(system_debugger)\system_debugger_using_debug_cdtrim_cache.elf_on_local.tcl'
19:58:15 INFO  : Disconnected from the channel tcfchan#3.
19:58:16 INFO  : Connected to target on host '127.0.0.1' and port '3121'.
19:58:17 INFO  : Jtag cable 'Digilent JTAG-SMT2 210251A543E7' is selected.
19:58:17 INFO  : 'jtag frequency' command is executed.
19:58:17 INFO  : Sourcing of 'C:/COSMOS_KJH/CosmosPlus_Cluster/CosmosPlus_DFTL_Cluster_DTRIM_Cache/CDTRIM/Build/CDTRIM/system_hw_platform_0/ps7_init.tcl' is done.
19:58:17 INFO  : Context for 'APU' is selected.
19:58:17 INFO  : System reset is completed.
19:58:20 INFO  : 'after 3000' command is executed.
19:58:20 INFO  : 'targets -set -filter {jtag_cable_name =~ "Digilent JTAG-SMT2 210251A543E7" && level==0} -index 1' command is executed.
19:58:27 INFO  : FPGA configured successfully with bitstream "C:/COSMOS_KJH/CosmosPlus_Cluster/CosmosPlus_DFTL_Cluster_DTRIM_Cache/CDTRIM/Build/CDTRIM/system_hw_platform_0/OpenSSD2.bit"
19:58:27 INFO  : Context for 'APU' is selected.
19:58:32 INFO  : Hardware design information is loaded from 'C:/COSMOS_KJH/CosmosPlus_Cluster/CosmosPlus_DFTL_Cluster_DTRIM_Cache/CDTRIM/Build/CDTRIM/system_hw_platform_0/system.hdf'.
19:58:32 INFO  : 'configparams force-mem-access 1' command is executed.
19:58:32 INFO  : Context for 'APU' is selected.
19:58:32 INFO  : 'ps7_init' command is executed.
19:58:33 INFO  : 'ps7_post_config' command is executed.
19:58:33 INFO  : Context for processor 'ps7_cortexa9_0' is selected.
19:58:33 INFO  : The application 'C:/COSMOS_KJH/CosmosPlus_Cluster/CosmosPlus_DFTL_Cluster_DTRIM_Cache/CDTRIM/Build/CDTRIM/CDTRIM_CACHE/Debug/CDTRIM_CACHE.elf' is downloaded to processor 'ps7_cortexa9_0'.
19:58:33 INFO  : 'configparams force-mem-access 0' command is executed.
19:58:33 INFO  : ----------------XSDB Script----------------
connect -url tcp:127.0.0.1:3121
source C:/COSMOS_KJH/CosmosPlus_Cluster/CosmosPlus_DFTL_Cluster_DTRIM_Cache/CDTRIM/Build/CDTRIM/system_hw_platform_0/ps7_init.tcl
targets -set -nocase -filter {name =~"APU*" && jtag_cable_name =~ "Digilent JTAG-SMT2 210251A543E7"} -index 0
rst -system
after 3000
targets -set -filter {jtag_cable_name =~ "Digilent JTAG-SMT2 210251A543E7" && level==0} -index 1
fpga -file C:/COSMOS_KJH/CosmosPlus_Cluster/CosmosPlus_DFTL_Cluster_DTRIM_Cache/CDTRIM/Build/CDTRIM/system_hw_platform_0/OpenSSD2.bit
targets -set -nocase -filter {name =~"APU*" && jtag_cable_name =~ "Digilent JTAG-SMT2 210251A543E7"} -index 0
loadhw -hw C:/COSMOS_KJH/CosmosPlus_Cluster/CosmosPlus_DFTL_Cluster_DTRIM_Cache/CDTRIM/Build/CDTRIM/system_hw_platform_0/system.hdf -mem-ranges [list {0x40000000 0xbfffffff}]
configparams force-mem-access 1
targets -set -nocase -filter {name =~"APU*" && jtag_cable_name =~ "Digilent JTAG-SMT2 210251A543E7"} -index 0
ps7_init
ps7_post_config
targets -set -nocase -filter {name =~ "ARM*#0" && jtag_cable_name =~ "Digilent JTAG-SMT2 210251A543E7"} -index 0
dow C:/COSMOS_KJH/CosmosPlus_Cluster/CosmosPlus_DFTL_Cluster_DTRIM_Cache/CDTRIM/Build/CDTRIM/CDTRIM_CACHE/Debug/CDTRIM_CACHE.elf
configparams force-mem-access 0
----------------End of Script----------------

19:58:33 INFO  : Memory regions updated for context APU
19:58:33 INFO  : Context for processor 'ps7_cortexa9_0' is selected.
19:58:33 INFO  : 'con' command is executed.
19:58:33 INFO  : ----------------XSDB Script (After Launch)----------------
targets -set -nocase -filter {name =~ "ARM*#0" && jtag_cable_name =~ "Digilent JTAG-SMT2 210251A543E7"} -index 0
con
----------------End of Script----------------

19:58:33 INFO  : Launch script is exported to file 'C:\COSMOS_KJH\CosmosPlus_Cluster\CosmosPlus_DFTL_Cluster_DTRIM_Cache\CDTRIM\Build\CDTRIM\.sdk\launch_scripts\xilinx_c-c++_application_(system_debugger)\system_debugger_using_debug_cdtrim_cache.elf_on_local.tcl'
09:37:27 INFO  : Disconnected from the channel tcfchan#4.
09:37:28 INFO  : Connected to target on host '127.0.0.1' and port '3121'.
09:37:28 INFO  : Jtag cable 'Digilent JTAG-SMT2 210251A543E7' is selected.
09:37:28 INFO  : 'jtag frequency' command is executed.
09:37:28 INFO  : Sourcing of 'C:/COSMOS_KJH/CosmosPlus_Cluster/CosmosPlus_DFTL_Cluster_DTRIM_Cache/CDTRIM/Build/CDTRIM/system_hw_platform_0/ps7_init.tcl' is done.
09:37:28 INFO  : Context for 'APU' is selected.
09:37:28 INFO  : System reset is completed.
09:37:31 INFO  : 'after 3000' command is executed.
09:37:31 INFO  : 'targets -set -filter {jtag_cable_name =~ "Digilent JTAG-SMT2 210251A543E7" && level==0} -index 1' command is executed.
09:37:39 INFO  : FPGA configured successfully with bitstream "C:/COSMOS_KJH/CosmosPlus_Cluster/CosmosPlus_DFTL_Cluster_DTRIM_Cache/CDTRIM/Build/CDTRIM/system_hw_platform_0/OpenSSD2.bit"
09:37:39 INFO  : Context for 'APU' is selected.
09:37:44 INFO  : Hardware design information is loaded from 'C:/COSMOS_KJH/CosmosPlus_Cluster/CosmosPlus_DFTL_Cluster_DTRIM_Cache/CDTRIM/Build/CDTRIM/system_hw_platform_0/system.hdf'.
09:37:44 INFO  : 'configparams force-mem-access 1' command is executed.
09:37:44 INFO  : Context for 'APU' is selected.
09:37:44 INFO  : 'ps7_init' command is executed.
09:37:44 INFO  : 'ps7_post_config' command is executed.
09:37:44 INFO  : Context for processor 'ps7_cortexa9_0' is selected.
09:37:45 INFO  : The application 'C:/COSMOS_KJH/CosmosPlus_Cluster/CosmosPlus_DFTL_Cluster_DTRIM_Cache/CDTRIM/Build/CDTRIM/CDTRIM_CACHE/Debug/CDTRIM_CACHE.elf' is downloaded to processor 'ps7_cortexa9_0'.
09:37:45 INFO  : 'configparams force-mem-access 0' command is executed.
09:37:45 INFO  : ----------------XSDB Script----------------
connect -url tcp:127.0.0.1:3121
source C:/COSMOS_KJH/CosmosPlus_Cluster/CosmosPlus_DFTL_Cluster_DTRIM_Cache/CDTRIM/Build/CDTRIM/system_hw_platform_0/ps7_init.tcl
targets -set -nocase -filter {name =~"APU*" && jtag_cable_name =~ "Digilent JTAG-SMT2 210251A543E7"} -index 0
rst -system
after 3000
targets -set -filter {jtag_cable_name =~ "Digilent JTAG-SMT2 210251A543E7" && level==0} -index 1
fpga -file C:/COSMOS_KJH/CosmosPlus_Cluster/CosmosPlus_DFTL_Cluster_DTRIM_Cache/CDTRIM/Build/CDTRIM/system_hw_platform_0/OpenSSD2.bit
targets -set -nocase -filter {name =~"APU*" && jtag_cable_name =~ "Digilent JTAG-SMT2 210251A543E7"} -index 0
loadhw -hw C:/COSMOS_KJH/CosmosPlus_Cluster/CosmosPlus_DFTL_Cluster_DTRIM_Cache/CDTRIM/Build/CDTRIM/system_hw_platform_0/system.hdf -mem-ranges [list {0x40000000 0xbfffffff}]
configparams force-mem-access 1
targets -set -nocase -filter {name =~"APU*" && jtag_cable_name =~ "Digilent JTAG-SMT2 210251A543E7"} -index 0
ps7_init
ps7_post_config
targets -set -nocase -filter {name =~ "ARM*#0" && jtag_cable_name =~ "Digilent JTAG-SMT2 210251A543E7"} -index 0
dow C:/COSMOS_KJH/CosmosPlus_Cluster/CosmosPlus_DFTL_Cluster_DTRIM_Cache/CDTRIM/Build/CDTRIM/CDTRIM_CACHE/Debug/CDTRIM_CACHE.elf
configparams force-mem-access 0
----------------End of Script----------------

09:37:45 INFO  : Memory regions updated for context APU
09:37:45 INFO  : Context for processor 'ps7_cortexa9_0' is selected.
09:37:45 INFO  : 'con' command is executed.
09:37:45 INFO  : ----------------XSDB Script (After Launch)----------------
targets -set -nocase -filter {name =~ "ARM*#0" && jtag_cable_name =~ "Digilent JTAG-SMT2 210251A543E7"} -index 0
con
----------------End of Script----------------

09:37:45 INFO  : Launch script is exported to file 'C:\COSMOS_KJH\CosmosPlus_Cluster\CosmosPlus_DFTL_Cluster_DTRIM_Cache\CDTRIM\Build\CDTRIM\.sdk\launch_scripts\xilinx_c-c++_application_(system_debugger)\system_debugger_using_debug_cdtrim_cache.elf_on_local.tcl'
10:00:34 INFO  : Disconnected from the channel tcfchan#5.
10:00:35 INFO  : Connected to target on host '127.0.0.1' and port '3121'.
10:00:35 INFO  : Jtag cable 'Digilent JTAG-SMT2 210251A543E7' is selected.
10:00:35 INFO  : 'jtag frequency' command is executed.
10:00:35 INFO  : Sourcing of 'C:/COSMOS_KJH/CosmosPlus_Cluster/CosmosPlus_DFTL_Cluster_DTRIM_Cache/CDTRIM/Build/CDTRIM/system_hw_platform_0/ps7_init.tcl' is done.
10:00:35 INFO  : Context for 'APU' is selected.
10:00:35 INFO  : System reset is completed.
10:00:38 INFO  : 'after 3000' command is executed.
10:00:38 INFO  : 'targets -set -filter {jtag_cable_name =~ "Digilent JTAG-SMT2 210251A543E7" && level==0} -index 1' command is executed.
10:00:46 INFO  : FPGA configured successfully with bitstream "C:/COSMOS_KJH/CosmosPlus_Cluster/CosmosPlus_DFTL_Cluster_DTRIM_Cache/CDTRIM/Build/CDTRIM/system_hw_platform_0/OpenSSD2.bit"
10:00:46 INFO  : Context for 'APU' is selected.
10:00:51 INFO  : Hardware design information is loaded from 'C:/COSMOS_KJH/CosmosPlus_Cluster/CosmosPlus_DFTL_Cluster_DTRIM_Cache/CDTRIM/Build/CDTRIM/system_hw_platform_0/system.hdf'.
10:00:51 INFO  : 'configparams force-mem-access 1' command is executed.
10:00:51 INFO  : Context for 'APU' is selected.
10:00:51 INFO  : 'ps7_init' command is executed.
10:00:51 INFO  : 'ps7_post_config' command is executed.
10:00:51 INFO  : Context for processor 'ps7_cortexa9_0' is selected.
10:00:52 INFO  : The application 'C:/COSMOS_KJH/CosmosPlus_Cluster/CosmosPlus_DFTL_Cluster_DTRIM_Cache/CDTRIM/Build/CDTRIM/CDTRIM_CACHE/Debug/CDTRIM_CACHE.elf' is downloaded to processor 'ps7_cortexa9_0'.
10:00:52 INFO  : 'configparams force-mem-access 0' command is executed.
10:00:52 INFO  : ----------------XSDB Script----------------
connect -url tcp:127.0.0.1:3121
source C:/COSMOS_KJH/CosmosPlus_Cluster/CosmosPlus_DFTL_Cluster_DTRIM_Cache/CDTRIM/Build/CDTRIM/system_hw_platform_0/ps7_init.tcl
targets -set -nocase -filter {name =~"APU*" && jtag_cable_name =~ "Digilent JTAG-SMT2 210251A543E7"} -index 0
rst -system
after 3000
targets -set -filter {jtag_cable_name =~ "Digilent JTAG-SMT2 210251A543E7" && level==0} -index 1
fpga -file C:/COSMOS_KJH/CosmosPlus_Cluster/CosmosPlus_DFTL_Cluster_DTRIM_Cache/CDTRIM/Build/CDTRIM/system_hw_platform_0/OpenSSD2.bit
targets -set -nocase -filter {name =~"APU*" && jtag_cable_name =~ "Digilent JTAG-SMT2 210251A543E7"} -index 0
loadhw -hw C:/COSMOS_KJH/CosmosPlus_Cluster/CosmosPlus_DFTL_Cluster_DTRIM_Cache/CDTRIM/Build/CDTRIM/system_hw_platform_0/system.hdf -mem-ranges [list {0x40000000 0xbfffffff}]
configparams force-mem-access 1
targets -set -nocase -filter {name =~"APU*" && jtag_cable_name =~ "Digilent JTAG-SMT2 210251A543E7"} -index 0
ps7_init
ps7_post_config
targets -set -nocase -filter {name =~ "ARM*#0" && jtag_cable_name =~ "Digilent JTAG-SMT2 210251A543E7"} -index 0
dow C:/COSMOS_KJH/CosmosPlus_Cluster/CosmosPlus_DFTL_Cluster_DTRIM_Cache/CDTRIM/Build/CDTRIM/CDTRIM_CACHE/Debug/CDTRIM_CACHE.elf
configparams force-mem-access 0
----------------End of Script----------------

10:00:52 INFO  : Memory regions updated for context APU
10:00:52 INFO  : Context for processor 'ps7_cortexa9_0' is selected.
10:00:52 INFO  : 'con' command is executed.
10:00:52 INFO  : ----------------XSDB Script (After Launch)----------------
targets -set -nocase -filter {name =~ "ARM*#0" && jtag_cable_name =~ "Digilent JTAG-SMT2 210251A543E7"} -index 0
con
----------------End of Script----------------

10:00:52 INFO  : Launch script is exported to file 'C:\COSMOS_KJH\CosmosPlus_Cluster\CosmosPlus_DFTL_Cluster_DTRIM_Cache\CDTRIM\Build\CDTRIM\.sdk\launch_scripts\xilinx_c-c++_application_(system_debugger)\system_debugger_using_debug_cdtrim_cache.elf_on_local.tcl'
10:37:14 INFO  : Disconnected from the channel tcfchan#6.
10:37:15 INFO  : Connected to target on host '127.0.0.1' and port '3121'.
10:37:16 INFO  : Jtag cable 'Digilent JTAG-SMT2 210251A543E7' is selected.
10:37:16 INFO  : 'jtag frequency' command is executed.
10:37:16 INFO  : Sourcing of 'C:/COSMOS_KJH/CosmosPlus_Cluster/CosmosPlus_DFTL_Cluster_DTRIM_Cache/CDTRIM/Build/CDTRIM/system_hw_platform_0/ps7_init.tcl' is done.
10:37:16 INFO  : Context for 'APU' is selected.
10:37:16 INFO  : System reset is completed.
10:37:19 INFO  : 'after 3000' command is executed.
10:37:19 INFO  : 'targets -set -filter {jtag_cable_name =~ "Digilent JTAG-SMT2 210251A543E7" && level==0} -index 1' command is executed.
10:37:26 INFO  : FPGA configured successfully with bitstream "C:/COSMOS_KJH/CosmosPlus_Cluster/CosmosPlus_DFTL_Cluster_DTRIM_Cache/CDTRIM/Build/CDTRIM/system_hw_platform_0/OpenSSD2.bit"
10:37:27 INFO  : Context for 'APU' is selected.
10:37:32 INFO  : Hardware design information is loaded from 'C:/COSMOS_KJH/CosmosPlus_Cluster/CosmosPlus_DFTL_Cluster_DTRIM_Cache/CDTRIM/Build/CDTRIM/system_hw_platform_0/system.hdf'.
10:37:32 INFO  : 'configparams force-mem-access 1' command is executed.
10:37:32 INFO  : Context for 'APU' is selected.
10:37:32 INFO  : 'ps7_init' command is executed.
10:37:32 INFO  : 'ps7_post_config' command is executed.
10:37:32 INFO  : Context for processor 'ps7_cortexa9_0' is selected.
10:37:32 INFO  : The application 'C:/COSMOS_KJH/CosmosPlus_Cluster/CosmosPlus_DFTL_Cluster_DTRIM_Cache/CDTRIM/Build/CDTRIM/CDTRIM_CACHE/Debug/CDTRIM_CACHE.elf' is downloaded to processor 'ps7_cortexa9_0'.
10:37:32 INFO  : 'configparams force-mem-access 0' command is executed.
10:37:32 INFO  : ----------------XSDB Script----------------
connect -url tcp:127.0.0.1:3121
source C:/COSMOS_KJH/CosmosPlus_Cluster/CosmosPlus_DFTL_Cluster_DTRIM_Cache/CDTRIM/Build/CDTRIM/system_hw_platform_0/ps7_init.tcl
targets -set -nocase -filter {name =~"APU*" && jtag_cable_name =~ "Digilent JTAG-SMT2 210251A543E7"} -index 0
rst -system
after 3000
targets -set -filter {jtag_cable_name =~ "Digilent JTAG-SMT2 210251A543E7" && level==0} -index 1
fpga -file C:/COSMOS_KJH/CosmosPlus_Cluster/CosmosPlus_DFTL_Cluster_DTRIM_Cache/CDTRIM/Build/CDTRIM/system_hw_platform_0/OpenSSD2.bit
targets -set -nocase -filter {name =~"APU*" && jtag_cable_name =~ "Digilent JTAG-SMT2 210251A543E7"} -index 0
loadhw -hw C:/COSMOS_KJH/CosmosPlus_Cluster/CosmosPlus_DFTL_Cluster_DTRIM_Cache/CDTRIM/Build/CDTRIM/system_hw_platform_0/system.hdf -mem-ranges [list {0x40000000 0xbfffffff}]
configparams force-mem-access 1
targets -set -nocase -filter {name =~"APU*" && jtag_cable_name =~ "Digilent JTAG-SMT2 210251A543E7"} -index 0
ps7_init
ps7_post_config
targets -set -nocase -filter {name =~ "ARM*#0" && jtag_cable_name =~ "Digilent JTAG-SMT2 210251A543E7"} -index 0
dow C:/COSMOS_KJH/CosmosPlus_Cluster/CosmosPlus_DFTL_Cluster_DTRIM_Cache/CDTRIM/Build/CDTRIM/CDTRIM_CACHE/Debug/CDTRIM_CACHE.elf
configparams force-mem-access 0
----------------End of Script----------------

10:37:33 INFO  : Memory regions updated for context APU
10:37:33 INFO  : Context for processor 'ps7_cortexa9_0' is selected.
10:37:33 INFO  : 'con' command is executed.
10:37:33 INFO  : ----------------XSDB Script (After Launch)----------------
targets -set -nocase -filter {name =~ "ARM*#0" && jtag_cable_name =~ "Digilent JTAG-SMT2 210251A543E7"} -index 0
con
----------------End of Script----------------

10:37:33 INFO  : Launch script is exported to file 'C:\COSMOS_KJH\CosmosPlus_Cluster\CosmosPlus_DFTL_Cluster_DTRIM_Cache\CDTRIM\Build\CDTRIM\.sdk\launch_scripts\xilinx_c-c++_application_(system_debugger)\system_debugger_using_debug_cdtrim_cache.elf_on_local.tcl'
18:05:30 INFO  : Disconnected from the channel tcfchan#7.
11:03:02 INFO  : Registering command handlers for SDK TCF services
11:03:03 INFO  : Launching XSCT server: xsct.bat -interactive C:\COSMOS_KJH\CosmosPlus_Cluster\CosmosPlus_DFTL_Cluster_DTRIM_Cache\CDTRIM\Build\CDTRIM\temp_xsdb_launch_script.tcl
11:03:07 INFO  : XSCT server has started successfully.
11:03:13 INFO  : Successfully done setting XSCT server connection channel  
11:03:13 INFO  : Successfully done setting SDK workspace  
11:04:49 INFO  : Connected to target on host '127.0.0.1' and port '3121'.
11:04:50 INFO  : Jtag cable 'Digilent JTAG-SMT2 210251A543E7' is selected.
11:04:50 INFO  : 'jtag frequency' command is executed.
11:04:50 INFO  : Sourcing of 'C:/COSMOS_KJH/CosmosPlus_Cluster/CosmosPlus_DFTL_Cluster_DTRIM_Cache/CDTRIM/Build/CDTRIM/system_hw_platform_0/ps7_init.tcl' is done.
11:04:50 INFO  : Context for 'APU' is selected.
11:04:50 INFO  : System reset is completed.
11:04:53 INFO  : 'after 3000' command is executed.
11:04:53 INFO  : 'targets -set -filter {jtag_cable_name =~ "Digilent JTAG-SMT2 210251A543E7" && level==0} -index 1' command is executed.
11:05:01 INFO  : FPGA configured successfully with bitstream "C:/COSMOS_KJH/CosmosPlus_Cluster/CosmosPlus_DFTL_Cluster_DTRIM_Cache/CDTRIM/Build/CDTRIM/system_hw_platform_0/OpenSSD2.bit"
11:05:01 INFO  : Context for 'APU' is selected.
11:05:01 INFO  : Hardware design information is loaded from 'C:/COSMOS_KJH/CosmosPlus_Cluster/CosmosPlus_DFTL_Cluster_DTRIM_Cache/CDTRIM/Build/CDTRIM/system_hw_platform_0/system.hdf'.
11:05:01 INFO  : 'configparams force-mem-access 1' command is executed.
11:05:01 INFO  : Context for 'APU' is selected.
11:05:01 INFO  : 'ps7_init' command is executed.
11:05:01 INFO  : 'ps7_post_config' command is executed.
11:05:01 INFO  : Context for processor 'ps7_cortexa9_0' is selected.
11:05:02 INFO  : The application 'C:/COSMOS_KJH/CosmosPlus_Cluster/CosmosPlus_DFTL_Cluster_DTRIM_Cache/CDTRIM/Build/CDTRIM/CDTRIM_CACHE/Debug/CDTRIM_CACHE.elf' is downloaded to processor 'ps7_cortexa9_0'.
11:05:02 INFO  : 'configparams force-mem-access 0' command is executed.
11:05:02 INFO  : ----------------XSDB Script----------------
connect -url tcp:127.0.0.1:3121
source C:/COSMOS_KJH/CosmosPlus_Cluster/CosmosPlus_DFTL_Cluster_DTRIM_Cache/CDTRIM/Build/CDTRIM/system_hw_platform_0/ps7_init.tcl
targets -set -nocase -filter {name =~"APU*" && jtag_cable_name =~ "Digilent JTAG-SMT2 210251A543E7"} -index 0
rst -system
after 3000
targets -set -filter {jtag_cable_name =~ "Digilent JTAG-SMT2 210251A543E7" && level==0} -index 1
fpga -file C:/COSMOS_KJH/CosmosPlus_Cluster/CosmosPlus_DFTL_Cluster_DTRIM_Cache/CDTRIM/Build/CDTRIM/system_hw_platform_0/OpenSSD2.bit
targets -set -nocase -filter {name =~"APU*" && jtag_cable_name =~ "Digilent JTAG-SMT2 210251A543E7"} -index 0
loadhw -hw C:/COSMOS_KJH/CosmosPlus_Cluster/CosmosPlus_DFTL_Cluster_DTRIM_Cache/CDTRIM/Build/CDTRIM/system_hw_platform_0/system.hdf -mem-ranges [list {0x40000000 0xbfffffff}]
configparams force-mem-access 1
targets -set -nocase -filter {name =~"APU*" && jtag_cable_name =~ "Digilent JTAG-SMT2 210251A543E7"} -index 0
ps7_init
ps7_post_config
targets -set -nocase -filter {name =~ "ARM*#0" && jtag_cable_name =~ "Digilent JTAG-SMT2 210251A543E7"} -index 0
dow C:/COSMOS_KJH/CosmosPlus_Cluster/CosmosPlus_DFTL_Cluster_DTRIM_Cache/CDTRIM/Build/CDTRIM/CDTRIM_CACHE/Debug/CDTRIM_CACHE.elf
configparams force-mem-access 0
----------------End of Script----------------

11:05:02 INFO  : Memory regions updated for context APU
11:05:02 INFO  : Context for processor 'ps7_cortexa9_0' is selected.
11:05:02 INFO  : 'con' command is executed.
11:05:02 INFO  : ----------------XSDB Script (After Launch)----------------
targets -set -nocase -filter {name =~ "ARM*#0" && jtag_cable_name =~ "Digilent JTAG-SMT2 210251A543E7"} -index 0
con
----------------End of Script----------------

11:05:02 INFO  : Launch script is exported to file 'C:\COSMOS_KJH\CosmosPlus_Cluster\CosmosPlus_DFTL_Cluster_DTRIM_Cache\CDTRIM\Build\CDTRIM\.sdk\launch_scripts\xilinx_c-c++_application_(system_debugger)\system_debugger_using_debug_cdtrim_cache.elf_on_local.tcl'
13:08:51 INFO  : Disconnected from the channel tcfchan#1.
13:08:52 INFO  : Connected to target on host '127.0.0.1' and port '3121'.
13:08:52 INFO  : Jtag cable 'Digilent JTAG-SMT2 210251A543E7' is selected.
13:08:52 INFO  : 'jtag frequency' command is executed.
13:08:52 INFO  : Sourcing of 'C:/COSMOS_KJH/CosmosPlus_Cluster/CosmosPlus_DFTL_Cluster_DTRIM_Cache/CDTRIM/Build/CDTRIM/system_hw_platform_0/ps7_init.tcl' is done.
13:08:52 INFO  : Context for 'APU' is selected.
13:08:52 INFO  : System reset is completed.
13:08:55 INFO  : 'after 3000' command is executed.
13:08:55 INFO  : 'targets -set -filter {jtag_cable_name =~ "Digilent JTAG-SMT2 210251A543E7" && level==0} -index 1' command is executed.
13:09:03 INFO  : FPGA configured successfully with bitstream "C:/COSMOS_KJH/CosmosPlus_Cluster/CosmosPlus_DFTL_Cluster_DTRIM_Cache/CDTRIM/Build/CDTRIM/system_hw_platform_0/OpenSSD2.bit"
13:09:03 INFO  : Context for 'APU' is selected.
13:09:08 INFO  : Hardware design information is loaded from 'C:/COSMOS_KJH/CosmosPlus_Cluster/CosmosPlus_DFTL_Cluster_DTRIM_Cache/CDTRIM/Build/CDTRIM/system_hw_platform_0/system.hdf'.
13:09:08 INFO  : 'configparams force-mem-access 1' command is executed.
13:09:08 INFO  : Context for 'APU' is selected.
13:09:08 INFO  : 'ps7_init' command is executed.
13:09:08 INFO  : 'ps7_post_config' command is executed.
13:09:08 INFO  : Context for processor 'ps7_cortexa9_0' is selected.
13:09:09 INFO  : The application 'C:/COSMOS_KJH/CosmosPlus_Cluster/CosmosPlus_DFTL_Cluster_DTRIM_Cache/CDTRIM/Build/CDTRIM/CDTRIM_CACHE/Debug/CDTRIM_CACHE.elf' is downloaded to processor 'ps7_cortexa9_0'.
13:09:09 INFO  : 'configparams force-mem-access 0' command is executed.
13:09:09 INFO  : ----------------XSDB Script----------------
connect -url tcp:127.0.0.1:3121
source C:/COSMOS_KJH/CosmosPlus_Cluster/CosmosPlus_DFTL_Cluster_DTRIM_Cache/CDTRIM/Build/CDTRIM/system_hw_platform_0/ps7_init.tcl
targets -set -nocase -filter {name =~"APU*" && jtag_cable_name =~ "Digilent JTAG-SMT2 210251A543E7"} -index 0
rst -system
after 3000
targets -set -filter {jtag_cable_name =~ "Digilent JTAG-SMT2 210251A543E7" && level==0} -index 1
fpga -file C:/COSMOS_KJH/CosmosPlus_Cluster/CosmosPlus_DFTL_Cluster_DTRIM_Cache/CDTRIM/Build/CDTRIM/system_hw_platform_0/OpenSSD2.bit
targets -set -nocase -filter {name =~"APU*" && jtag_cable_name =~ "Digilent JTAG-SMT2 210251A543E7"} -index 0
loadhw -hw C:/COSMOS_KJH/CosmosPlus_Cluster/CosmosPlus_DFTL_Cluster_DTRIM_Cache/CDTRIM/Build/CDTRIM/system_hw_platform_0/system.hdf -mem-ranges [list {0x40000000 0xbfffffff}]
configparams force-mem-access 1
targets -set -nocase -filter {name =~"APU*" && jtag_cable_name =~ "Digilent JTAG-SMT2 210251A543E7"} -index 0
ps7_init
ps7_post_config
targets -set -nocase -filter {name =~ "ARM*#0" && jtag_cable_name =~ "Digilent JTAG-SMT2 210251A543E7"} -index 0
dow C:/COSMOS_KJH/CosmosPlus_Cluster/CosmosPlus_DFTL_Cluster_DTRIM_Cache/CDTRIM/Build/CDTRIM/CDTRIM_CACHE/Debug/CDTRIM_CACHE.elf
configparams force-mem-access 0
----------------End of Script----------------

13:09:09 INFO  : Memory regions updated for context APU
13:09:09 INFO  : Context for processor 'ps7_cortexa9_0' is selected.
13:09:09 INFO  : 'con' command is executed.
13:09:09 INFO  : ----------------XSDB Script (After Launch)----------------
targets -set -nocase -filter {name =~ "ARM*#0" && jtag_cable_name =~ "Digilent JTAG-SMT2 210251A543E7"} -index 0
con
----------------End of Script----------------

13:09:09 INFO  : Launch script is exported to file 'C:\COSMOS_KJH\CosmosPlus_Cluster\CosmosPlus_DFTL_Cluster_DTRIM_Cache\CDTRIM\Build\CDTRIM\.sdk\launch_scripts\xilinx_c-c++_application_(system_debugger)\system_debugger_using_debug_cdtrim_cache.elf_on_local.tcl'
13:48:06 INFO  : Disconnected from the channel tcfchan#2.
13:48:07 INFO  : Connected to target on host '127.0.0.1' and port '3121'.
13:48:07 INFO  : Jtag cable 'Digilent JTAG-SMT2 210251A543E7' is selected.
13:48:07 INFO  : 'jtag frequency' command is executed.
13:48:07 INFO  : Sourcing of 'C:/COSMOS_KJH/CosmosPlus_Cluster/CosmosPlus_DFTL_Cluster_DTRIM_Cache/CDTRIM/Build/CDTRIM/system_hw_platform_0/ps7_init.tcl' is done.
13:48:07 INFO  : Context for 'APU' is selected.
13:48:08 INFO  : System reset is completed.
13:48:11 INFO  : 'after 3000' command is executed.
13:48:11 INFO  : 'targets -set -filter {jtag_cable_name =~ "Digilent JTAG-SMT2 210251A543E7" && level==0} -index 1' command is executed.
13:48:18 INFO  : FPGA configured successfully with bitstream "C:/COSMOS_KJH/CosmosPlus_Cluster/CosmosPlus_DFTL_Cluster_DTRIM_Cache/CDTRIM/Build/CDTRIM/system_hw_platform_0/OpenSSD2.bit"
13:48:18 INFO  : Context for 'APU' is selected.
13:48:24 INFO  : Hardware design information is loaded from 'C:/COSMOS_KJH/CosmosPlus_Cluster/CosmosPlus_DFTL_Cluster_DTRIM_Cache/CDTRIM/Build/CDTRIM/system_hw_platform_0/system.hdf'.
13:48:24 INFO  : 'configparams force-mem-access 1' command is executed.
13:48:24 INFO  : Context for 'APU' is selected.
13:48:24 INFO  : 'ps7_init' command is executed.
13:48:24 INFO  : 'ps7_post_config' command is executed.
13:48:24 INFO  : Context for processor 'ps7_cortexa9_0' is selected.
13:48:25 INFO  : The application 'C:/COSMOS_KJH/CosmosPlus_Cluster/CosmosPlus_DFTL_Cluster_DTRIM_Cache/CDTRIM/Build/CDTRIM/CDTRIM_CACHE/Debug/CDTRIM_CACHE.elf' is downloaded to processor 'ps7_cortexa9_0'.
13:48:25 INFO  : 'configparams force-mem-access 0' command is executed.
13:48:25 INFO  : ----------------XSDB Script----------------
connect -url tcp:127.0.0.1:3121
source C:/COSMOS_KJH/CosmosPlus_Cluster/CosmosPlus_DFTL_Cluster_DTRIM_Cache/CDTRIM/Build/CDTRIM/system_hw_platform_0/ps7_init.tcl
targets -set -nocase -filter {name =~"APU*" && jtag_cable_name =~ "Digilent JTAG-SMT2 210251A543E7"} -index 0
rst -system
after 3000
targets -set -filter {jtag_cable_name =~ "Digilent JTAG-SMT2 210251A543E7" && level==0} -index 1
fpga -file C:/COSMOS_KJH/CosmosPlus_Cluster/CosmosPlus_DFTL_Cluster_DTRIM_Cache/CDTRIM/Build/CDTRIM/system_hw_platform_0/OpenSSD2.bit
targets -set -nocase -filter {name =~"APU*" && jtag_cable_name =~ "Digilent JTAG-SMT2 210251A543E7"} -index 0
loadhw -hw C:/COSMOS_KJH/CosmosPlus_Cluster/CosmosPlus_DFTL_Cluster_DTRIM_Cache/CDTRIM/Build/CDTRIM/system_hw_platform_0/system.hdf -mem-ranges [list {0x40000000 0xbfffffff}]
configparams force-mem-access 1
targets -set -nocase -filter {name =~"APU*" && jtag_cable_name =~ "Digilent JTAG-SMT2 210251A543E7"} -index 0
ps7_init
ps7_post_config
targets -set -nocase -filter {name =~ "ARM*#0" && jtag_cable_name =~ "Digilent JTAG-SMT2 210251A543E7"} -index 0
dow C:/COSMOS_KJH/CosmosPlus_Cluster/CosmosPlus_DFTL_Cluster_DTRIM_Cache/CDTRIM/Build/CDTRIM/CDTRIM_CACHE/Debug/CDTRIM_CACHE.elf
configparams force-mem-access 0
----------------End of Script----------------

13:48:25 INFO  : Memory regions updated for context APU
13:48:25 INFO  : Context for processor 'ps7_cortexa9_0' is selected.
13:48:25 INFO  : 'con' command is executed.
13:48:25 INFO  : ----------------XSDB Script (After Launch)----------------
targets -set -nocase -filter {name =~ "ARM*#0" && jtag_cable_name =~ "Digilent JTAG-SMT2 210251A543E7"} -index 0
con
----------------End of Script----------------

13:48:25 INFO  : Launch script is exported to file 'C:\COSMOS_KJH\CosmosPlus_Cluster\CosmosPlus_DFTL_Cluster_DTRIM_Cache\CDTRIM\Build\CDTRIM\.sdk\launch_scripts\xilinx_c-c++_application_(system_debugger)\system_debugger_using_debug_cdtrim_cache.elf_on_local.tcl'
13:57:56 INFO  : Disconnected from the channel tcfchan#3.
13:57:57 INFO  : Connected to target on host '127.0.0.1' and port '3121'.
13:57:57 INFO  : Jtag cable 'Digilent JTAG-SMT2 210251A543E7' is selected.
13:57:57 INFO  : 'jtag frequency' command is executed.
13:57:57 INFO  : Sourcing of 'C:/COSMOS_KJH/CosmosPlus_Cluster/CosmosPlus_DFTL_Cluster_DTRIM_Cache/CDTRIM/Build/CDTRIM/system_hw_platform_0/ps7_init.tcl' is done.
13:57:57 INFO  : Context for 'APU' is selected.
13:57:58 INFO  : System reset is completed.
13:58:01 INFO  : 'after 3000' command is executed.
13:58:01 INFO  : 'targets -set -filter {jtag_cable_name =~ "Digilent JTAG-SMT2 210251A543E7" && level==0} -index 1' command is executed.
13:58:08 INFO  : FPGA configured successfully with bitstream "C:/COSMOS_KJH/CosmosPlus_Cluster/CosmosPlus_DFTL_Cluster_DTRIM_Cache/CDTRIM/Build/CDTRIM/system_hw_platform_0/OpenSSD2.bit"
13:58:08 INFO  : Context for 'APU' is selected.
13:58:13 INFO  : Hardware design information is loaded from 'C:/COSMOS_KJH/CosmosPlus_Cluster/CosmosPlus_DFTL_Cluster_DTRIM_Cache/CDTRIM/Build/CDTRIM/system_hw_platform_0/system.hdf'.
13:58:13 INFO  : 'configparams force-mem-access 1' command is executed.
13:58:13 INFO  : Context for 'APU' is selected.
13:58:14 INFO  : 'ps7_init' command is executed.
13:58:14 INFO  : 'ps7_post_config' command is executed.
13:58:14 INFO  : Context for processor 'ps7_cortexa9_0' is selected.
13:58:14 INFO  : The application 'C:/COSMOS_KJH/CosmosPlus_Cluster/CosmosPlus_DFTL_Cluster_DTRIM_Cache/CDTRIM/Build/CDTRIM/CDTRIM_CACHE/Debug/CDTRIM_CACHE.elf' is downloaded to processor 'ps7_cortexa9_0'.
13:58:14 INFO  : 'configparams force-mem-access 0' command is executed.
13:58:14 INFO  : ----------------XSDB Script----------------
connect -url tcp:127.0.0.1:3121
source C:/COSMOS_KJH/CosmosPlus_Cluster/CosmosPlus_DFTL_Cluster_DTRIM_Cache/CDTRIM/Build/CDTRIM/system_hw_platform_0/ps7_init.tcl
targets -set -nocase -filter {name =~"APU*" && jtag_cable_name =~ "Digilent JTAG-SMT2 210251A543E7"} -index 0
rst -system
after 3000
targets -set -filter {jtag_cable_name =~ "Digilent JTAG-SMT2 210251A543E7" && level==0} -index 1
fpga -file C:/COSMOS_KJH/CosmosPlus_Cluster/CosmosPlus_DFTL_Cluster_DTRIM_Cache/CDTRIM/Build/CDTRIM/system_hw_platform_0/OpenSSD2.bit
targets -set -nocase -filter {name =~"APU*" && jtag_cable_name =~ "Digilent JTAG-SMT2 210251A543E7"} -index 0
loadhw -hw C:/COSMOS_KJH/CosmosPlus_Cluster/CosmosPlus_DFTL_Cluster_DTRIM_Cache/CDTRIM/Build/CDTRIM/system_hw_platform_0/system.hdf -mem-ranges [list {0x40000000 0xbfffffff}]
configparams force-mem-access 1
targets -set -nocase -filter {name =~"APU*" && jtag_cable_name =~ "Digilent JTAG-SMT2 210251A543E7"} -index 0
ps7_init
ps7_post_config
targets -set -nocase -filter {name =~ "ARM*#0" && jtag_cable_name =~ "Digilent JTAG-SMT2 210251A543E7"} -index 0
dow C:/COSMOS_KJH/CosmosPlus_Cluster/CosmosPlus_DFTL_Cluster_DTRIM_Cache/CDTRIM/Build/CDTRIM/CDTRIM_CACHE/Debug/CDTRIM_CACHE.elf
configparams force-mem-access 0
----------------End of Script----------------

13:58:14 INFO  : Memory regions updated for context APU
13:58:14 INFO  : Context for processor 'ps7_cortexa9_0' is selected.
13:58:14 INFO  : 'con' command is executed.
13:58:14 INFO  : ----------------XSDB Script (After Launch)----------------
targets -set -nocase -filter {name =~ "ARM*#0" && jtag_cable_name =~ "Digilent JTAG-SMT2 210251A543E7"} -index 0
con
----------------End of Script----------------

13:58:14 INFO  : Launch script is exported to file 'C:\COSMOS_KJH\CosmosPlus_Cluster\CosmosPlus_DFTL_Cluster_DTRIM_Cache\CDTRIM\Build\CDTRIM\.sdk\launch_scripts\xilinx_c-c++_application_(system_debugger)\system_debugger_using_debug_cdtrim_cache.elf_on_local.tcl'
14:10:00 INFO  : Disconnected from the channel tcfchan#4.
14:10:01 INFO  : Connected to target on host '127.0.0.1' and port '3121'.
14:10:01 INFO  : Jtag cable 'Digilent JTAG-SMT2 210251A543E7' is selected.
14:10:01 INFO  : 'jtag frequency' command is executed.
14:10:01 INFO  : Sourcing of 'C:/COSMOS_KJH/CosmosPlus_Cluster/CosmosPlus_DFTL_Cluster_DTRIM_Cache/CDTRIM/Build/CDTRIM/system_hw_platform_0/ps7_init.tcl' is done.
14:10:01 INFO  : Context for 'APU' is selected.
14:10:02 INFO  : System reset is completed.
14:10:05 INFO  : 'after 3000' command is executed.
14:10:05 INFO  : 'targets -set -filter {jtag_cable_name =~ "Digilent JTAG-SMT2 210251A543E7" && level==0} -index 1' command is executed.
14:10:12 INFO  : FPGA configured successfully with bitstream "C:/COSMOS_KJH/CosmosPlus_Cluster/CosmosPlus_DFTL_Cluster_DTRIM_Cache/CDTRIM/Build/CDTRIM/system_hw_platform_0/OpenSSD2.bit"
14:10:12 INFO  : Context for 'APU' is selected.
14:10:17 INFO  : Hardware design information is loaded from 'C:/COSMOS_KJH/CosmosPlus_Cluster/CosmosPlus_DFTL_Cluster_DTRIM_Cache/CDTRIM/Build/CDTRIM/system_hw_platform_0/system.hdf'.
14:10:17 INFO  : 'configparams force-mem-access 1' command is executed.
14:10:17 INFO  : Context for 'APU' is selected.
14:10:18 INFO  : 'ps7_init' command is executed.
14:10:18 INFO  : 'ps7_post_config' command is executed.
14:10:18 INFO  : Context for processor 'ps7_cortexa9_0' is selected.
14:10:18 INFO  : The application 'C:/COSMOS_KJH/CosmosPlus_Cluster/CosmosPlus_DFTL_Cluster_DTRIM_Cache/CDTRIM/Build/CDTRIM/CDTRIM_CACHE/Debug/CDTRIM_CACHE.elf' is downloaded to processor 'ps7_cortexa9_0'.
14:10:18 INFO  : 'configparams force-mem-access 0' command is executed.
14:10:18 INFO  : ----------------XSDB Script----------------
connect -url tcp:127.0.0.1:3121
source C:/COSMOS_KJH/CosmosPlus_Cluster/CosmosPlus_DFTL_Cluster_DTRIM_Cache/CDTRIM/Build/CDTRIM/system_hw_platform_0/ps7_init.tcl
targets -set -nocase -filter {name =~"APU*" && jtag_cable_name =~ "Digilent JTAG-SMT2 210251A543E7"} -index 0
rst -system
after 3000
targets -set -filter {jtag_cable_name =~ "Digilent JTAG-SMT2 210251A543E7" && level==0} -index 1
fpga -file C:/COSMOS_KJH/CosmosPlus_Cluster/CosmosPlus_DFTL_Cluster_DTRIM_Cache/CDTRIM/Build/CDTRIM/system_hw_platform_0/OpenSSD2.bit
targets -set -nocase -filter {name =~"APU*" && jtag_cable_name =~ "Digilent JTAG-SMT2 210251A543E7"} -index 0
loadhw -hw C:/COSMOS_KJH/CosmosPlus_Cluster/CosmosPlus_DFTL_Cluster_DTRIM_Cache/CDTRIM/Build/CDTRIM/system_hw_platform_0/system.hdf -mem-ranges [list {0x40000000 0xbfffffff}]
configparams force-mem-access 1
targets -set -nocase -filter {name =~"APU*" && jtag_cable_name =~ "Digilent JTAG-SMT2 210251A543E7"} -index 0
ps7_init
ps7_post_config
targets -set -nocase -filter {name =~ "ARM*#0" && jtag_cable_name =~ "Digilent JTAG-SMT2 210251A543E7"} -index 0
dow C:/COSMOS_KJH/CosmosPlus_Cluster/CosmosPlus_DFTL_Cluster_DTRIM_Cache/CDTRIM/Build/CDTRIM/CDTRIM_CACHE/Debug/CDTRIM_CACHE.elf
configparams force-mem-access 0
----------------End of Script----------------

14:10:18 INFO  : Memory regions updated for context APU
14:10:18 INFO  : Context for processor 'ps7_cortexa9_0' is selected.
14:10:18 INFO  : 'con' command is executed.
14:10:18 INFO  : ----------------XSDB Script (After Launch)----------------
targets -set -nocase -filter {name =~ "ARM*#0" && jtag_cable_name =~ "Digilent JTAG-SMT2 210251A543E7"} -index 0
con
----------------End of Script----------------

14:10:18 INFO  : Launch script is exported to file 'C:\COSMOS_KJH\CosmosPlus_Cluster\CosmosPlus_DFTL_Cluster_DTRIM_Cache\CDTRIM\Build\CDTRIM\.sdk\launch_scripts\xilinx_c-c++_application_(system_debugger)\system_debugger_using_debug_cdtrim_cache.elf_on_local.tcl'
20:54:53 INFO  : Disconnected from the channel tcfchan#5.
